award_name,award_link,level_of_study,award_amount,deadline_month
AmericanMuscle's Student Scholarship Program,/Toolkit/Training/find-scholarships-detail.aspx?lang=en&pagesize=2191&curPage=1&studyLevelfilter=High School&scholarshipId=9998770,High School,"$2,000",June
Andrew Piech Memorial Scholarship,/Toolkit/Training/find-scholarships-detail.aspx?lang=en&pagesize=2191&curPage=1&studyLevelfilter=High School&scholarshipId=9999778,High School,"$2,200",June
Annabelle Moore Scholarship,/Toolkit/Training/find-scholarships-detail.aspx?lang=en&pagesize=2191&curPage=1&studyLevelfilter=High School&scholarshipId=9997932,High School,$500,June
Antony Cesar Memorial Scholarship,/Toolkit/Training/find-scholarships-detail.aspx?lang=en&pagesize=2191&curPage=1&studyLevelfilter=High School&scholarshipId=9997995,High School,"$1,500",June
Arkansas Single Parent Scholarship,/Toolkit/Training/find-scholarships-detail.aspx?lang=en&pagesize=2191&curPage=1&studyLevelfilter=High School&scholarshipId=9998663,High School,N/A,June
"Around the Corner from College $1,000 Scholarship",/Toolkit/Training/find-scholarships-detail.aspx?lang=en&pagesize=2191&curPage=1&studyLevelfilter=High School&scholarshipId=2015430,High School,"$1,000",June
Beta Pi Sigma Sorority Local Chapter Scholarships (BPSSS),/Toolkit/Training/find-scholarships-detail.aspx?lang=en&pagesize=2191&curPage=1&studyLevelfilter=High School&scholarshipId=9998123,High School,N/A,June
Bob and Linda Kohlhepp Scholarship Fund,/Toolkit/Training/find-scholarships-detail.aspx?lang=en&pagesize=2191&curPage=1&studyLevelfilter=High School&scholarshipId=9997533,High School,N/A,June
Borden Inc. Scholarship Fund,/Toolkit/Training/find-scholarships-detail.aspx?lang=en&pagesize=2191&curPage=1&studyLevelfilter=High School&scholarshipId=9997532,High School,N/A,June
Buck Bragunier Leadership Scholarship,/Toolkit/Training/find-scholarships-detail.aspx?lang=en&pagesize=2191&curPage=1&studyLevelfilter=High School&scholarshipId=9998661,High School,"$2,000",June
C.D. Howard Scholarship,/Toolkit/Training/find-scholarships-detail.aspx?lang=en&pagesize=2191&curPage=1&studyLevelfilter=High School&scholarshipId=9994390,High School,"$1,000",June
Charlie O'Meilia Scholarship,/Toolkit/Training/find-scholarships-detail.aspx?lang=en&pagesize=2191&curPage=1&studyLevelfilter=High School&scholarshipId=9994387,High School,"$1,000",June
Christopher Todd Grant Memorial Fund,/Toolkit/Training/find-scholarships-detail.aspx?lang=en&pagesize=2191&curPage=1&studyLevelfilter=High School&scholarshipId=9997527,High School,N/A,June
College JumpStart Gratitude Scholarship,/Toolkit/Training/find-scholarships-detail.aspx?lang=en&pagesize=2191&curPage=1&studyLevelfilter=High School&scholarshipId=2015577,High School,"$1,000",June
Commander Newell S. Rand Jr. Scholarship Program,/Toolkit/Training/find-scholarships-detail.aspx?lang=en&pagesize=2191&curPage=1&studyLevelfilter=High School&scholarshipId=9991859,High School,"$1,000",June
Crosley Law Firm Distracted Driving Scholarship,/Toolkit/Training/find-scholarships-detail.aspx?lang=en&pagesize=2191&curPage=1&studyLevelfilter=High School&scholarshipId=9996382,High School,"$1,000",June
Curt Greene Memorial Scholarships,/Toolkit/Training/find-scholarships-detail.aspx?lang=en&pagesize=2191&curPage=1&studyLevelfilter=High School&scholarshipId=9995079,High School,"$2,500",June
Daniel Lasky Scholarship Fund,/Toolkit/Training/find-scholarships-detail.aspx?lang=en&pagesize=2191&curPage=1&studyLevelfilter=High School&scholarshipId=9992815,High School,N/A,June
Dater Foundation Scholarship,/Toolkit/Training/find-scholarships-detail.aspx?lang=en&pagesize=2191&curPage=1&studyLevelfilter=High School&scholarshipId=9997520,High School,"$2,500",June
David R. Woodling Memorial Scholarship,/Toolkit/Training/find-scholarships-detail.aspx?lang=en&pagesize=2191&curPage=1&studyLevelfilter=High School&scholarshipId=9999770,High School,N/A,June
Delete Cyberbullying Mental Health Awareness Scholarship,/Toolkit/Training/find-scholarships-detail.aspx?lang=en&pagesize=2191&curPage=1&studyLevelfilter=High School&scholarshipId=2015579,High School,"$1,000",June
Democrats for Life of America Scholarship Essay,/Toolkit/Training/find-scholarships-detail.aspx?lang=en&pagesize=2191&curPage=1&studyLevelfilter=High School&scholarshipId=9996289,High School,$500,June
Digital Privacy Scholarship,/Toolkit/Training/find-scholarships-detail.aspx?lang=en&pagesize=2191&curPage=1&studyLevelfilter=High School&scholarshipId=2014026,High School,$500,June
Dixie Belle Paint Co. Scholarship,/Toolkit/Training/find-scholarships-detail.aspx?lang=en&pagesize=2191&curPage=1&studyLevelfilter=High School&scholarshipId=2015384,High School,"$1,250",June
Do-Over Scholarship,/Toolkit/Training/find-scholarships-detail.aspx?lang=en&pagesize=2191&curPage=1&studyLevelfilter=High School&scholarshipId=9989818,High School,"$1,500",June
Doctors Network Heroes Scholarships,/Toolkit/Training/find-scholarships-detail.aspx?lang=en&pagesize=2191&curPage=1&studyLevelfilter=High School&scholarshipId=2015365,High School,"$1,000",June
Downeast Feline Fund,/Toolkit/Training/find-scholarships-detail.aspx?lang=en&pagesize=2191&curPage=1&studyLevelfilter=High School&scholarshipId=9993659,High School,N/A,June
Dr. and Mrs. David B. Allman Medical Scholarship,/Toolkit/Training/find-scholarships-detail.aspx?lang=en&pagesize=2191&curPage=1&studyLevelfilter=High School&scholarshipId=9993244,High School,N/A,June
Dr. Gunnar B. Stickler Scholarship,/Toolkit/Training/find-scholarships-detail.aspx?lang=en&pagesize=2191&curPage=1&studyLevelfilter=High School&scholarshipId=9990056,High School,$500,June
Dwight Hibbard Scholarship Fund,/Toolkit/Training/find-scholarships-detail.aspx?lang=en&pagesize=2191&curPage=1&studyLevelfilter=High School&scholarshipId=9997517,High School,N/A,June
Emerald Creek Capital Scholarship,/Toolkit/Training/find-scholarships-detail.aspx?lang=en&pagesize=2191&curPage=1&studyLevelfilter=High School&scholarshipId=9995987,High School,"$10,000",June
Estate Planning Attorney Douglas Kuthy Scholarship For Students,/Toolkit/Training/find-scholarships-detail.aspx?lang=en&pagesize=2191&curPage=1&studyLevelfilter=High School&scholarshipId=2015517,High School,$500,June
Foundation for the Restoration of America,/Toolkit/Training/find-scholarships-detail.aspx?lang=en&pagesize=2191&curPage=1&studyLevelfilter=High School&scholarshipId=2015428,High School,"$2,000",June
GCEA Gutenberg Award - Web Publishing Contest,/Toolkit/Training/find-scholarships-detail.aspx?lang=en&pagesize=2191&curPage=1&studyLevelfilter=High School&scholarshipId=9995305,High School,N/A,June
George C. Balch Scholarship,/Toolkit/Training/find-scholarships-detail.aspx?lang=en&pagesize=2191&curPage=1&studyLevelfilter=High School&scholarshipId=9989730,High School,"$1,000",June
Good Lawyers/Good People Scholarship,/Toolkit/Training/find-scholarships-detail.aspx?lang=en&pagesize=2191&curPage=1&studyLevelfilter=High School&scholarshipId=2015431,High School,"$1,000",June
Good Neighbor Scholarship,/Toolkit/Training/find-scholarships-detail.aspx?lang=en&pagesize=2191&curPage=1&studyLevelfilter=High School&scholarshipId=2015432,High School,"$5,000",June
Harley and Geneva Anderson Memorial Scholarship,/Toolkit/Training/find-scholarships-detail.aspx?lang=en&pagesize=2191&curPage=1&studyLevelfilter=High School&scholarshipId=9995212,High School,N/A,June
Harriet Irsay Scholarship,/Toolkit/Training/find-scholarships-detail.aspx?lang=en&pagesize=2191&curPage=1&studyLevelfilter=High School&scholarshipId=9999268,High School,"$1,000",June
HCRTA/Glen O. & Wyllabeth Scholarship Fund,/Toolkit/Training/find-scholarships-detail.aspx?lang=en&pagesize=2191&curPage=1&studyLevelfilter=High School&scholarshipId=9997505,High School,N/A,June
HLTA Member Scholarship,/Toolkit/Training/find-scholarships-detail.aspx?lang=en&pagesize=2191&curPage=1&studyLevelfilter=High School&scholarshipId=9994734,High School,"$5,000",June
ICC General Scholarship Fund,/Toolkit/Training/find-scholarships-detail.aspx?lang=en&pagesize=2191&curPage=1&studyLevelfilter=High School&scholarshipId=9994389,High School,"$2,500",June
"J.W. ""Bill"" Neese Scholarship",/Toolkit/Training/find-scholarships-detail.aspx?lang=en&pagesize=2191&curPage=1&studyLevelfilter=High School&scholarshipId=9994388,High School,"$1,000",June
Jean Bartel Scholarship for Military Awareness,/Toolkit/Training/find-scholarships-detail.aspx?lang=en&pagesize=2191&curPage=1&studyLevelfilter=High School&scholarshipId=9993243,High School,"$3,000",June
Jimmy Guild Memorial Scholarship,/Toolkit/Training/find-scholarships-detail.aspx?lang=en&pagesize=2191&curPage=1&studyLevelfilter=High School&scholarshipId=9993779,High School,N/A,June
John G. Williams Scholarship Foundation,/Toolkit/Training/find-scholarships-detail.aspx?lang=en&pagesize=2191&curPage=1&studyLevelfilter=High School&scholarshipId=9994081,High School,N/A,June
Johnny Bench Scholarship Fund,/Toolkit/Training/find-scholarships-detail.aspx?lang=en&pagesize=2191&curPage=1&studyLevelfilter=High School&scholarshipId=9997501,High School,N/A,June
Juilfs Foundation Scholarship,/Toolkit/Training/find-scholarships-detail.aspx?lang=en&pagesize=2191&curPage=1&studyLevelfilter=High School&scholarshipId=9997498,High School,N/A,June
KASF General Scholarships,/Toolkit/Training/find-scholarships-detail.aspx?lang=en&pagesize=2191&curPage=1&studyLevelfilter=High School&scholarshipId=9993897,High School,$500,June
KASF Scholarships,/Toolkit/Training/find-scholarships-detail.aspx?lang=en&pagesize=2191&curPage=1&studyLevelfilter=High School&scholarshipId=9993896,High School,$500,June
Kevin Child Scholarship,/Toolkit/Training/find-scholarships-detail.aspx?lang=en&pagesize=2191&curPage=1&studyLevelfilter=High School&scholarshipId=9993027,High School,"$1,000",June
Key to a Bright Future Scholarship,/Toolkit/Training/find-scholarships-detail.aspx?lang=en&pagesize=2191&curPage=1&studyLevelfilter=High School&scholarshipId=9993829,High School,$500,June
Leslie Brown Memorial Grant,/Toolkit/Training/find-scholarships-detail.aspx?lang=en&pagesize=2191&curPage=1&studyLevelfilter=High School&scholarshipId=9991114,High School,"$1,400",June
Lowe Simpson Scholarship Fund,/Toolkit/Training/find-scholarships-detail.aspx?lang=en&pagesize=2191&curPage=1&studyLevelfilter=High School&scholarshipId=9997495,High School,N/A,June
Martha W. Tanner Memorial Fund,/Toolkit/Training/find-scholarships-detail.aspx?lang=en&pagesize=2191&curPage=1&studyLevelfilter=High School&scholarshipId=9997492,High School,N/A,June
MAT Scholarship,/Toolkit/Training/find-scholarships-detail.aspx?lang=en&pagesize=2191&curPage=1&studyLevelfilter=High School&scholarshipId=9993250,High School,"$1,000",June
McCall Educational Fund,/Toolkit/Training/find-scholarships-detail.aspx?lang=en&pagesize=2191&curPage=1&studyLevelfilter=High School&scholarshipId=9997489,High School,N/A,June
MDI Biological Laboratory High School Student Summer Fellowship,/Toolkit/Training/find-scholarships-detail.aspx?lang=en&pagesize=2191&curPage=1&studyLevelfilter=High School&scholarshipId=9993210,High School,N/A,June
Menominee Tribal Scholarships,/Toolkit/Training/find-scholarships-detail.aspx?lang=en&pagesize=2191&curPage=1&studyLevelfilter=High School&scholarshipId=9993342,High School,"$1,000",June
Milton and Edith Brown Memorial Scholarship Fund,/Toolkit/Training/find-scholarships-detail.aspx?lang=en&pagesize=2191&curPage=1&studyLevelfilter=High School&scholarshipId=9997485,High School,N/A,June
Momeni Foundation Scholastic Achievement Scholarships,/Toolkit/Training/find-scholarships-detail.aspx?lang=en&pagesize=2191&curPage=1&studyLevelfilter=High School&scholarshipId=9993232,High School,"$1,000",June
MSAA Scholarship Program,/Toolkit/Training/find-scholarships-detail.aspx?lang=en&pagesize=2191&curPage=1&studyLevelfilter=High School&scholarshipId=9993247,High School,$500,June
NACA Graduate Scholarships,/Toolkit/Training/find-scholarships-detail.aspx?lang=en&pagesize=2191&curPage=1&studyLevelfilter=High School&scholarshipId=9993114,High School,N/A,June
Nethercott Family Scholarship Fund,/Toolkit/Training/find-scholarships-detail.aspx?lang=en&pagesize=2191&curPage=1&studyLevelfilter=High School&scholarshipId=9997483,High School,N/A,June
NEXT for AUTISM FELLOWS,/Toolkit/Training/find-scholarships-detail.aspx?lang=en&pagesize=2191&curPage=1&studyLevelfilter=High School&scholarshipId=2015355,High School,"$10,000",June
NEXT for AUTISM Fellows Scholarship,/Toolkit/Training/find-scholarships-detail.aspx?lang=en&pagesize=2191&curPage=1&studyLevelfilter=High School&scholarshipId=9992484,High School,"$10,000",June
North Dakota Community Foundation Veterinary Scholarship,/Toolkit/Training/find-scholarships-detail.aspx?lang=en&pagesize=2191&curPage=1&studyLevelfilter=High School&scholarshipId=9992259,High School,N/A,June
North Dakota Veterinary Medical Association Scholarships,/Toolkit/Training/find-scholarships-detail.aspx?lang=en&pagesize=2191&curPage=1&studyLevelfilter=High School&scholarshipId=9992258,High School,N/A,June
Ohio National Foundation Scholarship,/Toolkit/Training/find-scholarships-detail.aspx?lang=en&pagesize=2191&curPage=1&studyLevelfilter=High School&scholarshipId=9997482,High School,N/A,June
Patriot Education Scholarship Fund,/Toolkit/Training/find-scholarships-detail.aspx?lang=en&pagesize=2191&curPage=1&studyLevelfilter=High School&scholarshipId=9993647,High School,N/A,June
Pichler Family Scholarship Fund,/Toolkit/Training/find-scholarships-detail.aspx?lang=en&pagesize=2191&curPage=1&studyLevelfilter=High School&scholarshipId=9997480,High School,N/A,June
Priscilla Gamble Scholarship Fund,/Toolkit/Training/find-scholarships-detail.aspx?lang=en&pagesize=2191&curPage=1&studyLevelfilter=High School&scholarshipId=9997478,High School,N/A,June
Raymond and Augusta Klink Scholarship Fund,/Toolkit/Training/find-scholarships-detail.aspx?lang=en&pagesize=2191&curPage=1&studyLevelfilter=High School&scholarshipId=9997476,High School,N/A,June
Save The Everglades Scholarship,/Toolkit/Training/find-scholarships-detail.aspx?lang=en&pagesize=2191&curPage=1&studyLevelfilter=High School&scholarshipId=9995713,High School,$500,June
Shoreline and Lake Forest Park Scholarship,/Toolkit/Training/find-scholarships-detail.aspx?lang=en&pagesize=2191&curPage=1&studyLevelfilter=High School&scholarshipId=9990717,High School,N/A,June
Student Essay Contest,/Toolkit/Training/find-scholarships-detail.aspx?lang=en&pagesize=2191&curPage=1&studyLevelfilter=High School&scholarshipId=9998769,High School,$500,June
Sussman-Miller Educational Assistance Award Program,/Toolkit/Training/find-scholarships-detail.aspx?lang=en&pagesize=2191&curPage=1&studyLevelfilter=High School&scholarshipId=9999774,High School,$500,June
Tacy Anna Smith Memorial Scholarship Endowment Fund,/Toolkit/Training/find-scholarships-detail.aspx?lang=en&pagesize=2191&curPage=1&studyLevelfilter=High School&scholarshipId=9995641,High School,N/A,June
TechChecks Business Leadership Scholarships,/Toolkit/Training/find-scholarships-detail.aspx?lang=en&pagesize=2191&curPage=1&studyLevelfilter=High School&scholarshipId=9990000,High School,$400,June
Terry Bryant College Scholarship,/Toolkit/Training/find-scholarships-detail.aspx?lang=en&pagesize=2191&curPage=1&studyLevelfilter=High School&scholarshipId=9989982,High School,"$2,500",June
"The $1,500 Annual Students Presentation Crafting Scholarship",/Toolkit/Training/find-scholarships-detail.aspx?lang=en&pagesize=2191&curPage=1&studyLevelfilter=High School&scholarshipId=2015422,High School,"$1,500",June
"The $1,500 Annual Video Contest Scholarship for Students",/Toolkit/Training/find-scholarships-detail.aspx?lang=en&pagesize=2191&curPage=1&studyLevelfilter=High School&scholarshipId=9994245,High School,$500,June
The Dr. Robert H. Goddard Memorial Scholarship,/Toolkit/Training/find-scholarships-detail.aspx?lang=en&pagesize=2191&curPage=1&studyLevelfilter=High School&scholarshipId=9992711,High School,"$10,000",June
The FLEOA Foundation Scholastic Awards Program,/Toolkit/Training/find-scholarships-detail.aspx?lang=en&pagesize=2191&curPage=1&studyLevelfilter=High School&scholarshipId=9995831,High School,$500,June
The Jack and Jill of America Foundation’s National Scholarship,/Toolkit/Training/find-scholarships-detail.aspx?lang=en&pagesize=2191&curPage=1&studyLevelfilter=High School&scholarshipId=9994241,High School,"$1,500",June
The Scholarship Foundation of Wakefield Scholarships,/Toolkit/Training/find-scholarships-detail.aspx?lang=en&pagesize=2191&curPage=1&studyLevelfilter=High School&scholarshipId=9990785,High School,N/A,June
TREA National Scholarship,/Toolkit/Training/find-scholarships-detail.aspx?lang=en&pagesize=2191&curPage=1&studyLevelfilter=High School&scholarshipId=9991007,High School,N/A,June
Unlimited Lights Scholarship,/Toolkit/Training/find-scholarships-detail.aspx?lang=en&pagesize=2191&curPage=1&studyLevelfilter=High School&scholarshipId=2015413,High School,"$1,000",June
Watson-Brown Scholarship,/Toolkit/Training/find-scholarships-detail.aspx?lang=en&pagesize=2191&curPage=1&studyLevelfilter=High School&scholarshipId=9989201,High School,N/A,June
Worcester County Conservation District Annual Scholarships Program,/Toolkit/Training/find-scholarships-detail.aspx?lang=en&pagesize=2191&curPage=1&studyLevelfilter=High School&scholarshipId=9989030,High School,"$1,000",June
Wynne Family Memorial Fund,/Toolkit/Training/find-scholarships-detail.aspx?lang=en&pagesize=2191&curPage=1&studyLevelfilter=High School&scholarshipId=9997460,High School,N/A,June
Youth in Foster Care Scholarship,/Toolkit/Training/find-scholarships-detail.aspx?lang=en&pagesize=2191&curPage=1&studyLevelfilter=High School&scholarshipId=9999769,High School,N/A,June
Zicklin Contracting Restoration Awareness Scholarship,/Toolkit/Training/find-scholarships-detail.aspx?lang=en&pagesize=2191&curPage=1&studyLevelfilter=High School&scholarshipId=2015455,High School,"$1,000",June
"""A Better World"" Spirituality and Technology Advancement Scholarship",/Toolkit/Training/find-scholarships-detail.aspx?lang=en&pagesize=2191&curPage=1&studyLevelfilter=High School&scholarshipId=9997551,High School,"$1,000",July
Ahead Together,/Toolkit/Training/find-scholarships-detail.aspx?lang=en&pagesize=2191&curPage=1&studyLevelfilter=High School&scholarshipId=2015420,High School,"$2,000",July
Alaska Airlines Pilot Scholarship,/Toolkit/Training/find-scholarships-detail.aspx?lang=en&pagesize=2191&curPage=1&studyLevelfilter=High School&scholarshipId=9991914,High School,"$2,500",July
Anders Scholarship,/Toolkit/Training/find-scholarships-detail.aspx?lang=en&pagesize=2191&curPage=1&studyLevelfilter=High School&scholarshipId=9998756,High School,"$1,000",July
Atlas Shrugged Essay Contest,/Toolkit/Training/find-scholarships-detail.aspx?lang=en&pagesize=2191&curPage=1&studyLevelfilter=High School&scholarshipId=9998226,High School,"$25,000",July
Ayn Rand Institute Anthem Essay Contest,/Toolkit/Training/find-scholarships-detail.aspx?lang=en&pagesize=2191&curPage=1&studyLevelfilter=High School&scholarshipId=9998185,High School,"$2,000",July
Ayn Rand Institute Fountainhead Essay Contest,/Toolkit/Training/find-scholarships-detail.aspx?lang=en&pagesize=2191&curPage=1&studyLevelfilter=High School&scholarshipId=9998184,High School,"$25,000",July
BBPA Specialty Scholarships - LGBTQ Scholarship,/Toolkit/Training/find-scholarships-detail.aspx?lang=en&pagesize=2191&curPage=1&studyLevelfilter=High School&scholarshipId=9998046,High School,N/A,July
BBPA Specialty Scholarships - Skilled Trades Scholarship,/Toolkit/Training/find-scholarships-detail.aspx?lang=en&pagesize=2191&curPage=1&studyLevelfilter=High School&scholarshipId=9998045,High School,N/A,July
CardRates.com Financial Futures Scholarship,/Toolkit/Training/find-scholarships-detail.aspx?lang=en&pagesize=2191&curPage=1&studyLevelfilter=High School&scholarshipId=9997632,High School,"$1,000",July
Constitutional Studies Scholarship Program,/Toolkit/Training/find-scholarships-detail.aspx?lang=en&pagesize=2191&curPage=1&studyLevelfilter=High School&scholarshipId=2015536,High School,$2,July
Courage to Grow Scholarships,/Toolkit/Training/find-scholarships-detail.aspx?lang=en&pagesize=2191&curPage=1&studyLevelfilter=High School&scholarshipId=9996402,High School,$500,July
Ethel Hayes Destigmatization of Mental Health Scholarship,/Toolkit/Training/find-scholarships-detail.aspx?lang=en&pagesize=2191&curPage=1&studyLevelfilter=High School&scholarshipId=9997991,High School,"$6,100",July
Exercise For Life Athletic Scholarship,/Toolkit/Training/find-scholarships-detail.aspx?lang=en&pagesize=2191&curPage=1&studyLevelfilter=High School&scholarshipId=9997984,High School,"$10,000",July
Fetal Alcohol Spectrum Disorder (FASD) Scholarship,/Toolkit/Training/find-scholarships-detail.aspx?lang=en&pagesize=2191&curPage=1&studyLevelfilter=High School&scholarshipId=2015429,High School,"$2,500",July
Flavor of the Month Scholarship,/Toolkit/Training/find-scholarships-detail.aspx?lang=en&pagesize=2191&curPage=1&studyLevelfilter=High School&scholarshipId=9989815,High School,"$1,500",July
Gen and Kelly Tanabe Think about Your Future Scholarship,/Toolkit/Training/find-scholarships-detail.aspx?lang=en&pagesize=2191&curPage=1&studyLevelfilter=High School&scholarshipId=2015581,High School,"$1,000",July
"Get A Boost $2,000 Scholarship",/Toolkit/Training/find-scholarships-detail.aspx?lang=en&pagesize=2191&curPage=1&studyLevelfilter=High School&scholarshipId=9998019,High School,"$2,000",July
H.R. Brooks Scholarship,/Toolkit/Training/find-scholarships-detail.aspx?lang=en&pagesize=2191&curPage=1&studyLevelfilter=High School&scholarshipId=9997990,High School,"$1,400",July
Harold E. Ennes Scholarship,/Toolkit/Training/find-scholarships-detail.aspx?lang=en&pagesize=2191&curPage=1&studyLevelfilter=High School&scholarshipId=9990563,High School,"$1,000",July
HireAHelper Skilled Trade & Technology Scholarships,/Toolkit/Training/find-scholarships-detail.aspx?lang=en&pagesize=2191&curPage=1&studyLevelfilter=High School&scholarshipId=2015109,High School,"$2,000",July
Jet Business Scholarship,/Toolkit/Training/find-scholarships-detail.aspx?lang=en&pagesize=2191&curPage=1&studyLevelfilter=High School&scholarshipId=9994137,High School,$750,July
KCC Foundation Scholarship,/Toolkit/Training/find-scholarships-detail.aspx?lang=en&pagesize=2191&curPage=1&studyLevelfilter=High School&scholarshipId=9993937,High School,N/A,July
National High School Oratorical Contest Scholarship,/Toolkit/Training/find-scholarships-detail.aspx?lang=en&pagesize=2191&curPage=1&studyLevelfilter=High School&scholarshipId=9999251,High School,"$20,000",July
"Norman J. Tschantz, Walter C. Deuble and Dominic J. Bagnoli, Jr.",/Toolkit/Training/find-scholarships-detail.aspx?lang=en&pagesize=2191&curPage=1&studyLevelfilter=High School&scholarshipId=9990103,High School,$500,July
PALCUS National Scholarship Program,/Toolkit/Training/find-scholarships-detail.aspx?lang=en&pagesize=2191&curPage=1&studyLevelfilter=High School&scholarshipId=9991312,High School,"$1,000",July
Petro-Canada Award for Indigenous Students,/Toolkit/Training/find-scholarships-detail.aspx?lang=en&pagesize=2191&curPage=1&studyLevelfilter=High School&scholarshipId=9994504,High School,N/A,July
Rainbow Futures Scholarship,/Toolkit/Training/find-scholarships-detail.aspx?lang=en&pagesize=2191&curPage=1&studyLevelfilter=High School&scholarshipId=9997988,High School,"$1,500",July
Randy Henry Memorial Scholarship,/Toolkit/Training/find-scholarships-detail.aspx?lang=en&pagesize=2191&curPage=1&studyLevelfilter=High School&scholarshipId=9991231,High School,$500,July
Reuben R. Cowles Youth Educational Award,/Toolkit/Training/find-scholarships-detail.aspx?lang=en&pagesize=2191&curPage=1&studyLevelfilter=High School&scholarshipId=9999259,High School,N/A,July
Robert D. Greenberg Scholarship,/Toolkit/Training/find-scholarships-detail.aspx?lang=en&pagesize=2191&curPage=1&studyLevelfilter=High School&scholarshipId=9990562,High School,"$1,000",July
SBE/Ennes Youth Scholarships,/Toolkit/Training/find-scholarships-detail.aspx?lang=en&pagesize=2191&curPage=1&studyLevelfilter=High School&scholarshipId=9990561,High School,"$1,500",July
SPIE Student Author Conference Support,/Toolkit/Training/find-scholarships-detail.aspx?lang=en&pagesize=2191&curPage=1&studyLevelfilter=High School&scholarshipId=9990158,High School,N/A,July
The Dependent Scholarship,/Toolkit/Training/find-scholarships-detail.aspx?lang=en&pagesize=2191&curPage=1&studyLevelfilter=High School&scholarshipId=2015521,High School,"$1,000",July
The Jeffcoat Firm Annual Scholarship Essay & Video Competition,/Toolkit/Training/find-scholarships-detail.aspx?lang=en&pagesize=2191&curPage=1&studyLevelfilter=High School&scholarshipId=9994141,High School,"$1,500",July
The Pro-Care Medical Track Scholarship,/Toolkit/Training/find-scholarships-detail.aspx?lang=en&pagesize=2191&curPage=1&studyLevelfilter=High School&scholarshipId=2015273,High School,$500,July
The Solano Law Firm Build a Better Future Scholarship,/Toolkit/Training/find-scholarships-detail.aspx?lang=en&pagesize=2191&curPage=1&studyLevelfilter=High School&scholarshipId=9990227,High School,"$1,000",July
The Urban Scholarship Fund,/Toolkit/Training/find-scholarships-detail.aspx?lang=en&pagesize=2191&curPage=1&studyLevelfilter=High School&scholarshipId=9989976,High School,$700,July
Utah Chiefs of Police Scholarship Program,/Toolkit/Training/find-scholarships-detail.aspx?lang=en&pagesize=2191&curPage=1&studyLevelfilter=High School&scholarshipId=9989425,High School,$500,July
Ahmad R Crews Law Office Scholarship,/Toolkit/Training/find-scholarships-detail.aspx?lang=en&pagesize=2191&curPage=1&studyLevelfilter=High School&scholarshipId=2015590,High School,"$1,000",August
Claes Nobel Good Earth Sustainability Scholarship,/Toolkit/Training/find-scholarships-detail.aspx?lang=en&pagesize=2191&curPage=1&studyLevelfilter=High School&scholarshipId=9992765,High School,"$2,000",August
CPYC/CNOA Youth Leadership Scholarship,/Toolkit/Training/find-scholarships-detail.aspx?lang=en&pagesize=2191&curPage=1&studyLevelfilter=High School&scholarshipId=9997880,High School,$500,August
CPYC/CNOA Youth Leadership Scholarship,/Toolkit/Training/find-scholarships-detail.aspx?lang=en&pagesize=2191&curPage=1&studyLevelfilter=High School&scholarshipId=9997881,High School,$500,August
Daedalian Foundation Matching Scholarships,/Toolkit/Training/find-scholarships-detail.aspx?lang=en&pagesize=2191&curPage=1&studyLevelfilter=High School&scholarshipId=9996359,High School,N/A,August
Dave J. Santos Scholarships,/Toolkit/Training/find-scholarships-detail.aspx?lang=en&pagesize=2191&curPage=1&studyLevelfilter=High School&scholarshipId=9995105,High School,"$1,000",August
Deanna Lynn Potts Scholarship,/Toolkit/Training/find-scholarships-detail.aspx?lang=en&pagesize=2191&curPage=1&studyLevelfilter=High School&scholarshipId=9996361,High School,"$1,000",August
Drummond Law Firm Scholarship,/Toolkit/Training/find-scholarships-detail.aspx?lang=en&pagesize=2191&curPage=1&studyLevelfilter=High School&scholarshipId=9996187,High School,"$1,000",August
Elite Entrepreneurs Scholarship Contest,/Toolkit/Training/find-scholarships-detail.aspx?lang=en&pagesize=2191&curPage=1&studyLevelfilter=High School&scholarshipId=9995993,High School,"$1,000",August
EssayPro Scholarship Contest,/Toolkit/Training/find-scholarships-detail.aspx?lang=en&pagesize=2191&curPage=1&studyLevelfilter=High School&scholarshipId=9996269,High School,"$10,500",August
EssayPro Scholarship Contest 2023,/Toolkit/Training/find-scholarships-detail.aspx?lang=en&pagesize=2191&curPage=1&studyLevelfilter=High School&scholarshipId=2015356,High School,"$10,500",August
Franchise.Law Entrepreneur Scholarship,/Toolkit/Training/find-scholarships-detail.aspx?lang=en&pagesize=2191&curPage=1&studyLevelfilter=High School&scholarshipId=2015253,High School,"$1,000",August
GBV Service Scholarship 2024,/Toolkit/Training/find-scholarships-detail.aspx?lang=en&pagesize=2191&curPage=1&studyLevelfilter=High School&scholarshipId=2015436,High School,"$1,000",August
High School Academic Scholarship,/Toolkit/Training/find-scholarships-detail.aspx?lang=en&pagesize=2191&curPage=1&studyLevelfilter=High School&scholarshipId=9990726,High School,"$1,500",August
HNBA VIA Fund General Law School Scholarships (LEF),/Toolkit/Training/find-scholarships-detail.aspx?lang=en&pagesize=2191&curPage=1&studyLevelfilter=High School&scholarshipId=9994640,High School,"$2,500",August
Horatio Alger Indigenous Achievement Scholarship,/Toolkit/Training/find-scholarships-detail.aspx?lang=en&pagesize=2191&curPage=1&studyLevelfilter=High School&scholarshipId=9994505,High School,N/A,August
Hospitality Certification Scholarships,/Toolkit/Training/find-scholarships-detail.aspx?lang=en&pagesize=2191&curPage=1&studyLevelfilter=High School&scholarshipId=2015353,High School,$600,August
Hospitality Education Scholarship,/Toolkit/Training/find-scholarships-detail.aspx?lang=en&pagesize=2191&curPage=1&studyLevelfilter=High School&scholarshipId=2015362,High School,"$2,000",August
HPFY Beyond Disability Scholarship,/Toolkit/Training/find-scholarships-detail.aspx?lang=en&pagesize=2191&curPage=1&studyLevelfilter=High School&scholarshipId=9994708,High School,"$1,000",August
HPFY Make A Difference Scholarship,/Toolkit/Training/find-scholarships-detail.aspx?lang=en&pagesize=2191&curPage=1&studyLevelfilter=High School&scholarshipId=2015277,High School,"$1,000",August
Innovation in Tax Policy Scholarship,/Toolkit/Training/find-scholarships-detail.aspx?lang=en&pagesize=2191&curPage=1&studyLevelfilter=High School&scholarshipId=2015449,High School,"$1,000",August
Investor Advocacy Scholarship,/Toolkit/Training/find-scholarships-detail.aspx?lang=en&pagesize=2191&curPage=1&studyLevelfilter=High School&scholarshipId=2015586,High School,"$1,000",August
John and Alice Egan Multi-Year Mentioning Scholarship Program,/Toolkit/Training/find-scholarships-detail.aspx?lang=en&pagesize=2191&curPage=1&studyLevelfilter=High School&scholarshipId=9996357,High School,$500,August
Leiber and Stoller Music Scholarship,/Toolkit/Training/find-scholarships-detail.aspx?lang=en&pagesize=2191&curPage=1&studyLevelfilter=High School&scholarshipId=9998973,High School,N/A,August
Make Me Laugh Scholarship,/Toolkit/Training/find-scholarships-detail.aspx?lang=en&pagesize=2191&curPage=1&studyLevelfilter=High School&scholarshipId=9989813,High School,"$1,500",August
Michael Moody Fitness Scholarship,/Toolkit/Training/find-scholarships-detail.aspx?lang=en&pagesize=2191&curPage=1&studyLevelfilter=High School&scholarshipId=9993317,High School,"$1,500",August
NAFA Scholarship Program,/Toolkit/Training/find-scholarships-detail.aspx?lang=en&pagesize=2191&curPage=1&studyLevelfilter=High School&scholarshipId=9993147,High School,"$1,000",August
NSHSS James W. Lewis High School Global Leader Scholarship,/Toolkit/Training/find-scholarships-detail.aspx?lang=en&pagesize=2191&curPage=1&studyLevelfilter=High School&scholarshipId=9992748,High School,"$5,000",August
Speak Up! Scholarship,/Toolkit/Training/find-scholarships-detail.aspx?lang=en&pagesize=2191&curPage=1&studyLevelfilter=High School&scholarshipId=9992734,High School,"$2,000",August
Students with Disabilities Scholarship,/Toolkit/Training/find-scholarships-detail.aspx?lang=en&pagesize=2191&curPage=1&studyLevelfilter=High School&scholarshipId=2015336,High School,"$5,000",August
The Callahan Law Firm Scholarship,/Toolkit/Training/find-scholarships-detail.aspx?lang=en&pagesize=2191&curPage=1&studyLevelfilter=High School&scholarshipId=9997867,High School,"$1,500",August
Vision Tech Camps Scholarship,/Toolkit/Training/find-scholarships-detail.aspx?lang=en&pagesize=2191&curPage=1&studyLevelfilter=High School&scholarshipId=9989272,High School,$500,August
Yamhill County Farm Bureau Scholarships,/Toolkit/Training/find-scholarships-detail.aspx?lang=en&pagesize=2191&curPage=1&studyLevelfilter=High School&scholarshipId=9991930,High School,"$2,000",August
AIChE Minority Scholarship Awards for Incoming College Freshmen,/Toolkit/Training/find-scholarships-detail.aspx?lang=en&pagesize=2191&curPage=1&studyLevelfilter=High School&scholarshipId=9999285,High School,"$1,000",September
Be A Friend Project Scholarship,/Toolkit/Training/find-scholarships-detail.aspx?lang=en&pagesize=2191&curPage=1&studyLevelfilter=High School&scholarshipId=2015443,High School,$500,September
Be More Fund,/Toolkit/Training/find-scholarships-detail.aspx?lang=en&pagesize=2191&curPage=1&studyLevelfilter=High School&scholarshipId=9992768,High School,"$10,000",September
BooksRun Scholarship,/Toolkit/Training/find-scholarships-detail.aspx?lang=en&pagesize=2191&curPage=1&studyLevelfilter=High School&scholarshipId=9998040,High School,"$1,000",September
Brian Cummins Memorial Scholarship,/Toolkit/Training/find-scholarships-detail.aspx?lang=en&pagesize=2191&curPage=1&studyLevelfilter=High School&scholarshipId=9992915,High School,"$2,500",September
Coca-Cola Scholars Program Scholarship,/Toolkit/Training/find-scholarships-detail.aspx?lang=en&pagesize=2191&curPage=1&studyLevelfilter=High School&scholarshipId=9997342,High School,"$20,000",September
Colonel Nate Smith Scholarship Program,/Toolkit/Training/find-scholarships-detail.aspx?lang=en&pagesize=2191&curPage=1&studyLevelfilter=High School&scholarshipId=9993374,High School,"$1,000",September
Communicorp See What's More Scholarship,/Toolkit/Training/find-scholarships-detail.aspx?lang=en&pagesize=2191&curPage=1&studyLevelfilter=High School&scholarshipId=9992764,High School,"$2,500",September
Defensive Driving Scholarship,/Toolkit/Training/find-scholarships-detail.aspx?lang=en&pagesize=2191&curPage=1&studyLevelfilter=High School&scholarshipId=9996326,High School,"$1,000",September
Don't Text and Drive Scholarship,/Toolkit/Training/find-scholarships-detail.aspx?lang=en&pagesize=2191&curPage=1&studyLevelfilter=High School&scholarshipId=2014025,High School,"$1,000",September
Emmett J. Doerr Memorial Scout Scholarship,/Toolkit/Training/find-scholarships-detail.aspx?lang=en&pagesize=2191&curPage=1&studyLevelfilter=High School&scholarshipId=9993009,High School,"$2,000",September
Health is a Right Not a Privilege Scholarship,/Toolkit/Training/find-scholarships-detail.aspx?lang=en&pagesize=2191&curPage=1&studyLevelfilter=High School&scholarshipId=9992043,High School,"$1,500",September
HostingAdvice.com Future Web Developers Annual Scholarship,/Toolkit/Training/find-scholarships-detail.aspx?lang=en&pagesize=2191&curPage=1&studyLevelfilter=High School&scholarshipId=9994594,High School,"$1,000",September
Immigrant Innovation Scholarship,/Toolkit/Training/find-scholarships-detail.aspx?lang=en&pagesize=2191&curPage=1&studyLevelfilter=High School&scholarshipId=9990972,High School,"$1,000",September
Injury Advocacy Scholarship 2025,/Toolkit/Training/find-scholarships-detail.aspx?lang=en&pagesize=2191&curPage=1&studyLevelfilter=High School&scholarshipId=2015584,High School,"$1,000",September
Kurz Industrial Solutions Wind Energy Scholarship Fund,/Toolkit/Training/find-scholarships-detail.aspx?lang=en&pagesize=2191&curPage=1&studyLevelfilter=High School&scholarshipId=9993884,High School,"$1,000",September
Mediation & Conversations Scholarship,/Toolkit/Training/find-scholarships-detail.aspx?lang=en&pagesize=2191&curPage=1&studyLevelfilter=High School&scholarshipId=2015179,High School,"$1,000",September
MedicalFieldCareers.com Healthcare Scholarship,/Toolkit/Training/find-scholarships-detail.aspx?lang=en&pagesize=2191&curPage=1&studyLevelfilter=High School&scholarshipId=9993359,High School,"$1,500",September
"Montgomery County Medical Society – William W. Lander, MD,",/Toolkit/Training/find-scholarships-detail.aspx?lang=en&pagesize=2191&curPage=1&studyLevelfilter=High School&scholarshipId=9995610,High School,"$2,000",September
Notorious RBG Women of Tomorrow Scholarship,/Toolkit/Training/find-scholarships-detail.aspx?lang=en&pagesize=2191&curPage=1&studyLevelfilter=High School&scholarshipId=9992762,High School,"$1,000",September
NSHSS Activism and Advocacy Scholarship,/Toolkit/Training/find-scholarships-detail.aspx?lang=en&pagesize=2191&curPage=1&studyLevelfilter=High School&scholarshipId=9992761,High School,"$1,000",September
NSHSS Community College or Trade School Scholarship,/Toolkit/Training/find-scholarships-detail.aspx?lang=en&pagesize=2191&curPage=1&studyLevelfilter=High School&scholarshipId=9992758,High School,"$1,000",September
NSHSS Creative Writing Scholarship,/Toolkit/Training/find-scholarships-detail.aspx?lang=en&pagesize=2191&curPage=1&studyLevelfilter=High School&scholarshipId=9992757,High School,"$2,000",September
NSHSS Film and Video Production Scholarship,/Toolkit/Training/find-scholarships-detail.aspx?lang=en&pagesize=2191&curPage=1&studyLevelfilter=High School&scholarshipId=9992755,High School,"$2,000",September
NSHSS National Scholar Awards,/Toolkit/Training/find-scholarships-detail.aspx?lang=en&pagesize=2191&curPage=1&studyLevelfilter=High School&scholarshipId=9992746,High School,"$1,000",September
NSHSS Performing Arts: Music Scholarship,/Toolkit/Training/find-scholarships-detail.aspx?lang=en&pagesize=2191&curPage=1&studyLevelfilter=High School&scholarshipId=9992743,High School,"$2,000",September
NSHSS Performing Arts: Theater Scholarship,/Toolkit/Training/find-scholarships-detail.aspx?lang=en&pagesize=2191&curPage=1&studyLevelfilter=High School&scholarshipId=9992742,High School,"$2,000",September
NSHSS Student Athlete Scholarships,/Toolkit/Training/find-scholarships-detail.aspx?lang=en&pagesize=2191&curPage=1&studyLevelfilter=High School&scholarshipId=9992738,High School,"$2,000",September
Randall Mathis Scholarship for Environmental Studies Fund,/Toolkit/Training/find-scholarships-detail.aspx?lang=en&pagesize=2191&curPage=1&studyLevelfilter=High School&scholarshipId=9998671,High School,N/A,September
Roy C. and Dorothy Jean Olson Memorial Scholarship,/Toolkit/Training/find-scholarships-detail.aspx?lang=en&pagesize=2191&curPage=1&studyLevelfilter=High School&scholarshipId=9994343,High School,"$1,000",September
Saints Cyril and Methodius Scholarships,/Toolkit/Training/find-scholarships-detail.aspx?lang=en&pagesize=2191&curPage=1&studyLevelfilter=High School&scholarshipId=9990933,High School,"$10,000",September
Sam's Legacy - Fighting to End Drunk Driving Scholarship,/Toolkit/Training/find-scholarships-detail.aspx?lang=en&pagesize=2191&curPage=1&studyLevelfilter=High School&scholarshipId=2015161,High School,"$1,000",September
Sgt. Cherven Scholarship,/Toolkit/Training/find-scholarships-detail.aspx?lang=en&pagesize=2191&curPage=1&studyLevelfilter=High School&scholarshipId=9993428,High School,$500,September
Shout It Out Scholarship,/Toolkit/Training/find-scholarships-detail.aspx?lang=en&pagesize=2191&curPage=1&studyLevelfilter=High School&scholarshipId=9989812,High School,"$1,500",September
StudyCorgi Annual Video Contest Scholarship,/Toolkit/Training/find-scholarships-detail.aspx?lang=en&pagesize=2191&curPage=1&studyLevelfilter=High School&scholarshipId=2015359,High School,$500,September
StudyCorgi's Annual Students' Scholarship,/Toolkit/Training/find-scholarships-detail.aspx?lang=en&pagesize=2191&curPage=1&studyLevelfilter=High School&scholarshipId=9990029,High School,"$1,500",September
UC MEXUS Dissertation Research Grants,/Toolkit/Training/find-scholarships-detail.aspx?lang=en&pagesize=2191&curPage=1&studyLevelfilter=High School&scholarshipId=9989597,High School,"$12,000",September
Waddoups Law Personal Injury Attorneys Scholarship,/Toolkit/Training/find-scholarships-detail.aspx?lang=en&pagesize=2191&curPage=1&studyLevelfilter=High School&scholarshipId=2015592,High School,"$1,000",September
"$1,500 Video Contest Scholarship for Students Who Enjoy Writing",/Toolkit/Training/find-scholarships-detail.aspx?lang=en&pagesize=2191&curPage=1&studyLevelfilter=High School&scholarshipId=9996441,High School,$500,October
AIST Benjamin F. Fairless Scholarship,/Toolkit/Training/find-scholarships-detail.aspx?lang=en&pagesize=2191&curPage=1&studyLevelfilter=High School&scholarshipId=9998320,High School,"$3,000",October
Anidjar & Levine Community Service Scholarship,/Toolkit/Training/find-scholarships-detail.aspx?lang=en&pagesize=2191&curPage=1&studyLevelfilter=High School&scholarshipId=2015303,High School,"$2,500",October
Annual Video Contest Scholarship for Students,/Toolkit/Training/find-scholarships-detail.aspx?lang=en&pagesize=2191&curPage=1&studyLevelfilter=High School&scholarshipId=9995094,High School,$500,October
Career Development Grant in molecular genetics,/Toolkit/Training/find-scholarships-detail.aspx?lang=en&pagesize=2191&curPage=1&studyLevelfilter=High School&scholarshipId=9989918,High School,"$100,000",October
Delete Cyberbullying Beyond School Walls Scholarship,/Toolkit/Training/find-scholarships-detail.aspx?lang=en&pagesize=2191&curPage=1&studyLevelfilter=High School&scholarshipId=9996983,High School,"$1,000",October
DontPayFull $500 Annual Student Scholarship,/Toolkit/Training/find-scholarships-detail.aspx?lang=en&pagesize=2191&curPage=1&studyLevelfilter=High School&scholarshipId=9996228,High School,$500,October
DP Law Aspiring Attorney Scholarship,/Toolkit/Training/find-scholarships-detail.aspx?lang=en&pagesize=2191&curPage=1&studyLevelfilter=High School&scholarshipId=2015185,High School,"$1,000",October
DP Law Encouraging Diversity Scholarship,/Toolkit/Training/find-scholarships-detail.aspx?lang=en&pagesize=2191&curPage=1&studyLevelfilter=High School&scholarshipId=2015180,High School,"$1,000",October
DwellWell AI in Real Estate Scholarship,/Toolkit/Training/find-scholarships-detail.aspx?lang=en&pagesize=2191&curPage=1&studyLevelfilter=High School&scholarshipId=2015370,High School,"$1,000",October
Early Childhood Educators Scholarship Program,/Toolkit/Training/find-scholarships-detail.aspx?lang=en&pagesize=2191&curPage=1&studyLevelfilter=High School&scholarshipId=9993403,High School,N/A,October
G. Scott Ransom Scholarship Fund of the Duluth/Superior Alpine Club,/Toolkit/Training/find-scholarships-detail.aspx?lang=en&pagesize=2191&curPage=1&studyLevelfilter=High School&scholarshipId=9996127,High School,N/A,October
Golden Door Scholarship,/Toolkit/Training/find-scholarships-detail.aspx?lang=en&pagesize=2191&curPage=1&studyLevelfilter=High School&scholarshipId=9995453,High School,N/A,October
John Lewis Good Trouble Scholarship,/Toolkit/Training/find-scholarships-detail.aspx?lang=en&pagesize=2191&curPage=1&studyLevelfilter=High School&scholarshipId=9992763,High School,"$1,000",October
Kaine Law Growing Your Community Scholarship,/Toolkit/Training/find-scholarships-detail.aspx?lang=en&pagesize=2191&curPage=1&studyLevelfilter=High School&scholarshipId=2015290,High School,"$1,500",October
Kevin Miesbach Memorial Scholarship,/Toolkit/Training/find-scholarships-detail.aspx?lang=en&pagesize=2191&curPage=1&studyLevelfilter=High School&scholarshipId=9999891,High School,"$1,000",October
Kevin Miesbach Memorial Scholarship,/Toolkit/Training/find-scholarships-detail.aspx?lang=en&pagesize=2191&curPage=1&studyLevelfilter=High School&scholarshipId=9996096,High School,"$1,000",October
MCBA Scholarships (MCBA),/Toolkit/Training/find-scholarships-detail.aspx?lang=en&pagesize=2191&curPage=1&studyLevelfilter=High School&scholarshipId=9993309,High School,"$2,000",October
Money Metals Exchange & Sound Money Defense League Scholarship,/Toolkit/Training/find-scholarships-detail.aspx?lang=en&pagesize=2191&curPage=1&studyLevelfilter=High School&scholarshipId=9993229,High School,"$1,000",October
NSHSS Diversity Scholarship,/Toolkit/Training/find-scholarships-detail.aspx?lang=en&pagesize=2191&curPage=1&studyLevelfilter=High School&scholarshipId=9992756,High School,"$2,000",October
NSHSS Passion for Public Service Scholarship,/Toolkit/Training/find-scholarships-detail.aspx?lang=en&pagesize=2191&curPage=1&studyLevelfilter=High School&scholarshipId=9992745,High School,"$1,000",October
PCA A.E. Robert Friedman Scholarship,/Toolkit/Training/find-scholarships-detail.aspx?lang=en&pagesize=2191&curPage=1&studyLevelfilter=High School&scholarshipId=9991868,High School,N/A,October
Pretty Photoshop Actions Annual Scholarship,/Toolkit/Training/find-scholarships-detail.aspx?lang=en&pagesize=2191&curPage=1&studyLevelfilter=High School&scholarshipId=9991302,High School,$500,October
Schneider Electric EcoXpert SkillPointe Scholarship,/Toolkit/Training/find-scholarships-detail.aspx?lang=en&pagesize=2191&curPage=1&studyLevelfilter=High School&scholarshipId=2015474,High School,"$2,500",October
Schneider Electric SkillPointe Scholarship,/Toolkit/Training/find-scholarships-detail.aspx?lang=en&pagesize=2191&curPage=1&studyLevelfilter=High School&scholarshipId=2015473,High School,"$5,000",October
The Leukemia and Lymphoma Society (LLS) Scholarship for Blood Cancer Survivors,/Toolkit/Training/find-scholarships-detail.aspx?lang=en&pagesize=2191&curPage=1&studyLevelfilter=High School&scholarshipId=2015360,High School,"$7,500",October
The Starfish Scholarship,/Toolkit/Training/find-scholarships-detail.aspx?lang=en&pagesize=2191&curPage=1&studyLevelfilter=High School&scholarshipId=9989143,High School,"$1,000",October
U.S. Bank Student Scholarship,/Toolkit/Training/find-scholarships-detail.aspx?lang=en&pagesize=2191&curPage=1&studyLevelfilter=High School&scholarshipId=2015251,High School,$20,October
Video Contest Scholarship for Students Who Enjoy Writing,/Toolkit/Training/find-scholarships-detail.aspx?lang=en&pagesize=2191&curPage=1&studyLevelfilter=High School&scholarshipId=9997100,High School,$500,October
Zombie Apocalypse Scholarship,/Toolkit/Training/find-scholarships-detail.aspx?lang=en&pagesize=2191&curPage=1&studyLevelfilter=High School&scholarshipId=9989807,High School,"$2,000",October
3-5 Sentence Story Scholarship,/Toolkit/Training/find-scholarships-detail.aspx?lang=en&pagesize=2191&curPage=1&studyLevelfilter=High School&scholarshipId=2015442,High School,"$1,000",November
Aaliyah Lee Scholarship,/Toolkit/Training/find-scholarships-detail.aspx?lang=en&pagesize=2191&curPage=1&studyLevelfilter=High School&scholarshipId=2015459,High School,"$1,000",November
ACI Baker Student Fellowships,/Toolkit/Training/find-scholarships-detail.aspx?lang=en&pagesize=2191&curPage=1&studyLevelfilter=High School&scholarshipId=9999442,High School,N/A,November
AGC Education and Research Foundation Scholarships,/Toolkit/Training/find-scholarships-detail.aspx?lang=en&pagesize=2191&curPage=1&studyLevelfilter=High School&scholarshipId=9998435,High School,"$2,500",November
All-American Pest Control STEAM Trailblazer Scholarship,/Toolkit/Training/find-scholarships-detail.aspx?lang=en&pagesize=2191&curPage=1&studyLevelfilter=High School&scholarshipId=2015382,High School,"$1,000",November
Art Competition Scholarship Program,/Toolkit/Training/find-scholarships-detail.aspx?lang=en&pagesize=2191&curPage=1&studyLevelfilter=High School&scholarshipId=9990787,High School,N/A,November
Bill Cormack Scholarships,/Toolkit/Training/find-scholarships-detail.aspx?lang=en&pagesize=2191&curPage=1&studyLevelfilter=High School&scholarshipId=9989961,High School,"$3,000",November
Celler Legal P.A. Employment Skills Scholarship Program,/Toolkit/Training/find-scholarships-detail.aspx?lang=en&pagesize=2191&curPage=1&studyLevelfilter=High School&scholarshipId=9997605,High School,"$1,000",November
Community Service Scholarship,/Toolkit/Training/find-scholarships-detail.aspx?lang=en&pagesize=2191&curPage=1&studyLevelfilter=High School&scholarshipId=9993835,High School,"$1,000",November
Disabled Veterans Scholarship,/Toolkit/Training/find-scholarships-detail.aspx?lang=en&pagesize=2191&curPage=1&studyLevelfilter=High School&scholarshipId=9995823,High School,"$1,000",November
Drew King Legacy Fund Scholarship,/Toolkit/Training/find-scholarships-detail.aspx?lang=en&pagesize=2191&curPage=1&studyLevelfilter=High School&scholarshipId=2015371,High School,"$1,000",November
Education Matters Scholarship,/Toolkit/Training/find-scholarships-detail.aspx?lang=en&pagesize=2191&curPage=1&studyLevelfilter=High School&scholarshipId=9989817,High School,"$5,000",November
Generous Heart Scholarship,/Toolkit/Training/find-scholarships-detail.aspx?lang=en&pagesize=2191&curPage=1&studyLevelfilter=High School&scholarshipId=9989004,High School,"$1,000",November
"Helmer, Conley & Kasselman Annual College Scholarship",/Toolkit/Training/find-scholarships-detail.aspx?lang=en&pagesize=2191&curPage=1&studyLevelfilter=High School&scholarshipId=9994676,High School,$500,November
Herb Kohl Educational Foundation Student Excellence Scholarship,/Toolkit/Training/find-scholarships-detail.aspx?lang=en&pagesize=2191&curPage=1&studyLevelfilter=High School&scholarshipId=9994666,High School,"$10,000",November
Jack Kent Cooke Foundation College Scholarship Program,/Toolkit/Training/find-scholarships-detail.aspx?lang=en&pagesize=2191&curPage=1&studyLevelfilter=High School&scholarshipId=9994240,High School,"$55,000",November
Kanoski Bresney Stand Up to Distracted Driving Scholarship,/Toolkit/Training/find-scholarships-detail.aspx?lang=en&pagesize=2191&curPage=1&studyLevelfilter=High School&scholarshipId=9994045,High School,"$2,000",November
Law Office of David P. Shapiro Annual Leukemia Scholarships,/Toolkit/Training/find-scholarships-detail.aspx?lang=en&pagesize=2191&curPage=1&studyLevelfilter=High School&scholarshipId=9993844,High School,"$1,000",November
Leadership 1000 Scholarship - Washington State,/Toolkit/Training/find-scholarships-detail.aspx?lang=en&pagesize=2191&curPage=1&studyLevelfilter=High School&scholarshipId=9997296,High School,"$5,000",November
Marine Band Concerto Competition for High School Musicians,/Toolkit/Training/find-scholarships-detail.aspx?lang=en&pagesize=2191&curPage=1&studyLevelfilter=High School&scholarshipId=2014371,High School,$500,November
NEMRA Educational Scholarship Foundation Program,/Toolkit/Training/find-scholarships-detail.aspx?lang=en&pagesize=2191&curPage=1&studyLevelfilter=High School&scholarshipId=9992938,High School,N/A,November
NHS Scholarships,/Toolkit/Training/find-scholarships-detail.aspx?lang=en&pagesize=2191&curPage=1&studyLevelfilter=High School&scholarshipId=9992895,High School,"$3,200",November
Safe Cycling Scholarship 2025,/Toolkit/Training/find-scholarships-detail.aspx?lang=en&pagesize=2191&curPage=1&studyLevelfilter=High School&scholarshipId=2015587,High School,"$1,000",November
Selfless Parent Scholarship,/Toolkit/Training/find-scholarships-detail.aspx?lang=en&pagesize=2191&curPage=1&studyLevelfilter=High School&scholarshipId=2015200,High School,"$1,000",November
Sixt Rent a Car Scholarships,/Toolkit/Training/find-scholarships-detail.aspx?lang=en&pagesize=2191&curPage=1&studyLevelfilter=High School&scholarshipId=9990629,High School,"$5,000",November
South Coast High School Senior Honors Scholarship Program,/Toolkit/Training/find-scholarships-detail.aspx?lang=en&pagesize=2191&curPage=1&studyLevelfilter=High School&scholarshipId=9990786,High School,N/A,November
"Stephens, Anderson & Cummings Scholarship for Higher Education",/Toolkit/Training/find-scholarships-detail.aspx?lang=en&pagesize=2191&curPage=1&studyLevelfilter=High School&scholarshipId=2014058,High School,"$1,500",November
Superior Seating Scholarship,/Toolkit/Training/find-scholarships-detail.aspx?lang=en&pagesize=2191&curPage=1&studyLevelfilter=High School&scholarshipId=2015363,High School,"$1,500",November
Taxes for Millennials Scholarship,/Toolkit/Training/find-scholarships-detail.aspx?lang=en&pagesize=2191&curPage=1&studyLevelfilter=High School&scholarshipId=2015591,High School,"$1,000",November
Washington College Grant (SNG),/Toolkit/Training/find-scholarships-detail.aspx?lang=en&pagesize=2191&curPage=1&studyLevelfilter=High School&scholarshipId=9989211,High School,N/A,November
Washington State Governors' Scholarship for Foster Youth,/Toolkit/Training/find-scholarships-detail.aspx?lang=en&pagesize=2191&curPage=1&studyLevelfilter=High School&scholarshipId=9997295,High School,"$2,000",November
Wisconsin Broadcasters Association Foundation Student Scholarships,/Toolkit/Training/find-scholarships-detail.aspx?lang=en&pagesize=2191&curPage=1&studyLevelfilter=High School&scholarshipId=9989072,High School,"$1,000",November
Adele Filene Student Presenter Grant,/Toolkit/Training/find-scholarships-detail.aspx?lang=en&pagesize=2191&curPage=1&studyLevelfilter=High School&scholarshipId=9996423,High School,$600,December
Amazon Future Engineer Scholarship Program,/Toolkit/Training/find-scholarships-detail.aspx?lang=en&pagesize=2191&curPage=1&studyLevelfilter=High School&scholarshipId=2015466,High School,$5,December
Annual CGTrader Scholarship,/Toolkit/Training/find-scholarships-detail.aspx?lang=en&pagesize=2191&curPage=1&studyLevelfilter=High School&scholarshipId=9989876,High School,$500,December
Arthur B. McDonald Fellowships,/Toolkit/Training/find-scholarships-detail.aspx?lang=en&pagesize=2191&curPage=1&studyLevelfilter=High School&scholarshipId=9996447,High School,"$250,000",December
AvaCare Medical Scholarship,/Toolkit/Training/find-scholarships-detail.aspx?lang=en&pagesize=2191&curPage=1&studyLevelfilter=High School&scholarshipId=9998203,High School,"$1,000",December
Barbara Lotze Scholarships for Future Teachers,/Toolkit/Training/find-scholarships-detail.aspx?lang=en&pagesize=2191&curPage=1&studyLevelfilter=High School&scholarshipId=9999569,High School,"$2,000",December
Burger King Scholars Program,/Toolkit/Training/find-scholarships-detail.aspx?lang=en&pagesize=2191&curPage=1&studyLevelfilter=High School&scholarshipId=9997930,High School,"$1,000",December
College JumpStart Love of Learning Scholarship,/Toolkit/Training/find-scholarships-detail.aspx?lang=en&pagesize=2191&curPage=1&studyLevelfilter=High School&scholarshipId=2015221,High School,"$1,000",December
Consumers Credit Union Scholarship,/Toolkit/Training/find-scholarships-detail.aspx?lang=en&pagesize=2191&curPage=1&studyLevelfilter=High School&scholarshipId=9996443,High School,"$1,000",December
Delete Cyberbullying Scholarship Award,/Toolkit/Training/find-scholarships-detail.aspx?lang=en&pagesize=2191&curPage=1&studyLevelfilter=High School&scholarshipId=9996323,High School,"$1,000",December
Delete Cyberbullying Scholarship Award,/Toolkit/Training/find-scholarships-detail.aspx?lang=en&pagesize=2191&curPage=1&studyLevelfilter=High School&scholarshipId=2015354,High School,"$1,000",December
Driven Academics Sponsorship Program,/Toolkit/Training/find-scholarships-detail.aspx?lang=en&pagesize=2191&curPage=1&studyLevelfilter=High School&scholarshipId=2015387,High School,$250,December
Equitable Excellence Scholarship® Program,/Toolkit/Training/find-scholarships-detail.aspx?lang=en&pagesize=2191&curPage=1&studyLevelfilter=High School&scholarshipId=2015465,High School,"$5,000",December
First Amendment Freedoms Art & Essay Contest for Grades 6-12,/Toolkit/Training/find-scholarships-detail.aspx?lang=en&pagesize=2191&curPage=1&studyLevelfilter=High School&scholarshipId=2015077,High School,"$1,000",December
First Amendment Freedoms Art & Essay Contest for Grades 6-12,/Toolkit/Training/find-scholarships-detail.aspx?lang=en&pagesize=2191&curPage=1&studyLevelfilter=High School&scholarshipId=9998742,High School,"$1,000",December
"Gen and Kelly Tanabe $1,000 Scholarship",/Toolkit/Training/find-scholarships-detail.aspx?lang=en&pagesize=2191&curPage=1&studyLevelfilter=High School&scholarshipId=2015376,High School,"$1,000",December
"Gen and Kelly Tanabe Scholarship $1,000",/Toolkit/Training/find-scholarships-detail.aspx?lang=en&pagesize=2191&curPage=1&studyLevelfilter=High School&scholarshipId=2015460,High School,"$1,000",December
Global Entrepreneur's Award,/Toolkit/Training/find-scholarships-detail.aspx?lang=en&pagesize=2191&curPage=1&studyLevelfilter=High School&scholarshipId=9994094,High School,"$1,500",December
Haraldson Foundation Scholarships,/Toolkit/Training/find-scholarships-detail.aspx?lang=en&pagesize=2191&curPage=1&studyLevelfilter=High School&scholarshipId=9995081,High School,N/A,December
"HW Part Store $1,000 Scholarship Program",/Toolkit/Training/find-scholarships-detail.aspx?lang=en&pagesize=2191&curPage=1&studyLevelfilter=High School&scholarshipId=2015409,High School,"$1,000",December
ISU Networks Scholarship,/Toolkit/Training/find-scholarships-detail.aspx?lang=en&pagesize=2191&curPage=1&studyLevelfilter=High School&scholarshipId=9994510,High School,"$3,000",December
Katherine F. Lindquist Memorial Scholarship,/Toolkit/Training/find-scholarships-detail.aspx?lang=en&pagesize=2191&curPage=1&studyLevelfilter=High School&scholarshipId=9990286,High School,"$1,250",December
Medical Scrubs Collection Scholarship,/Toolkit/Training/find-scholarships-detail.aspx?lang=en&pagesize=2191&curPage=1&studyLevelfilter=High School&scholarshipId=9993360,High School,"$1,000",December
Meyer Wilson The Importance of Personal Finance Education Scholarship,/Toolkit/Training/find-scholarships-detail.aspx?lang=en&pagesize=2191&curPage=1&studyLevelfilter=High School&scholarshipId=2015508,High School,"$2,500",December
Micheline & Bourjois Abboud Scholarship,/Toolkit/Training/find-scholarships-detail.aspx?lang=en&pagesize=2191&curPage=1&studyLevelfilter=High School&scholarshipId=9989886,High School,$500,December
Native American Ministries Course of Study Scholarship,/Toolkit/Training/find-scholarships-detail.aspx?lang=en&pagesize=2191&curPage=1&studyLevelfilter=High School&scholarshipId=9995539,High School,N/A,December
NJSCPA High School Seniors,/Toolkit/Training/find-scholarships-detail.aspx?lang=en&pagesize=2191&curPage=1&studyLevelfilter=High School&scholarshipId=9992560,High School,"$7,000",December
NYC Restoration Scholarship,/Toolkit/Training/find-scholarships-detail.aspx?lang=en&pagesize=2191&curPage=1&studyLevelfilter=High School&scholarshipId=2015574,High School,$500,December
Operation Homefront Military Child of the Year(r) Awards,/Toolkit/Training/find-scholarships-detail.aspx?lang=en&pagesize=2191&curPage=1&studyLevelfilter=High School&scholarshipId=2015456,High School,"$10,000",December
Ray Bradbury Award for Science Fiction & Fantasy,/Toolkit/Training/find-scholarships-detail.aspx?lang=en&pagesize=2191&curPage=1&studyLevelfilter=High School&scholarshipId=9999741,High School,"$1,000",December
Resilient Recovery Scholarship 2024,/Toolkit/Training/find-scholarships-detail.aspx?lang=en&pagesize=2191&curPage=1&studyLevelfilter=High School&scholarshipId=2015441,High School,N/A,December
Ron Brown Scholarships,/Toolkit/Training/find-scholarships-detail.aspx?lang=en&pagesize=2191&curPage=1&studyLevelfilter=High School&scholarshipId=9990953,High School,"$10,000",December
Rove Pest Control Scholarship,/Toolkit/Training/find-scholarships-detail.aspx?lang=en&pagesize=2191&curPage=1&studyLevelfilter=High School&scholarshipId=9990942,High School,$500,December
Single Mother Scholarship,/Toolkit/Training/find-scholarships-detail.aspx?lang=en&pagesize=2191&curPage=1&studyLevelfilter=High School&scholarshipId=9990948,High School,"$1,000",December
SkillPointe Quarterly Scholarship,/Toolkit/Training/find-scholarships-detail.aspx?lang=en&pagesize=2191&curPage=1&studyLevelfilter=High School&scholarshipId=2015475,High School,"$1,000",December
Society of Yeager Scholars for Marshal University,/Toolkit/Training/find-scholarships-detail.aspx?lang=en&pagesize=2191&curPage=1&studyLevelfilter=High School&scholarshipId=2015445,High School,"$125,000",December
Stephen J. Brady Stop Hunger Scholarships,/Toolkit/Training/find-scholarships-detail.aspx?lang=en&pagesize=2191&curPage=1&studyLevelfilter=High School&scholarshipId=9990233,High School,"$3,000",December
Stout Law Firm Family Matters Scholarship,/Toolkit/Training/find-scholarships-detail.aspx?lang=en&pagesize=2191&curPage=1&studyLevelfilter=High School&scholarshipId=9990042,High School,"$1,000",December
Ted & Holly Rollins Scholarship,/Toolkit/Training/find-scholarships-detail.aspx?lang=en&pagesize=2191&curPage=1&studyLevelfilter=High School&scholarshipId=9991637,High School,"$5,000",December
The Branch Out Scholarship,/Toolkit/Training/find-scholarships-detail.aspx?lang=en&pagesize=2191&curPage=1&studyLevelfilter=High School&scholarshipId=9998052,High School,$500,December
The Mary and Elliott Wood Foundation Undergraduate Scholarship,/Toolkit/Training/find-scholarships-detail.aspx?lang=en&pagesize=2191&curPage=1&studyLevelfilter=High School&scholarshipId=9995633,High School,N/A,December
The Publicity.ai SEO & Content Marketing Scholarship,/Toolkit/Training/find-scholarships-detail.aspx?lang=en&pagesize=2191&curPage=1&studyLevelfilter=High School&scholarshipId=9999225,High School,"$1,000",December
Too Cool to Pay for School Scholarship,/Toolkit/Training/find-scholarships-detail.aspx?lang=en&pagesize=2191&curPage=1&studyLevelfilter=High School&scholarshipId=2015423,High School,"$1,000",December
Top Ten List Scholarship,/Toolkit/Training/find-scholarships-detail.aspx?lang=en&pagesize=2191&curPage=1&studyLevelfilter=High School&scholarshipId=9989809,High School,"$1,500",December
TransgenderFirst National Scholarship,/Toolkit/Training/find-scholarships-detail.aspx?lang=en&pagesize=2191&curPage=1&studyLevelfilter=High School&scholarshipId=2015055,High School,"$2,500",December
TransgenderFirst Scholarship,/Toolkit/Training/find-scholarships-detail.aspx?lang=en&pagesize=2191&curPage=1&studyLevelfilter=High School&scholarshipId=9991998,High School,"$2,500",December
Transportation YOU High School Scholarship,/Toolkit/Training/find-scholarships-detail.aspx?lang=en&pagesize=2191&curPage=1&studyLevelfilter=High School&scholarshipId=9989034,High School,"$2,500",December
Undergraduate Scholarship for Veterans,/Toolkit/Training/find-scholarships-detail.aspx?lang=en&pagesize=2191&curPage=1&studyLevelfilter=High School&scholarshipId=2015510,High School,"$1,500",December
Unigo $10K Scholarship,/Toolkit/Training/find-scholarships-detail.aspx?lang=en&pagesize=2191&curPage=1&studyLevelfilter=High School&scholarshipId=9989808,High School,"$10,000",December
Women's Leadership Scholarship,/Toolkit/Training/find-scholarships-detail.aspx?lang=en&pagesize=2191&curPage=1&studyLevelfilter=High School&scholarshipId=2015202,High School,"$1,000",December
WTS High School Scholarship,/Toolkit/Training/find-scholarships-detail.aspx?lang=en&pagesize=2191&curPage=1&studyLevelfilter=High School&scholarshipId=9989032,High School,"$2,500",December
A.I. Scholarship for Aspiring College Students,/Toolkit/Training/find-scholarships-detail.aspx?lang=en&pagesize=2191&curPage=1&studyLevelfilter=High School&scholarshipId=2015495,High School,"$1,000",January
Against All Odds Scholarship 2026,/Toolkit/Training/find-scholarships-detail.aspx?lang=en&pagesize=2191&curPage=1&studyLevelfilter=High School&scholarshipId=2015585,High School,"$1,000",January
AIA/Architects Foundation Diversity Advancement Scholarship,/Toolkit/Training/find-scholarships-detail.aspx?lang=en&pagesize=2191&curPage=1&studyLevelfilter=High School&scholarshipId=9999296,High School,"$20,000",January
AIAA Foundation Scholarship Program,/Toolkit/Training/find-scholarships-detail.aspx?lang=en&pagesize=2191&curPage=1&studyLevelfilter=High School&scholarshipId=9999297,High School,N/A,January
AIST Midwest Member Chapter – Tom Cipich Non-Engineering,/Toolkit/Training/find-scholarships-detail.aspx?lang=en&pagesize=2191&curPage=1&studyLevelfilter=High School&scholarshipId=9998315,High School,"$3,000",January
AIST Midwest Member Chapter - Betty McKern Scholarship,/Toolkit/Training/find-scholarships-detail.aspx?lang=en&pagesize=2191&curPage=1&studyLevelfilter=High School&scholarshipId=9998314,High School,"$3,000",January
AIST Midwest Member Chapter - Engineering Scholarships,/Toolkit/Training/find-scholarships-detail.aspx?lang=en&pagesize=2191&curPage=1&studyLevelfilter=High School&scholarshipId=9998312,High School,"$3,000",January
AIST Midwest Member Chapter - Jack Gill Scholarship,/Toolkit/Training/find-scholarships-detail.aspx?lang=en&pagesize=2191&curPage=1&studyLevelfilter=High School&scholarshipId=9998311,High School,"$3,000",January
AIST Midwest Member Chapter - Western States Award,/Toolkit/Training/find-scholarships-detail.aspx?lang=en&pagesize=2191&curPage=1&studyLevelfilter=High School&scholarshipId=9998309,High School,"$3,000",January
American Radio Relay League Louisiana Memorial Scholarships,/Toolkit/Training/find-scholarships-detail.aspx?lang=en&pagesize=2191&curPage=1&studyLevelfilter=High School&scholarshipId=9998573,High School,$750,January
antibodies-online Annual University Scholarship,/Toolkit/Training/find-scholarships-detail.aspx?lang=en&pagesize=2191&curPage=1&studyLevelfilter=High School&scholarshipId=9998741,High School,"$1,000",January
AQHF Youth Scholarship,/Toolkit/Training/find-scholarships-detail.aspx?lang=en&pagesize=2191&curPage=1&studyLevelfilter=High School&scholarshipId=9999043,High School,N/A,January
Arthur Lockwood Beneventi Law Scholarship,/Toolkit/Training/find-scholarships-detail.aspx?lang=en&pagesize=2191&curPage=1&studyLevelfilter=High School&scholarshipId=9992776,High School,"$2,000",January
BAFTX Junior Achievers Award,/Toolkit/Training/find-scholarships-detail.aspx?lang=en&pagesize=2191&curPage=1&studyLevelfilter=High School&scholarshipId=9997954,High School,N/A,January
Bellevue PFLAG Scholarship,/Toolkit/Training/find-scholarships-detail.aspx?lang=en&pagesize=2191&curPage=1&studyLevelfilter=High School&scholarshipId=9991287,High School,N/A,January
CFCC Foundation Merit Scholarship,/Toolkit/Training/find-scholarships-detail.aspx?lang=en&pagesize=2191&curPage=1&studyLevelfilter=High School&scholarshipId=9997638,High School,"$1,300",January
Choy-Kee 'Ohana Scholarship,/Toolkit/Training/find-scholarships-detail.aspx?lang=en&pagesize=2191&curPage=1&studyLevelfilter=High School&scholarshipId=9991667,High School,N/A,January
Class of 2020 Aloha 'Aina Scholarship,/Toolkit/Training/find-scholarships-detail.aspx?lang=en&pagesize=2191&curPage=1&studyLevelfilter=High School&scholarshipId=9991664,High School,N/A,January
Col. Curtis Kekoa (KS ’40) and Nenita Maldonado Kekoa,/Toolkit/Training/find-scholarships-detail.aspx?lang=en&pagesize=2191&curPage=1&studyLevelfilter=High School&scholarshipId=9991591,High School,N/A,January
Community Foundation of the Fox River Valley Scholarship,/Toolkit/Training/find-scholarships-detail.aspx?lang=en&pagesize=2191&curPage=1&studyLevelfilter=High School&scholarshipId=9997190,High School,N/A,January
"CTRI/Chris Seeber, KA1GEU, Memorial Scholarship",/Toolkit/Training/find-scholarships-detail.aspx?lang=en&pagesize=2191&curPage=1&studyLevelfilter=High School&scholarshipId=9998551,High School,"$1,000",January
Dale Hughes Jr Memorial Scholarship,/Toolkit/Training/find-scholarships-detail.aspx?lang=en&pagesize=2191&curPage=1&studyLevelfilter=High School&scholarshipId=9990071,High School,N/A,January
"David Kalani Goldstein, KS ’70 Scholarship",/Toolkit/Training/find-scholarships-detail.aspx?lang=en&pagesize=2191&curPage=1&studyLevelfilter=High School&scholarshipId=9991655,High School,N/A,January
Don and Eileen Fulton Nursing Scholarship Fund,/Toolkit/Training/find-scholarships-detail.aspx?lang=en&pagesize=2191&curPage=1&studyLevelfilter=High School&scholarshipId=9990069,High School,N/A,January
Dr. Aura-Lee A. and James Hobbs Pittenger American History,/Toolkit/Training/find-scholarships-detail.aspx?lang=en&pagesize=2191&curPage=1&studyLevelfilter=High School&scholarshipId=9992771,High School,"$2,000",January
Dr. Gilbert Hopson Medical Student Bursary,/Toolkit/Training/find-scholarships-detail.aspx?lang=en&pagesize=2191&curPage=1&studyLevelfilter=High School&scholarshipId=9991988,High School,N/A,January
Dr. J Glenn Radcliffe Scholarship Fund,/Toolkit/Training/find-scholarships-detail.aspx?lang=en&pagesize=2191&curPage=1&studyLevelfilter=High School&scholarshipId=9990070,High School,N/A,January
Dr. Lori Ann Kim Scholarship,/Toolkit/Training/find-scholarships-detail.aspx?lang=en&pagesize=2191&curPage=1&studyLevelfilter=High School&scholarshipId=9991589,High School,N/A,January
Ed Haas Memorial Scholarship Fund,/Toolkit/Training/find-scholarships-detail.aspx?lang=en&pagesize=2191&curPage=1&studyLevelfilter=High School&scholarshipId=9990068,High School,N/A,January
Edwin Mahiai Copp Beamer Scholarship,/Toolkit/Training/find-scholarships-detail.aspx?lang=en&pagesize=2191&curPage=1&studyLevelfilter=High School&scholarshipId=9991661,High School,N/A,January
"Eli D. Panee, Sr. and Aileen E. Panee I Mua Scholarship",/Toolkit/Training/find-scholarships-detail.aspx?lang=en&pagesize=2191&curPage=1&studyLevelfilter=High School&scholarshipId=9991564,High School,N/A,January
Ellen Eberhardt Memorial Scholarship Fund,/Toolkit/Training/find-scholarships-detail.aspx?lang=en&pagesize=2191&curPage=1&studyLevelfilter=High School&scholarshipId=9990067,High School,N/A,January
Francis Walton Memorial Scholarships,/Toolkit/Training/find-scholarships-detail.aspx?lang=en&pagesize=2191&curPage=1&studyLevelfilter=High School&scholarshipId=9998478,High School,$500,January
FREA Scholarship,/Toolkit/Training/find-scholarships-detail.aspx?lang=en&pagesize=2191&curPage=1&studyLevelfilter=High School&scholarshipId=9995712,High School,"$1,000",January
Gregori Jakovina Scholarship,/Toolkit/Training/find-scholarships-detail.aspx?lang=en&pagesize=2191&curPage=1&studyLevelfilter=High School&scholarshipId=9991268,High School,N/A,January
Harry Hampton Fund Scholarship,/Toolkit/Training/find-scholarships-detail.aspx?lang=en&pagesize=2191&curPage=1&studyLevelfilter=High School&scholarshipId=9995075,High School,"$5,000",January
Hawaii Independent Energy Scholarship,/Toolkit/Training/find-scholarships-detail.aspx?lang=en&pagesize=2191&curPage=1&studyLevelfilter=High School&scholarshipId=9991652,High School,N/A,January
Helena B. Cobb Higher Education (Four Year) Scholarships,/Toolkit/Training/find-scholarships-detail.aspx?lang=en&pagesize=2191&curPage=1&studyLevelfilter=High School&scholarshipId=9989044,High School,"$1,000",January
I Have a Dream Scholarship,/Toolkit/Training/find-scholarships-detail.aspx?lang=en&pagesize=2191&curPage=1&studyLevelfilter=High School&scholarshipId=9989814,High School,"$1,500",January
Idaho Chapter of the American Fisheries Society’s High School,/Toolkit/Training/find-scholarships-detail.aspx?lang=en&pagesize=2191&curPage=1&studyLevelfilter=High School&scholarshipId=9999376,High School,$500,January
Idaho Governor's Cup Scholarships,/Toolkit/Training/find-scholarships-detail.aspx?lang=en&pagesize=2191&curPage=1&studyLevelfilter=High School&scholarshipId=9994550,High School,"$3,000",January
Injury Recovery Scholarship 2024,/Toolkit/Training/find-scholarships-detail.aspx?lang=en&pagesize=2191&curPage=1&studyLevelfilter=High School&scholarshipId=2015446,High School,"$1,000",January
Innovation in Vehicle Safety Scholarship 2024,/Toolkit/Training/find-scholarships-detail.aspx?lang=en&pagesize=2191&curPage=1&studyLevelfilter=High School&scholarshipId=2015444,High School,"$1,000",January
International Documentary Photography Award,/Toolkit/Training/find-scholarships-detail.aspx?lang=en&pagesize=2191&curPage=1&studyLevelfilter=High School&scholarshipId=2015434,High School,"$1,000",January
"IRARC Memorial, Joseph P. Rubino, WA4MMD, Scholarship",/Toolkit/Training/find-scholarships-detail.aspx?lang=en&pagesize=2191&curPage=1&studyLevelfilter=High School&scholarshipId=9998530,High School,$750,January
Jackie Robinson Foundation Scholarship Program,/Toolkit/Training/find-scholarships-detail.aspx?lang=en&pagesize=2191&curPage=1&studyLevelfilter=High School&scholarshipId=9994237,High School,"$30,000",January
JMJ Phillip Group College Scholarships,/Toolkit/Training/find-scholarships-detail.aspx?lang=en&pagesize=2191&curPage=1&studyLevelfilter=High School&scholarshipId=9994095,High School,"$1,000",January
John W. Kelley Memorial Scholarship Fund,/Toolkit/Training/find-scholarships-detail.aspx?lang=en&pagesize=2191&curPage=1&studyLevelfilter=High School&scholarshipId=9990064,High School,N/A,January
Kamehameha Schools Class of 1961 Scholarship,/Toolkit/Training/find-scholarships-detail.aspx?lang=en&pagesize=2191&curPage=1&studyLevelfilter=High School&scholarshipId=9991619,High School,N/A,January
"Kamehameha Schools Class of 1968 ""Ka Poli O Kaiona"" Scholarships",/Toolkit/Training/find-scholarships-detail.aspx?lang=en&pagesize=2191&curPage=1&studyLevelfilter=High School&scholarshipId=9991614,High School,"$1,100",January
Kamehameha Schools Maui Parent Teacher Student Organization 'A'apueo,/Toolkit/Training/find-scholarships-detail.aspx?lang=en&pagesize=2191&curPage=1&studyLevelfilter=High School&scholarshipId=9991594,High School,N/A,January
Kathy Spadoni Memorial Scholarship,/Toolkit/Training/find-scholarships-detail.aspx?lang=en&pagesize=2191&curPage=1&studyLevelfilter=High School&scholarshipId=9991249,High School,N/A,January
Kendra Smith Scholarship,/Toolkit/Training/find-scholarships-detail.aspx?lang=en&pagesize=2191&curPage=1&studyLevelfilter=High School&scholarshipId=2015494,High School,"$10,000",January
La Voz Latina Scholarship,/Toolkit/Training/find-scholarships-detail.aspx?lang=en&pagesize=2191&curPage=1&studyLevelfilter=High School&scholarshipId=9996858,High School,N/A,January
Local 827 Peter J. Casey Scholarship,/Toolkit/Training/find-scholarships-detail.aspx?lang=en&pagesize=2191&curPage=1&studyLevelfilter=High School&scholarshipId=9994397,High School,"$1,000",January
"M.G. ""Doc"" Headley Scholarships",/Toolkit/Training/find-scholarships-detail.aspx?lang=en&pagesize=2191&curPage=1&studyLevelfilter=High School&scholarshipId=9990066,High School,N/A,January
Mandel and Lauretta Abrahamer Scholarship Fund,/Toolkit/Training/find-scholarships-detail.aspx?lang=en&pagesize=2191&curPage=1&studyLevelfilter=High School&scholarshipId=9990063,High School,N/A,January
Marion E. McRae Trust Forestry Scholarship,/Toolkit/Training/find-scholarships-detail.aspx?lang=en&pagesize=2191&curPage=1&studyLevelfilter=High School&scholarshipId=2015492,High School,"$5,000",January
Michael Lorenzen Foundation Scholarship,/Toolkit/Training/find-scholarships-detail.aspx?lang=en&pagesize=2191&curPage=1&studyLevelfilter=High School&scholarshipId=9993318,High School,"$2,500",January
MIT THINK Scholars Program,/Toolkit/Training/find-scholarships-detail.aspx?lang=en&pagesize=2191&curPage=1&studyLevelfilter=High School&scholarshipId=2013027,High School,"$1,000",January
Murse World Scholarship,/Toolkit/Training/find-scholarships-detail.aspx?lang=en&pagesize=2191&curPage=1&studyLevelfilter=High School&scholarshipId=9993199,High School,"$1,000",January
NASCOE Traditional Scholarships,/Toolkit/Training/find-scholarships-detail.aspx?lang=en&pagesize=2191&curPage=1&studyLevelfilter=High School&scholarshipId=9993097,High School,"$1,500",January
National Beta Scholarships,/Toolkit/Training/find-scholarships-detail.aspx?lang=en&pagesize=2191&curPage=1&studyLevelfilter=High School&scholarshipId=9993057,High School,"$1,000",January
NDFU Scholarship,/Toolkit/Training/find-scholarships-detail.aspx?lang=en&pagesize=2191&curPage=1&studyLevelfilter=High School&scholarshipId=9992268,High School,$500,January
Nettie and Edward Shelah Scholarship Fund,/Toolkit/Training/find-scholarships-detail.aspx?lang=en&pagesize=2191&curPage=1&studyLevelfilter=High School&scholarshipId=9990062,High School,N/A,January
NSPS Scholarship,/Toolkit/Training/find-scholarships-detail.aspx?lang=en&pagesize=2191&curPage=1&studyLevelfilter=High School&scholarshipId=9992719,High School,"$5,000",January
Oregon Latino Scholarship Fund,/Toolkit/Training/find-scholarships-detail.aspx?lang=en&pagesize=2191&curPage=1&studyLevelfilter=High School&scholarshipId=9994642,High School,N/A,January
Pauline Hand Memorial Scholarship,/Toolkit/Training/find-scholarships-detail.aspx?lang=en&pagesize=2191&curPage=1&studyLevelfilter=High School&scholarshipId=9990060,High School,N/A,January
Pride of the Rose Scholarship,/Toolkit/Training/find-scholarships-detail.aspx?lang=en&pagesize=2191&curPage=1&studyLevelfilter=High School&scholarshipId=9991256,High School,N/A,January
Ramos Law Group Family Law Scholarship,/Toolkit/Training/find-scholarships-detail.aspx?lang=en&pagesize=2191&curPage=1&studyLevelfilter=High School&scholarshipId=2015385,High School,"$1,000",January
Richard L. Baker Memorial Scholarship Fund,/Toolkit/Training/find-scholarships-detail.aspx?lang=en&pagesize=2191&curPage=1&studyLevelfilter=High School&scholarshipId=9990059,High School,N/A,January
Sally Beauty Scholarships for High School Graduates,/Toolkit/Training/find-scholarships-detail.aspx?lang=en&pagesize=2191&curPage=1&studyLevelfilter=High School&scholarshipId=9991235,High School,"$1,000",January
Scholarship for Disabled Veterans,/Toolkit/Training/find-scholarships-detail.aspx?lang=en&pagesize=2191&curPage=1&studyLevelfilter=High School&scholarshipId=9993837,High School,N/A,January
Shields-Gillespie Scholarship,/Toolkit/Training/find-scholarships-detail.aspx?lang=en&pagesize=2191&curPage=1&studyLevelfilter=High School&scholarshipId=9999136,High School,N/A,January
SIMR Summer Research Program,/Toolkit/Training/find-scholarships-detail.aspx?lang=en&pagesize=2191&curPage=1&studyLevelfilter=High School&scholarshipId=9990140,High School,$500,January
SNC Women in STEM Scholarship,/Toolkit/Training/find-scholarships-detail.aspx?lang=en&pagesize=2191&curPage=1&studyLevelfilter=High School&scholarshipId=2015497,High School,"$7,500",January
Sutton Award,/Toolkit/Training/find-scholarships-detail.aspx?lang=en&pagesize=2191&curPage=1&studyLevelfilter=High School&scholarshipId=9995512,High School,"$20,000",January
Tara Lynne Arnold Scholarship Fund,/Toolkit/Training/find-scholarships-detail.aspx?lang=en&pagesize=2191&curPage=1&studyLevelfilter=High School&scholarshipId=9990058,High School,N/A,January
Technology Addiction Awareness Scholarship,/Toolkit/Training/find-scholarships-detail.aspx?lang=en&pagesize=2191&curPage=1&studyLevelfilter=High School&scholarshipId=2015205,High School,"$1,000",January
The Advocates Law Scholarship,/Toolkit/Training/find-scholarships-detail.aspx?lang=en&pagesize=2191&curPage=1&studyLevelfilter=High School&scholarshipId=9999940,High School,"$1,000",January
"The Alfred E. Friend, Jr., W4CF Memorial Scholarship",/Toolkit/Training/find-scholarships-detail.aspx?lang=en&pagesize=2191&curPage=1&studyLevelfilter=High School&scholarshipId=9998543,High School,"$5,000",January
The Allen and Bertha Watson Memorial Scholarship,/Toolkit/Training/find-scholarships-detail.aspx?lang=en&pagesize=2191&curPage=1&studyLevelfilter=High School&scholarshipId=9998475,High School,$500,January
The Amateur Radio Digital Communications Scholarships,/Toolkit/Training/find-scholarships-detail.aspx?lang=en&pagesize=2191&curPage=1&studyLevelfilter=High School&scholarshipId=9998574,High School,"$5,000",January
The ARRL General Fund Scholarship,/Toolkit/Training/find-scholarships-detail.aspx?lang=en&pagesize=2191&curPage=1&studyLevelfilter=High School&scholarshipId=9998571,High School,"$2,000",January
The Atlanta Radio Club Scholarship,/Toolkit/Training/find-scholarships-detail.aspx?lang=en&pagesize=2191&curPage=1&studyLevelfilter=High School&scholarshipId=9998568,High School,$500,January
"The Betty Weatherford, KQ6RE, Memorial Scholarship",/Toolkit/Training/find-scholarships-detail.aspx?lang=en&pagesize=2191&curPage=1&studyLevelfilter=High School&scholarshipId=9998474,High School,"$1,000",January
"The Bill, W2ONV, and Ann Salerno Memorial Scholarship",/Toolkit/Training/find-scholarships-detail.aspx?lang=en&pagesize=2191&curPage=1&studyLevelfilter=High School&scholarshipId=9998493,High School,"$1,000",January
"The Byron Blanchard, N1EKV Memorial Scholarship",/Toolkit/Training/find-scholarships-detail.aspx?lang=en&pagesize=2191&curPage=1&studyLevelfilter=High School&scholarshipId=9998563,High School,$500,January
The Central Arizona DX Association Scholarship,/Toolkit/Training/find-scholarships-detail.aspx?lang=en&pagesize=2191&curPage=1&studyLevelfilter=High School&scholarshipId=9998558,High School,"$1,000",January
The Challenge Met Scholarship,/Toolkit/Training/find-scholarships-detail.aspx?lang=en&pagesize=2191&curPage=1&studyLevelfilter=High School&scholarshipId=9998557,High School,$500,January
The Charles Clarke Cordle Memorial Scholarship,/Toolkit/Training/find-scholarships-detail.aspx?lang=en&pagesize=2191&curPage=1&studyLevelfilter=High School&scholarshipId=9998553,High School,"$1,000",January
The Charles N. Fisher Memorial Scholarship,/Toolkit/Training/find-scholarships-detail.aspx?lang=en&pagesize=2191&curPage=1&studyLevelfilter=High School&scholarshipId=9998547,High School,N/A,January
"The Chick Allen, NW3Y, Scholarship",/Toolkit/Training/find-scholarships-detail.aspx?lang=en&pagesize=2191&curPage=1&studyLevelfilter=High School&scholarshipId=9998575,High School,"$3,000",January
"The Clive Frazier, K9FWF, Scholarship",/Toolkit/Training/find-scholarships-detail.aspx?lang=en&pagesize=2191&curPage=1&studyLevelfilter=High School&scholarshipId=9998545,High School,"$1,000",January
The David Knaus Memorial Scholarship,/Toolkit/Training/find-scholarships-detail.aspx?lang=en&pagesize=2191&curPage=1&studyLevelfilter=High School&scholarshipId=9998527,High School,"$3,000",January
The Dayton Amateur Radio Association Scholarship,/Toolkit/Training/find-scholarships-detail.aspx?lang=en&pagesize=2191&curPage=1&studyLevelfilter=High School&scholarshipId=9998549,High School,"$1,000",January
The Don Riebhoff Memorial Scholarship,/Toolkit/Training/find-scholarships-detail.aspx?lang=en&pagesize=2191&curPage=1&studyLevelfilter=High School&scholarshipId=9998494,High School,"$1,000",January
The Edmond A. Metzger Scholarship,/Toolkit/Training/find-scholarships-detail.aspx?lang=en&pagesize=2191&curPage=1&studyLevelfilter=High School&scholarshipId=9998516,High School,$500,January
"The Ernest L. Baulch, W2TX, and Marcia E. Baulch, WA2AKJ, Scholarship",/Toolkit/Training/find-scholarships-detail.aspx?lang=en&pagesize=2191&curPage=1&studyLevelfilter=High School&scholarshipId=9998567,High School,"$3,500",January
The Frankford Radio Club Scholarship,/Toolkit/Training/find-scholarships-detail.aspx?lang=en&pagesize=2191&curPage=1&studyLevelfilter=High School&scholarshipId=9998546,High School,"$1,500",January
The Fred R. McDaniel Memorial Scholarship,/Toolkit/Training/find-scholarships-detail.aspx?lang=en&pagesize=2191&curPage=1&studyLevelfilter=High School&scholarshipId=9998519,High School,$500,January
"The Fritz Nitsch, W4NTO, Memorial Scholarship",/Toolkit/Training/find-scholarships-detail.aspx?lang=en&pagesize=2191&curPage=1&studyLevelfilter=High School&scholarshipId=9998509,High School,"$5,000",January
"The Gary Wagner, K3OMI, Scholarship",/Toolkit/Training/find-scholarships-detail.aspx?lang=en&pagesize=2191&curPage=1&studyLevelfilter=High School&scholarshipId=9998479,High School,"$1,000",January
The Gwinnett Amateur Radio Society Scholarship,/Toolkit/Training/find-scholarships-detail.aspx?lang=en&pagesize=2191&curPage=1&studyLevelfilter=High School&scholarshipId=9998537,High School,"$1,000",January
"The Harry A. Hodges, W6YOO, Scholarship",/Toolkit/Training/find-scholarships-detail.aspx?lang=en&pagesize=2191&curPage=1&studyLevelfilter=High School&scholarshipId=9998533,High School,"$1,000",January
The Helen Laughlin AM Mode Memorial Scholarship,/Toolkit/Training/find-scholarships-detail.aspx?lang=en&pagesize=2191&curPage=1&studyLevelfilter=High School&scholarshipId=9998526,High School,"$1,000",January
The Helena B. Cobb Annual Scholarship,/Toolkit/Training/find-scholarships-detail.aspx?lang=en&pagesize=2191&curPage=1&studyLevelfilter=High School&scholarshipId=9989045,High School,N/A,January
"The Henry Broughton, K2AE, Memorial Scholarship",/Toolkit/Training/find-scholarships-detail.aspx?lang=en&pagesize=2191&curPage=1&studyLevelfilter=High School&scholarshipId=9998562,High School,"$1,000",January
The Indianapolis Amateur Radio Association Scholarship Fund,/Toolkit/Training/find-scholarships-detail.aspx?lang=en&pagesize=2191&curPage=1&studyLevelfilter=High School&scholarshipId=9998531,High School,"$1,000",January
The Irving W. Cook WA0CGS Scholarship,/Toolkit/Training/find-scholarships-detail.aspx?lang=en&pagesize=2191&curPage=1&studyLevelfilter=High School&scholarshipId=9998554,High School,"$1,000",January
The Jake McClain Driver KC5WXA Scholarship,/Toolkit/Training/find-scholarships-detail.aspx?lang=en&pagesize=2191&curPage=1&studyLevelfilter=High School&scholarshipId=9998520,High School,"$1,000",January
The Joel R. Miller (W7PDX) and Martha C. Miller STEM Scholarship,/Toolkit/Training/find-scholarships-detail.aspx?lang=en&pagesize=2191&curPage=1&studyLevelfilter=High School&scholarshipId=9998515,High School,"$1,000",January
"The John C. York, KE5V, Scholarship",/Toolkit/Training/find-scholarships-detail.aspx?lang=en&pagesize=2191&curPage=1&studyLevelfilter=High School&scholarshipId=9998469,High School,"$1,000",January
"The K2TEO Martin J. Green, Sr. Memorial Scholarship",/Toolkit/Training/find-scholarships-detail.aspx?lang=en&pagesize=2191&curPage=1&studyLevelfilter=High School&scholarshipId=9998539,High School,"$1,000",January
The K6GO Gayle Olson and NA6MB Mike Binder Scholarship,/Toolkit/Training/find-scholarships-detail.aspx?lang=en&pagesize=2191&curPage=1&studyLevelfilter=High School&scholarshipId=9998529,High School,"$1,000",January
"The L. B. Cebik, W4RNL, and Jean Cebik, N4TZP, Memorial Scholarship",/Toolkit/Training/find-scholarships-detail.aspx?lang=en&pagesize=2191&curPage=1&studyLevelfilter=High School&scholarshipId=9998559,High School,"$5,000",January
The L. Phil and Alice J. Wicker Scholarship,/Toolkit/Training/find-scholarships-detail.aspx?lang=en&pagesize=2191&curPage=1&studyLevelfilter=High School&scholarshipId=9998473,High School,$500,January
The Magnolia DX Association Scholarship,/Toolkit/Training/find-scholarships-detail.aspx?lang=en&pagesize=2191&curPage=1&studyLevelfilter=High School&scholarshipId=9998523,High School,$500,January
The Mary Lou Brown Scholarship,/Toolkit/Training/find-scholarships-detail.aspx?lang=en&pagesize=2191&curPage=1&studyLevelfilter=High School&scholarshipId=9998561,High School,"$2,500",January
The McClellan Family Scholarship,/Toolkit/Training/find-scholarships-detail.aspx?lang=en&pagesize=2191&curPage=1&studyLevelfilter=High School&scholarshipId=9991578,High School,N/A,January
The Medical Amateur Radio Council Scholarship,/Toolkit/Training/find-scholarships-detail.aspx?lang=en&pagesize=2191&curPage=1&studyLevelfilter=High School&scholarshipId=9998517,High School,"$1,000",January
The New England Amateur Radio Festival Memorial Scholarship,/Toolkit/Training/find-scholarships-detail.aspx?lang=en&pagesize=2191&curPage=1&studyLevelfilter=High School&scholarshipId=9998511,High School,"$2,000",January
The New England FEMARA Scholarship,/Toolkit/Training/find-scholarships-detail.aspx?lang=en&pagesize=2191&curPage=1&studyLevelfilter=High School&scholarshipId=9998510,High School,"$1,000",January
The North Texas Section Bob Nelson KB5BNU Memorial Scholarship,/Toolkit/Training/find-scholarships-detail.aspx?lang=en&pagesize=2191&curPage=1&studyLevelfilter=High School&scholarshipId=9998507,High School,$750,January
The Palomar Amateur Radio Club Scholarship,/Toolkit/Training/find-scholarships-detail.aspx?lang=en&pagesize=2191&curPage=1&studyLevelfilter=High School&scholarshipId=9998502,High School,"$1,000",January
The Paul and Helen L. Grauer Scholarships,/Toolkit/Training/find-scholarships-detail.aspx?lang=en&pagesize=2191&curPage=1&studyLevelfilter=High School&scholarshipId=9998540,High School,"$1,000",January
The Peoria Area Amateur Radio Club Scholarship,/Toolkit/Training/find-scholarships-detail.aspx?lang=en&pagesize=2191&curPage=1&studyLevelfilter=High School&scholarshipId=9998501,High School,$500,January
"The Ray, NORP, & Katie, WOKTE, Pautz Scholarship",/Toolkit/Training/find-scholarships-detail.aspx?lang=en&pagesize=2191&curPage=1&studyLevelfilter=High School&scholarshipId=9998496,High School,$500,January
"The Rev. Paul E. Bittner, W0AIH, Memorial Scholarship",/Toolkit/Training/find-scholarships-detail.aspx?lang=en&pagesize=2191&curPage=1&studyLevelfilter=High School&scholarshipId=9998564,High School,"$1,000",January
"The RFinder LLC – Arthur L. Greenberg, W2LH, and Madeline",/Toolkit/Training/find-scholarships-detail.aspx?lang=en&pagesize=2191&curPage=1&studyLevelfilter=High School&scholarshipId=9998495,High School,"$1,000",January
"The Richard G. Kirkpatrick, K8WU, Memorial Scholarship",/Toolkit/Training/find-scholarships-detail.aspx?lang=en&pagesize=2191&curPage=1&studyLevelfilter=High School&scholarshipId=9998528,High School,"$1,000",January
"The Richard W. Bendicksen, N7ZL, Memorial Scholarship",/Toolkit/Training/find-scholarships-detail.aspx?lang=en&pagesize=2191&curPage=1&studyLevelfilter=High School&scholarshipId=9998566,High School,"$1,000",January
The Richard Warren K6OBS Memorial Scholarship,/Toolkit/Training/find-scholarships-detail.aspx?lang=en&pagesize=2191&curPage=1&studyLevelfilter=High School&scholarshipId=9998476,High School,$500,January
The Six Meter Club of Chicago Scholarship,/Toolkit/Training/find-scholarships-detail.aspx?lang=en&pagesize=2191&curPage=1&studyLevelfilter=High School&scholarshipId=9998489,High School,$500,January
"The Ted, W4VHF, and Itice, K4LVV, Goldthorpe Scholarship",/Toolkit/Training/find-scholarships-detail.aspx?lang=en&pagesize=2191&curPage=1&studyLevelfilter=High School&scholarshipId=9998483,High School,$500,January
The Tom and Judith Comstock Scholarship,/Toolkit/Training/find-scholarships-detail.aspx?lang=en&pagesize=2191&curPage=1&studyLevelfilter=High School&scholarshipId=9998555,High School,"$2,000",January
"The Walter Gallinghouse, K5DSL, Scholarship",/Toolkit/Training/find-scholarships-detail.aspx?lang=en&pagesize=2191&curPage=1&studyLevelfilter=High School&scholarshipId=9998542,High School,"$1,000",January
"The Wayne Nelson, KB4UT, Memorial Scholarship",/Toolkit/Training/find-scholarships-detail.aspx?lang=en&pagesize=2191&curPage=1&studyLevelfilter=High School&scholarshipId=9998512,High School,"$1,000",January
The Wilse Morgan WX7P Memorial ARRL Northwestern Division Scholarship,/Toolkit/Training/find-scholarships-detail.aspx?lang=en&pagesize=2191&curPage=1&studyLevelfilter=High School&scholarshipId=9998513,High School,"$2,000",January
The World Wide Radio Operators Foundation Scholarship,/Toolkit/Training/find-scholarships-detail.aspx?lang=en&pagesize=2191&curPage=1&studyLevelfilter=High School&scholarshipId=9998472,High School,"$2,500",January
The YASME Foundation Scholarship,/Toolkit/Training/find-scholarships-detail.aspx?lang=en&pagesize=2191&curPage=1&studyLevelfilter=High School&scholarshipId=9998470,High School,"$3,000",January
Thurgood Marshall Summer Law Internship Program,/Toolkit/Training/find-scholarships-detail.aspx?lang=en&pagesize=2191&curPage=1&studyLevelfilter=High School&scholarshipId=9992552,High School,N/A,January
Verna Curry Boyer Scholarship Fund,/Toolkit/Training/find-scholarships-detail.aspx?lang=en&pagesize=2191&curPage=1&studyLevelfilter=High School&scholarshipId=9990057,High School,N/A,January
Accelerator Applications Division Scholarship,/Toolkit/Training/find-scholarships-detail.aspx?lang=en&pagesize=2191&curPage=1&studyLevelfilter=High School&scholarshipId=9999186,High School,"$2,000",February
Achieving My Potential Scholarship,/Toolkit/Training/find-scholarships-detail.aspx?lang=en&pagesize=2191&curPage=1&studyLevelfilter=High School&scholarshipId=2015320,High School,"$2,000",February
Act of Kindness Scholarship,/Toolkit/Training/find-scholarships-detail.aspx?lang=en&pagesize=2191&curPage=1&studyLevelfilter=High School&scholarshipId=2015481,High School,"$1,000",February
Adam Johnston Memorial Scholarship,/Toolkit/Training/find-scholarships-detail.aspx?lang=en&pagesize=2191&curPage=1&studyLevelfilter=High School&scholarshipId=9993526,High School,N/A,February
Aeronautical Science Pathway Scholarship,/Toolkit/Training/find-scholarships-detail.aspx?lang=en&pagesize=2191&curPage=1&studyLevelfilter=High School&scholarshipId=9993195,High School,"$5,000",February
Alaska Airlines Flight Training Scholarship,/Toolkit/Training/find-scholarships-detail.aspx?lang=en&pagesize=2191&curPage=1&studyLevelfilter=High School&scholarshipId=9993194,High School,"$14,000",February
Albert H. Roffers Athletic Scholarship Fund,/Toolkit/Training/find-scholarships-detail.aspx?lang=en&pagesize=2191&curPage=1&studyLevelfilter=High School&scholarshipId=9996124,High School,"$1,000",February
Alex Cooper Memorial Scholarship,/Toolkit/Training/find-scholarships-detail.aspx?lang=en&pagesize=2191&curPage=1&studyLevelfilter=High School&scholarshipId=9993560,High School,N/A,February
Alex Family Scholarship,/Toolkit/Training/find-scholarships-detail.aspx?lang=en&pagesize=2191&curPage=1&studyLevelfilter=High School&scholarshipId=9993576,High School,N/A,February
Alex Masters Memorial Scholarship,/Toolkit/Training/find-scholarships-detail.aspx?lang=en&pagesize=2191&curPage=1&studyLevelfilter=High School&scholarshipId=9993498,High School,N/A,February
Alice C. Coapland Scholarship,/Toolkit/Training/find-scholarships-detail.aspx?lang=en&pagesize=2191&curPage=1&studyLevelfilter=High School&scholarshipId=9989399,High School,"$3,000",February
Alice Kleeman and Joseph Buttram Impact Scholarship,/Toolkit/Training/find-scholarships-detail.aspx?lang=en&pagesize=2191&curPage=1&studyLevelfilter=High School&scholarshipId=9990654,High School,"$10,000",February
Alice Newell Joslyn Medical Scholarship,/Toolkit/Training/find-scholarships-detail.aspx?lang=en&pagesize=2191&curPage=1&studyLevelfilter=High School&scholarshipId=9998149,High School,$500,February
Allan F. Henry/Paul A. Greebler Scholarship,/Toolkit/Training/find-scholarships-detail.aspx?lang=en&pagesize=2191&curPage=1&studyLevelfilter=High School&scholarshipId=9999168,High School,"$5,000",February
Allyson M. Haycox Memorial Scholarship,/Toolkit/Training/find-scholarships-detail.aspx?lang=en&pagesize=2191&curPage=1&studyLevelfilter=High School&scholarshipId=9993534,High School,N/A,February
AMA/Charles H. Grant Scholarship Program,/Toolkit/Training/find-scholarships-detail.aspx?lang=en&pagesize=2191&curPage=1&studyLevelfilter=High School&scholarshipId=9999966,High School,"$40,000",February
Amber Huber Memorial Scholarship,/Toolkit/Training/find-scholarships-detail.aspx?lang=en&pagesize=2191&curPage=1&studyLevelfilter=High School&scholarshipId=9996862,High School,N/A,February
AMS Freshman Undergraduate Scholarship,/Toolkit/Training/find-scholarships-detail.aspx?lang=en&pagesize=2191&curPage=1&studyLevelfilter=High School&scholarshipId=9999218,High School,"$2,500",February
Amy Lowenstein Scholarship,/Toolkit/Training/find-scholarships-detail.aspx?lang=en&pagesize=2191&curPage=1&studyLevelfilter=High School&scholarshipId=9989366,High School,"$2,500",February
Andrew LaFaive Memorial Scholarship,/Toolkit/Training/find-scholarships-detail.aspx?lang=en&pagesize=2191&curPage=1&studyLevelfilter=High School&scholarshipId=9994215,High School,"$5,000",February
Andrew Wigton Memorial Scholarship,/Toolkit/Training/find-scholarships-detail.aspx?lang=en&pagesize=2191&curPage=1&studyLevelfilter=High School&scholarshipId=9993449,High School,N/A,February
Ann Liguori Foundation Sports Media Scholarship,/Toolkit/Training/find-scholarships-detail.aspx?lang=en&pagesize=2191&curPage=1&studyLevelfilter=High School&scholarshipId=9992507,High School,N/A,February
Anne D. Maloof,/Toolkit/Training/find-scholarships-detail.aspx?lang=en&pagesize=2191&curPage=1&studyLevelfilter=High School&scholarshipId=2015487,High School,"$5,000",February
ANS Graduate Scholarships,/Toolkit/Training/find-scholarships-detail.aspx?lang=en&pagesize=2191&curPage=1&studyLevelfilter=High School&scholarshipId=9999184,High School,"$3,000",February
"Anthony Alexander, Andrew Delos Reyes & Jeremy Tolentino",/Toolkit/Training/find-scholarships-detail.aspx?lang=en&pagesize=2191&curPage=1&studyLevelfilter=High School&scholarshipId=9995012,High School,N/A,February
Antonia Dellas Memorial Scholarship,/Toolkit/Training/find-scholarships-detail.aspx?lang=en&pagesize=2191&curPage=1&studyLevelfilter=High School&scholarshipId=9994236,High School,"$2,000",February
APIQWTC Scholarship,/Toolkit/Training/find-scholarships-detail.aspx?lang=en&pagesize=2191&curPage=1&studyLevelfilter=High School&scholarshipId=9998452,High School,"$2,500",February
Arasim-Obuchowski Scholarship,/Toolkit/Training/find-scholarships-detail.aspx?lang=en&pagesize=2191&curPage=1&studyLevelfilter=High School&scholarshipId=9994235,High School,"$1,000",February
Aris Kasotis Memorial Scholarship,/Toolkit/Training/find-scholarships-detail.aspx?lang=en&pagesize=2191&curPage=1&studyLevelfilter=High School&scholarshipId=9993522,High School,N/A,February
Art and Anne Huggler Memorial Scholarship,/Toolkit/Training/find-scholarships-detail.aspx?lang=en&pagesize=2191&curPage=1&studyLevelfilter=High School&scholarshipId=9993530,High School,N/A,February
Arthur and Gladys Cervenka Scholarship,/Toolkit/Training/find-scholarships-detail.aspx?lang=en&pagesize=2191&curPage=1&studyLevelfilter=High School&scholarshipId=9990482,High School,N/A,February
Ascutney Mountain Audubon Society Scholarship,/Toolkit/Training/find-scholarships-detail.aspx?lang=en&pagesize=2191&curPage=1&studyLevelfilter=High School&scholarshipId=9989410,High School,"$1,000",February
Ashley E. Ketcher Memorial Scholarship,/Toolkit/Training/find-scholarships-detail.aspx?lang=en&pagesize=2191&curPage=1&studyLevelfilter=High School&scholarshipId=9996859,High School,N/A,February
ASMC National Scholarship Program,/Toolkit/Training/find-scholarships-detail.aspx?lang=en&pagesize=2191&curPage=1&studyLevelfilter=High School&scholarshipId=9998896,High School,N/A,February
Autism/ASD Scholarship,/Toolkit/Training/find-scholarships-detail.aspx?lang=en&pagesize=2191&curPage=1&studyLevelfilter=High School&scholarshipId=9993934,High School,"$1,000",February
Barbara and Nicole Heacox Foreign Study & Travel Scholarship,/Toolkit/Training/find-scholarships-detail.aspx?lang=en&pagesize=2191&curPage=1&studyLevelfilter=High School&scholarshipId=9995412,High School,N/A,February
Barbara Hagan Richards Scholarship Fund,/Toolkit/Training/find-scholarships-detail.aspx?lang=en&pagesize=2191&curPage=1&studyLevelfilter=High School&scholarshipId=9996995,High School,N/A,February
Barrows Family Scholarship Fund,/Toolkit/Training/find-scholarships-detail.aspx?lang=en&pagesize=2191&curPage=1&studyLevelfilter=High School&scholarshipId=9996182,High School,N/A,February
Beatrice Prior Memorial Scholarship,/Toolkit/Training/find-scholarships-detail.aspx?lang=en&pagesize=2191&curPage=1&studyLevelfilter=High School&scholarshipId=9993484,High School,N/A,February
Beaver Medical Clinic Foundation - H.E.A.R.T. Academy Award,/Toolkit/Training/find-scholarships-detail.aspx?lang=en&pagesize=2191&curPage=1&studyLevelfilter=High School&scholarshipId=9991094,High School,$750,February
BECA General Scholarship,/Toolkit/Training/find-scholarships-detail.aspx?lang=en&pagesize=2191&curPage=1&studyLevelfilter=High School&scholarshipId=9998148,High School,$500,February
Benjamin Asbell Memorial Awards,/Toolkit/Training/find-scholarships-detail.aspx?lang=en&pagesize=2191&curPage=1&studyLevelfilter=High School&scholarshipId=9997865,High School,"$1,000",February
Benjamin L. Ellison Future Pilot Scholarship,/Toolkit/Training/find-scholarships-detail.aspx?lang=en&pagesize=2191&curPage=1&studyLevelfilter=High School&scholarshipId=9993192,High School,"$14,000",February
Bergmann Family Scholarship,/Toolkit/Training/find-scholarships-detail.aspx?lang=en&pagesize=2191&curPage=1&studyLevelfilter=High School&scholarshipId=9993573,High School,N/A,February
Bernard B. and Mary L. Brusin Scholarship Fund,/Toolkit/Training/find-scholarships-detail.aspx?lang=en&pagesize=2191&curPage=1&studyLevelfilter=High School&scholarshipId=9996180,High School,"$5,000",February
Bernard Kilgore Memorial Scholarship,/Toolkit/Training/find-scholarships-detail.aspx?lang=en&pagesize=2191&curPage=1&studyLevelfilter=High School&scholarshipId=9992565,High School,"$5,000",February
Bertha M. Fase Memorial Scholarship,/Toolkit/Training/find-scholarships-detail.aspx?lang=en&pagesize=2191&curPage=1&studyLevelfilter=High School&scholarshipId=9995419,High School,N/A,February
Betty J. Cecere Memorial Scholarship,/Toolkit/Training/find-scholarships-detail.aspx?lang=en&pagesize=2191&curPage=1&studyLevelfilter=High School&scholarshipId=9989197,High School,"$2,900",February
Bill & Joan Cones Scholarship,/Toolkit/Training/find-scholarships-detail.aspx?lang=en&pagesize=2191&curPage=1&studyLevelfilter=High School&scholarshipId=9993562,High School,N/A,February
Bob and Carole Lent Scholarship Fund,/Toolkit/Training/find-scholarships-detail.aspx?lang=en&pagesize=2191&curPage=1&studyLevelfilter=High School&scholarshipId=9996147,High School,N/A,February
BOCA Scholarship,/Toolkit/Training/find-scholarships-detail.aspx?lang=en&pagesize=2191&curPage=1&studyLevelfilter=High School&scholarshipId=9998056,High School,N/A,February
Brenda Dye Music Boosters Scholarship,/Toolkit/Training/find-scholarships-detail.aspx?lang=en&pagesize=2191&curPage=1&studyLevelfilter=High School&scholarshipId=9993554,High School,N/A,February
Brian and Denise Spires Scholarship,/Toolkit/Training/find-scholarships-detail.aspx?lang=en&pagesize=2191&curPage=1&studyLevelfilter=High School&scholarshipId=9993467,High School,N/A,February
Buster Lindsay Memorial Scholarship,/Toolkit/Training/find-scholarships-detail.aspx?lang=en&pagesize=2191&curPage=1&studyLevelfilter=High School&scholarshipId=9996856,High School,N/A,February
Buster Pool Memorial Scholarship Fund,/Toolkit/Training/find-scholarships-detail.aspx?lang=en&pagesize=2191&curPage=1&studyLevelfilter=High School&scholarshipId=9996993,High School,N/A,February
C.E. Boucher Scholarship,/Toolkit/Training/find-scholarships-detail.aspx?lang=en&pagesize=2191&curPage=1&studyLevelfilter=High School&scholarshipId=2015484,High School,"$5,000",February
Caledonia Alumni Association Scholarship,/Toolkit/Training/find-scholarships-detail.aspx?lang=en&pagesize=2191&curPage=1&studyLevelfilter=High School&scholarshipId=9993567,High School,N/A,February
Carey Family Scholarship,/Toolkit/Training/find-scholarships-detail.aspx?lang=en&pagesize=2191&curPage=1&studyLevelfilter=High School&scholarshipId=9993566,High School,N/A,February
Carol S. Geissler Memorial Scholarship,/Toolkit/Training/find-scholarships-detail.aspx?lang=en&pagesize=2191&curPage=1&studyLevelfilter=High School&scholarshipId=9993544,High School,N/A,February
Caroline and Martin Gross Fellowship,/Toolkit/Training/find-scholarships-detail.aspx?lang=en&pagesize=2191&curPage=1&studyLevelfilter=High School&scholarshipId=9992586,High School,N/A,February
Catherine Amelia Thew Brown Memorial Scholarship,/Toolkit/Training/find-scholarships-detail.aspx?lang=en&pagesize=2191&curPage=1&studyLevelfilter=High School&scholarshipId=9993571,High School,N/A,February
Catherine Amelia Thew Brown Scholarship,/Toolkit/Training/find-scholarships-detail.aspx?lang=en&pagesize=2191&curPage=1&studyLevelfilter=High School&scholarshipId=9993570,High School,N/A,February
Catherine Leila Ferguson Memorial Scholarship,/Toolkit/Training/find-scholarships-detail.aspx?lang=en&pagesize=2191&curPage=1&studyLevelfilter=High School&scholarshipId=9993550,High School,N/A,February
Catrala - Hawaii Scholarship Fund,/Toolkit/Training/find-scholarships-detail.aspx?lang=en&pagesize=2191&curPage=1&studyLevelfilter=High School&scholarshipId=9994988,High School,N/A,February
CFNIL Senior Memorial Scholarship,/Toolkit/Training/find-scholarships-detail.aspx?lang=en&pagesize=2191&curPage=1&studyLevelfilter=High School&scholarshipId=9996869,High School,N/A,February
Chapter 1 - Detroit Associate Scholarship,/Toolkit/Training/find-scholarships-detail.aspx?lang=en&pagesize=2191&curPage=1&studyLevelfilter=High School&scholarshipId=9990481,High School,N/A,February
Chapter 116 - Roscoe Douglas Scholarship,/Toolkit/Training/find-scholarships-detail.aspx?lang=en&pagesize=2191&curPage=1&studyLevelfilter=High School&scholarshipId=9990479,High School,N/A,February
Chapter 17 - St. Louis Scholarship,/Toolkit/Training/find-scholarships-detail.aspx?lang=en&pagesize=2191&curPage=1&studyLevelfilter=High School&scholarshipId=9990478,High School,N/A,February
Chapter 23 - Quad Cities Scholarship,/Toolkit/Training/find-scholarships-detail.aspx?lang=en&pagesize=2191&curPage=1&studyLevelfilter=High School&scholarshipId=9990477,High School,N/A,February
Chapter 31 - Peoria Scholarship,/Toolkit/Training/find-scholarships-detail.aspx?lang=en&pagesize=2191&curPage=1&studyLevelfilter=High School&scholarshipId=9990476,High School,N/A,February
Chapter 4 - Lawrence A. Wacker Memorial Scholarship,/Toolkit/Training/find-scholarships-detail.aspx?lang=en&pagesize=2191&curPage=1&studyLevelfilter=High School&scholarshipId=9990474,High School,N/A,February
Chapter 52 - Wichita Scholarship,/Toolkit/Training/find-scholarships-detail.aspx?lang=en&pagesize=2191&curPage=1&studyLevelfilter=High School&scholarshipId=9990473,High School,N/A,February
Chapter 56 - Ft. Wayne Scholarship,/Toolkit/Training/find-scholarships-detail.aspx?lang=en&pagesize=2191&curPage=1&studyLevelfilter=High School&scholarshipId=9990472,High School,N/A,February
Chapter 6 - Fairfield County Scholarship,/Toolkit/Training/find-scholarships-detail.aspx?lang=en&pagesize=2191&curPage=1&studyLevelfilter=High School&scholarshipId=9990471,High School,N/A,February
Chapter 63 - Morrow Scholarship,/Toolkit/Training/find-scholarships-detail.aspx?lang=en&pagesize=2191&curPage=1&studyLevelfilter=High School&scholarshipId=9990470,High School,N/A,February
Chapter 63 - Smith Memorial Scholarship,/Toolkit/Training/find-scholarships-detail.aspx?lang=en&pagesize=2191&curPage=1&studyLevelfilter=High School&scholarshipId=9990469,High School,N/A,February
Chapter 93 - Albuquerque Scholarship,/Toolkit/Training/find-scholarships-detail.aspx?lang=en&pagesize=2191&curPage=1&studyLevelfilter=High School&scholarshipId=9990466,High School,N/A,February
Charles (Tommy) Thomas Memorial Scholarship,/Toolkit/Training/find-scholarships-detail.aspx?lang=en&pagesize=2191&curPage=1&studyLevelfilter=High School&scholarshipId=9999152,High School,"$2,000",February
Charles and Eleanor Rycenga Education Scholarship,/Toolkit/Training/find-scholarships-detail.aspx?lang=en&pagesize=2191&curPage=1&studyLevelfilter=High School&scholarshipId=9995394,High School,N/A,February
Charles E. Orcena Scholarship,/Toolkit/Training/find-scholarships-detail.aspx?lang=en&pagesize=2191&curPage=1&studyLevelfilter=High School&scholarshipId=9993492,High School,N/A,February
Charles L. Hastings Memorial Scholarship,/Toolkit/Training/find-scholarships-detail.aspx?lang=en&pagesize=2191&curPage=1&studyLevelfilter=High School&scholarshipId=9993536,High School,N/A,February
Charles Lee Anderson Memorial Scholarship,/Toolkit/Training/find-scholarships-detail.aspx?lang=en&pagesize=2191&curPage=1&studyLevelfilter=High School&scholarshipId=9996871,High School,N/A,February
Charlotte Ulland Scholarship Fund for Girls,/Toolkit/Training/find-scholarships-detail.aspx?lang=en&pagesize=2191&curPage=1&studyLevelfilter=High School&scholarshipId=9996109,High School,N/A,February
Cheryl Oehler Memorial Scholarship,/Toolkit/Training/find-scholarships-detail.aspx?lang=en&pagesize=2191&curPage=1&studyLevelfilter=High School&scholarshipId=9993493,High School,N/A,February
Chiarenza Memorial Scholarship,/Toolkit/Training/find-scholarships-detail.aspx?lang=en&pagesize=2191&curPage=1&studyLevelfilter=High School&scholarshipId=9989194,High School,"$3,500",February
Chief John Raaflaub Memorial Firefighter Scholarship Fund,/Toolkit/Training/find-scholarships-detail.aspx?lang=en&pagesize=2191&curPage=1&studyLevelfilter=High School&scholarshipId=9996128,High School,N/A,February
Christopher B. Ream Scholarship,/Toolkit/Training/find-scholarships-detail.aspx?lang=en&pagesize=2191&curPage=1&studyLevelfilter=High School&scholarshipId=9993483,High School,N/A,February
Clare Cooke Performing Arts Scholarship,/Toolkit/Training/find-scholarships-detail.aspx?lang=en&pagesize=2191&curPage=1&studyLevelfilter=High School&scholarshipId=9993561,High School,N/A,February
Clarence & Josephine Myers Undergraduate Scholarship,/Toolkit/Training/find-scholarships-detail.aspx?lang=en&pagesize=2191&curPage=1&studyLevelfilter=High School&scholarshipId=9990457,High School,N/A,February
Cliff and Nancy Telford Scholarship Fund,/Toolkit/Training/find-scholarships-detail.aspx?lang=en&pagesize=2191&curPage=1&studyLevelfilter=High School&scholarshipId=9999965,High School,N/A,February
Clifford and Frances Strine Family Scholarship,/Toolkit/Training/find-scholarships-detail.aspx?lang=en&pagesize=2191&curPage=1&studyLevelfilter=High School&scholarshipId=9993463,High School,N/A,February
Clinton J. Helton Manufacturing Scholarship,/Toolkit/Training/find-scholarships-detail.aspx?lang=en&pagesize=2191&curPage=1&studyLevelfilter=High School&scholarshipId=9990464,High School,N/A,February
Community Foundation of Northern Illinois Scholarship,/Toolkit/Training/find-scholarships-detail.aspx?lang=en&pagesize=2191&curPage=1&studyLevelfilter=High School&scholarshipId=9996867,High School,N/A,February
Community's Memorial Scholarship,/Toolkit/Training/find-scholarships-detail.aspx?lang=en&pagesize=2191&curPage=1&studyLevelfilter=High School&scholarshipId=9993563,High School,N/A,February
Connie and Robert T. Gunter Scholarship,/Toolkit/Training/find-scholarships-detail.aspx?lang=en&pagesize=2191&curPage=1&studyLevelfilter=High School&scholarshipId=9990465,High School,N/A,February
Cornell Family Scholarship Fund,/Toolkit/Training/find-scholarships-detail.aspx?lang=en&pagesize=2191&curPage=1&studyLevelfilter=High School&scholarshipId=9996173,High School,N/A,February
Cornell/Goodman Scholarship,/Toolkit/Training/find-scholarships-detail.aspx?lang=en&pagesize=2191&curPage=1&studyLevelfilter=High School&scholarshipId=9993559,High School,N/A,February
Cory Jam Memorial Award,/Toolkit/Training/find-scholarships-detail.aspx?lang=en&pagesize=2191&curPage=1&studyLevelfilter=High School&scholarshipId=9996151,High School,"$1,000",February
Crafton Hills College Foundation Scholarship,/Toolkit/Training/find-scholarships-detail.aspx?lang=en&pagesize=2191&curPage=1&studyLevelfilter=High School&scholarshipId=9991084,High School,$500,February
Craig Scholarship,/Toolkit/Training/find-scholarships-detail.aspx?lang=en&pagesize=2191&curPage=1&studyLevelfilter=High School&scholarshipId=9993558,High School,N/A,February
D.J. Lovell Scholarship,/Toolkit/Training/find-scholarships-detail.aspx?lang=en&pagesize=2191&curPage=1&studyLevelfilter=High School&scholarshipId=9990160,High School,"$11,000",February
Daniel B. Stover Memorial Scholarship,/Toolkit/Training/find-scholarships-detail.aspx?lang=en&pagesize=2191&curPage=1&studyLevelfilter=High School&scholarshipId=9993464,High School,N/A,February
"Daniel Gerber, Sr. Medallion Scholarship",/Toolkit/Training/find-scholarships-detail.aspx?lang=en&pagesize=2191&curPage=1&studyLevelfilter=High School&scholarshipId=9995490,High School,"$10,600",February
Daniel L. Reiss Memorial Scholarship,/Toolkit/Training/find-scholarships-detail.aspx?lang=en&pagesize=2191&curPage=1&studyLevelfilter=High School&scholarshipId=9995396,High School,N/A,February
Danny C. Sipes Memorial Scholarship,/Toolkit/Training/find-scholarships-detail.aspx?lang=en&pagesize=2191&curPage=1&studyLevelfilter=High School&scholarshipId=9993468,High School,N/A,February
David A. Hicks Memorial Scholarship,/Toolkit/Training/find-scholarships-detail.aspx?lang=en&pagesize=2191&curPage=1&studyLevelfilter=High School&scholarshipId=9989384,High School,"$2,000",February
David and Sharon Seaver Family Scholarship Fund in Memory of Timothy,/Toolkit/Training/find-scholarships-detail.aspx?lang=en&pagesize=2191&curPage=1&studyLevelfilter=High School&scholarshipId=9995391,High School,N/A,February
David G. Wilhelm Memorial Scholarship,/Toolkit/Training/find-scholarships-detail.aspx?lang=en&pagesize=2191&curPage=1&studyLevelfilter=High School&scholarshipId=9993448,High School,N/A,February
David Hartley Fund,/Toolkit/Training/find-scholarships-detail.aspx?lang=en&pagesize=2191&curPage=1&studyLevelfilter=High School&scholarshipId=9996158,High School,N/A,February
David K. Rogers Memorial Scholarship,/Toolkit/Training/find-scholarships-detail.aspx?lang=en&pagesize=2191&curPage=1&studyLevelfilter=High School&scholarshipId=9993476,High School,N/A,February
Death Valley '49ers Scholarships,/Toolkit/Training/find-scholarships-detail.aspx?lang=en&pagesize=2191&curPage=1&studyLevelfilter=High School&scholarshipId=9996331,High School,"$4,000",February
Deborah Jean Rydberg Memorial Scholarship,/Toolkit/Training/find-scholarships-detail.aspx?lang=en&pagesize=2191&curPage=1&studyLevelfilter=High School&scholarshipId=9996847,High School,N/A,February
Delete Cyberbullying Social Media Scholarship,/Toolkit/Training/find-scholarships-detail.aspx?lang=en&pagesize=2191&curPage=1&studyLevelfilter=High School&scholarshipId=2015520,High School,N/A,February
Dennis J. Beck Memorial Scholarship,/Toolkit/Training/find-scholarships-detail.aspx?lang=en&pagesize=2191&curPage=1&studyLevelfilter=High School&scholarshipId=9994234,High School,"$1,000",February
Denton and Ann Lyon Scholarship,/Toolkit/Training/find-scholarships-detail.aspx?lang=en&pagesize=2191&curPage=1&studyLevelfilter=High School&scholarshipId=9989364,High School,"$2,000",February
Dickey Rural Networks Scholarship,/Toolkit/Training/find-scholarships-detail.aspx?lang=en&pagesize=2191&curPage=1&studyLevelfilter=High School&scholarshipId=9996261,High School,$500,February
DKG Carolyn Wones Scholarship,/Toolkit/Training/find-scholarships-detail.aspx?lang=en&pagesize=2191&curPage=1&studyLevelfilter=High School&scholarshipId=9996866,High School,N/A,February
Donald B. Justice Memorial Scholarship,/Toolkit/Training/find-scholarships-detail.aspx?lang=en&pagesize=2191&curPage=1&studyLevelfilter=High School&scholarshipId=9993524,High School,N/A,February
Donald E. Pizzini Memorial Nurse Scholarship,/Toolkit/Training/find-scholarships-detail.aspx?lang=en&pagesize=2191&curPage=1&studyLevelfilter=High School&scholarshipId=9993224,High School,"$1,000",February
Donald S. & Beulah Mae Williams Scholarship,/Toolkit/Training/find-scholarships-detail.aspx?lang=en&pagesize=2191&curPage=1&studyLevelfilter=High School&scholarshipId=9993446,High School,N/A,February
Donna M. Flach Memorial Scholarship,/Toolkit/Training/find-scholarships-detail.aspx?lang=en&pagesize=2191&curPage=1&studyLevelfilter=High School&scholarshipId=9993549,High School,N/A,February
Doreen Legg Memorial Scholarships,/Toolkit/Training/find-scholarships-detail.aspx?lang=en&pagesize=2191&curPage=1&studyLevelfilter=High School&scholarshipId=9991071,High School,$500,February
Dorothy and Dick Burgess Scholarship,/Toolkit/Training/find-scholarships-detail.aspx?lang=en&pagesize=2191&curPage=1&studyLevelfilter=High School&scholarshipId=9994226,High School,"$4,000",February
Doug Struthers,/Toolkit/Training/find-scholarships-detail.aspx?lang=en&pagesize=2191&curPage=1&studyLevelfilter=High School&scholarshipId=2015489,High School,"$5,000",February
Douglas and Elaine Waring Memorial Scholarship,/Toolkit/Training/find-scholarships-detail.aspx?lang=en&pagesize=2191&curPage=1&studyLevelfilter=High School&scholarshipId=9993453,High School,N/A,February
"Dr. Betty J. Boyd-Beu and Edwin G. Beu, Jr. Scholarships",/Toolkit/Training/find-scholarships-detail.aspx?lang=en&pagesize=2191&curPage=1&studyLevelfilter=High School&scholarshipId=9989693,High School,N/A,February
Dr. Herman and Mrs. Jean Reas Scholarship,/Toolkit/Training/find-scholarships-detail.aspx?lang=en&pagesize=2191&curPage=1&studyLevelfilter=High School&scholarshipId=9993482,High School,N/A,February
Dr. James L. Hutchinson and Evelyn Ribbs Hutchinson Medical School,/Toolkit/Training/find-scholarships-detail.aspx?lang=en&pagesize=2191&curPage=1&studyLevelfilter=High School&scholarshipId=9990658,High School,"$2,000",February
Dr. John Schrock and Mary Berube Healthcare Scholarship Fund,/Toolkit/Training/find-scholarships-detail.aspx?lang=en&pagesize=2191&curPage=1&studyLevelfilter=High School&scholarshipId=9996119,High School,N/A,February
Dr. Julius Bajet Soria Memorial Scholarship Fund,/Toolkit/Training/find-scholarships-detail.aspx?lang=en&pagesize=2191&curPage=1&studyLevelfilter=High School&scholarshipId=9994785,High School,N/A,February
Dr. Kathy Dixon Memorial Scholarship,/Toolkit/Training/find-scholarships-detail.aspx?lang=en&pagesize=2191&curPage=1&studyLevelfilter=High School&scholarshipId=9993555,High School,N/A,February
Dr. Sarah Kulkofsky Memorial Scholarship,/Toolkit/Training/find-scholarships-detail.aspx?lang=en&pagesize=2191&curPage=1&studyLevelfilter=High School&scholarshipId=9993516,High School,N/A,February
Dr. Shelton & Becky Williams Scholarship,/Toolkit/Training/find-scholarships-detail.aspx?lang=en&pagesize=2191&curPage=1&studyLevelfilter=High School&scholarshipId=9993447,High School,N/A,February
Dr. William A. and Marceleine J. Sautter Hanover-Horton Youth of,/Toolkit/Training/find-scholarships-detail.aspx?lang=en&pagesize=2191&curPage=1&studyLevelfilter=High School&scholarshipId=9994227,High School,"$1,000",February
Dr. William Masaru Shigekawa Scholarship Fund,/Toolkit/Training/find-scholarships-detail.aspx?lang=en&pagesize=2191&curPage=1&studyLevelfilter=High School&scholarshipId=9994799,High School,N/A,February
Duluth Central High School Alumni Scholarship Fund,/Toolkit/Training/find-scholarships-detail.aspx?lang=en&pagesize=2191&curPage=1&studyLevelfilter=High School&scholarshipId=9996168,High School,"$1,000",February
Duluth Central Sports Association Legacy Scholarship Fund,/Toolkit/Training/find-scholarships-detail.aspx?lang=en&pagesize=2191&curPage=1&studyLevelfilter=High School&scholarshipId=9996167,High School,N/A,February
Duluth Lions Club Scholarship Fund,/Toolkit/Training/find-scholarships-detail.aspx?lang=en&pagesize=2191&curPage=1&studyLevelfilter=High School&scholarshipId=9996166,High School,N/A,February
E. Wayne Kay Co-Op Scholarship,/Toolkit/Training/find-scholarships-detail.aspx?lang=en&pagesize=2191&curPage=1&studyLevelfilter=High School&scholarshipId=9990462,High School,N/A,February
E. Wayne Kay Community College Scholarship,/Toolkit/Training/find-scholarships-detail.aspx?lang=en&pagesize=2191&curPage=1&studyLevelfilter=High School&scholarshipId=9990461,High School,N/A,February
E. Wayne Kay Graduate Scholarships,/Toolkit/Training/find-scholarships-detail.aspx?lang=en&pagesize=2191&curPage=1&studyLevelfilter=High School&scholarshipId=9990460,High School,N/A,February
E.R. and Lillian B. Dimmette Scholarship,/Toolkit/Training/find-scholarships-detail.aspx?lang=en&pagesize=2191&curPage=1&studyLevelfilter=High School&scholarshipId=9995658,High School,N/A,February
Eddie Shelton Agricultural Scholarship,/Toolkit/Training/find-scholarships-detail.aspx?lang=en&pagesize=2191&curPage=1&studyLevelfilter=High School&scholarshipId=9993471,High School,N/A,February
Edgar May Scholarship,/Toolkit/Training/find-scholarships-detail.aspx?lang=en&pagesize=2191&curPage=1&studyLevelfilter=High School&scholarshipId=9989362,High School,"$1,000",February
Edna L. Martin Scholarship Fund,/Toolkit/Training/find-scholarships-detail.aspx?lang=en&pagesize=2191&curPage=1&studyLevelfilter=High School&scholarshipId=9996964,High School,N/A,February
Edward P. Suchecki Family Scholarship,/Toolkit/Training/find-scholarships-detail.aspx?lang=en&pagesize=2191&curPage=1&studyLevelfilter=High School&scholarshipId=9995386,High School,N/A,February
Eileen Kraus Scholarship,/Toolkit/Training/find-scholarships-detail.aspx?lang=en&pagesize=2191&curPage=1&studyLevelfilter=High School&scholarshipId=9996480,High School,"$5,000",February
El Dorado County Mineral and Gem Society Scholarship,/Toolkit/Training/find-scholarships-detail.aspx?lang=en&pagesize=2191&curPage=1&studyLevelfilter=High School&scholarshipId=9996046,High School,$500,February
Elgin Alumni Association Scholarship,/Toolkit/Training/find-scholarships-detail.aspx?lang=en&pagesize=2191&curPage=1&studyLevelfilter=High School&scholarshipId=9993553,High School,N/A,February
Elizabeth Shumaker Scholarship,/Toolkit/Training/find-scholarships-detail.aspx?lang=en&pagesize=2191&curPage=1&studyLevelfilter=High School&scholarshipId=9993470,High School,N/A,February
Elsie S. Yoshizawa Hotta Scholarship Fund,/Toolkit/Training/find-scholarships-detail.aspx?lang=en&pagesize=2191&curPage=1&studyLevelfilter=High School&scholarshipId=9994740,High School,N/A,February
Ely M. Gelbard Graduate Scholarship,/Toolkit/Training/find-scholarships-detail.aspx?lang=en&pagesize=2191&curPage=1&studyLevelfilter=High School&scholarshipId=9999171,High School,"$3,500",February
Emily Jane Hilscher Passion Award,/Toolkit/Training/find-scholarships-detail.aspx?lang=en&pagesize=2191&curPage=1&studyLevelfilter=High School&scholarshipId=9994722,High School,N/A,February
ENF Legacy Awards,/Toolkit/Training/find-scholarships-detail.aspx?lang=en&pagesize=2191&curPage=1&studyLevelfilter=High School&scholarshipId=9995989,High School,"$4,000",February
Eric Benjamin Foos Memorial Scholarship,/Toolkit/Training/find-scholarships-detail.aspx?lang=en&pagesize=2191&curPage=1&studyLevelfilter=High School&scholarshipId=9993547,High School,N/A,February
Erickson Education Scholarship,/Toolkit/Training/find-scholarships-detail.aspx?lang=en&pagesize=2191&curPage=1&studyLevelfilter=High School&scholarshipId=9995421,High School,N/A,February
"Erika A. and George E. Brattain, Sr. Donor Advised Scholarship Fund",/Toolkit/Training/find-scholarships-detail.aspx?lang=en&pagesize=2191&curPage=1&studyLevelfilter=High School&scholarshipId=9989193,High School,N/A,February
Erin Y. James Memorial Scholarship,/Toolkit/Training/find-scholarships-detail.aspx?lang=en&pagesize=2191&curPage=1&studyLevelfilter=High School&scholarshipId=9993529,High School,N/A,February
Erma E. Biedermann Scholarship,/Toolkit/Training/find-scholarships-detail.aspx?lang=en&pagesize=2191&curPage=1&studyLevelfilter=High School&scholarshipId=9994232,High School,"$2,000",February
Eugene and Cecilia Reszczynski Scholarship,/Toolkit/Training/find-scholarships-detail.aspx?lang=en&pagesize=2191&curPage=1&studyLevelfilter=High School&scholarshipId=9993480,High School,N/A,February
Eula M. Rhoads Scholarship,/Toolkit/Training/find-scholarships-detail.aspx?lang=en&pagesize=2191&curPage=1&studyLevelfilter=High School&scholarshipId=9993479,High School,N/A,February
Everett Family Scholarship,/Toolkit/Training/find-scholarships-detail.aspx?lang=en&pagesize=2191&curPage=1&studyLevelfilter=High School&scholarshipId=9993551,High School,N/A,February
F. Koehnen Ltd. Scholarship Fund,/Toolkit/Training/find-scholarships-detail.aspx?lang=en&pagesize=2191&curPage=1&studyLevelfilter=High School&scholarshipId=9994880,High School,N/A,February
Faith Speckhard Scholarship,/Toolkit/Training/find-scholarships-detail.aspx?lang=en&pagesize=2191&curPage=1&studyLevelfilter=High School&scholarshipId=9994222,High School,"$5,000",February
FCSLA High School Scholarships,/Toolkit/Training/find-scholarships-detail.aspx?lang=en&pagesize=2191&curPage=1&studyLevelfilter=High School&scholarshipId=9995780,High School,"$1,000",February
FCSLA Vocational/Technical/Trade Scholarships,/Toolkit/Training/find-scholarships-detail.aspx?lang=en&pagesize=2191&curPage=1&studyLevelfilter=High School&scholarshipId=9995777,High School,"$1,250",February
Four Directions Scholarship Fund for Native Students,/Toolkit/Training/find-scholarships-detail.aspx?lang=en&pagesize=2191&curPage=1&studyLevelfilter=High School&scholarshipId=9996163,High School,N/A,February
"Frank ""Sam"" and Betty Houston Flight Training Scholarship",/Toolkit/Training/find-scholarships-detail.aspx?lang=en&pagesize=2191&curPage=1&studyLevelfilter=High School&scholarshipId=9993190,High School,"$14,000",February
Frank and Charlene Harris Scholarship Fund,/Toolkit/Training/find-scholarships-detail.aspx?lang=en&pagesize=2191&curPage=1&studyLevelfilter=High School&scholarshipId=9996979,High School,N/A,February
Frank M. and Olive F. Gilman Foundation Scholarship,/Toolkit/Training/find-scholarships-detail.aspx?lang=en&pagesize=2191&curPage=1&studyLevelfilter=High School&scholarshipId=9989391,High School,"$6,000",February
Franklin H. Isham Memorial Scholarship,/Toolkit/Training/find-scholarships-detail.aspx?lang=en&pagesize=2191&curPage=1&studyLevelfilter=High School&scholarshipId=9989379,High School,"$1,000",February
Fred C. and Mary H. Lewis Scholarship Fund,/Toolkit/Training/find-scholarships-detail.aspx?lang=en&pagesize=2191&curPage=1&studyLevelfilter=High School&scholarshipId=9996145,High School,N/A,February
Freshour Family Scholarship,/Toolkit/Training/find-scholarships-detail.aspx?lang=en&pagesize=2191&curPage=1&studyLevelfilter=High School&scholarshipId=9993545,High School,N/A,February
G. Jason and Marcia Vance Conway Memorial Scholarship,/Toolkit/Training/find-scholarships-detail.aspx?lang=en&pagesize=2191&curPage=1&studyLevelfilter=High School&scholarshipId=9989398,High School,"$2,000",February
Gary & Diana Sims Family Scholarship,/Toolkit/Training/find-scholarships-detail.aspx?lang=en&pagesize=2191&curPage=1&studyLevelfilter=High School&scholarshipId=9993469,High School,N/A,February
Gary W. Troll Memorial Scholarship,/Toolkit/Training/find-scholarships-detail.aspx?lang=en&pagesize=2191&curPage=1&studyLevelfilter=High School&scholarshipId=9993458,High School,N/A,February
Gauthier Family Scholarship Fund,/Toolkit/Training/find-scholarships-detail.aspx?lang=en&pagesize=2191&curPage=1&studyLevelfilter=High School&scholarshipId=9995415,High School,N/A,February
George & Augusta Rapozo Kama'aina Scholarship Fund,/Toolkit/Training/find-scholarships-detail.aspx?lang=en&pagesize=2191&curPage=1&studyLevelfilter=High School&scholarshipId=9994820,High School,N/A,February
George and Mary Josephine Hamman Foundation Scholarships,/Toolkit/Training/find-scholarships-detail.aspx?lang=en&pagesize=2191&curPage=1&studyLevelfilter=High School&scholarshipId=9995513,High School,"$20,000",February
"George F. Kugler, Jr. Award",/Toolkit/Training/find-scholarships-detail.aspx?lang=en&pagesize=2191&curPage=1&studyLevelfilter=High School&scholarshipId=9997860,High School,"$1,000",February
Georgia and Travis Fojtasek Scholarship,/Toolkit/Training/find-scholarships-detail.aspx?lang=en&pagesize=2191&curPage=1&studyLevelfilter=High School&scholarshipId=9994221,High School,"$1,000",February
Geraldine M. Hedges Memorial Scholarship,/Toolkit/Training/find-scholarships-detail.aspx?lang=en&pagesize=2191&curPage=1&studyLevelfilter=High School&scholarshipId=9993533,High School,N/A,February
Gerber Foundation Merit Scholarship,/Toolkit/Training/find-scholarships-detail.aspx?lang=en&pagesize=2191&curPage=1&studyLevelfilter=High School&scholarshipId=9995491,High School,"$2,600",February
Gernander Scholarship Fund,/Toolkit/Training/find-scholarships-detail.aspx?lang=en&pagesize=2191&curPage=1&studyLevelfilter=High School&scholarshipId=9996161,High School,N/A,February
Giuliano Mazzetti Scholarship,/Toolkit/Training/find-scholarships-detail.aspx?lang=en&pagesize=2191&curPage=1&studyLevelfilter=High School&scholarshipId=9990458,High School,N/A,February
Gladys & Everett Granger Memorial Scholarship,/Toolkit/Training/find-scholarships-detail.aspx?lang=en&pagesize=2191&curPage=1&studyLevelfilter=High School&scholarshipId=9993541,High School,N/A,February
Gladys Reid Bowie/Grace Bradley Reid Memorial Scholarship,/Toolkit/Training/find-scholarships-detail.aspx?lang=en&pagesize=2191&curPage=1&studyLevelfilter=High School&scholarshipId=9994728,High School,N/A,February
Goodfellow Bros. High School Scholarship Fund,/Toolkit/Training/find-scholarships-detail.aspx?lang=en&pagesize=2191&curPage=1&studyLevelfilter=High School&scholarshipId=9994949,High School,N/A,February
Grace Pacific Outstanding Scholars Fund,/Toolkit/Training/find-scholarships-detail.aspx?lang=en&pagesize=2191&curPage=1&studyLevelfilter=High School&scholarshipId=9994946,High School,N/A,February
Greg Irons Award Fund,/Toolkit/Training/find-scholarships-detail.aspx?lang=en&pagesize=2191&curPage=1&studyLevelfilter=High School&scholarshipId=9996153,High School,"$1,000",February
Gregory A. Rees Memorial Scholarship,/Toolkit/Training/find-scholarships-detail.aspx?lang=en&pagesize=2191&curPage=1&studyLevelfilter=High School&scholarshipId=9993481,High School,N/A,February
Gus and Henrietta Hill Scholarship Fund,/Toolkit/Training/find-scholarships-detail.aspx?lang=en&pagesize=2191&curPage=1&studyLevelfilter=High School&scholarshipId=9996156,High School,"$5,000",February
Guy Marshall Scholarship Fund,/Toolkit/Training/find-scholarships-detail.aspx?lang=en&pagesize=2191&curPage=1&studyLevelfilter=High School&scholarshipId=9994851,High School,N/A,February
H. Wayne VanAgtmael Cosmetology Scholarship,/Toolkit/Training/find-scholarships-detail.aspx?lang=en&pagesize=2191&curPage=1&studyLevelfilter=High School&scholarshipId=9995384,High School,N/A,February
H.C. Shipman Scholarship Fund,/Toolkit/Training/find-scholarships-detail.aspx?lang=en&pagesize=2191&curPage=1&studyLevelfilter=High School&scholarshipId=9994795,High School,N/A,February
Harold and Eleanor Ringelberg Scholarship,/Toolkit/Training/find-scholarships-detail.aspx?lang=en&pagesize=2191&curPage=1&studyLevelfilter=High School&scholarshipId=9995395,High School,N/A,February
Harold and Laura Jorgenson Memorial Scholarship Fund,/Toolkit/Training/find-scholarships-detail.aspx?lang=en&pagesize=2191&curPage=1&studyLevelfilter=High School&scholarshipId=9996150,High School,N/A,February
Harris Scholarship,/Toolkit/Training/find-scholarships-detail.aspx?lang=en&pagesize=2191&curPage=1&studyLevelfilter=High School&scholarshipId=9993537,High School,N/A,February
Harry and Vi Bradley Memorial Scholarship,/Toolkit/Training/find-scholarships-detail.aspx?lang=en&pagesize=2191&curPage=1&studyLevelfilter=High School&scholarshipId=9989404,High School,"$1,000",February
Harry H. and Floy B. Chapin Scholarships,/Toolkit/Training/find-scholarships-detail.aspx?lang=en&pagesize=2191&curPage=1&studyLevelfilter=High School&scholarshipId=9996868,High School,N/A,February
Hazel Reed Baumeister Scholarship Program,/Toolkit/Training/find-scholarships-detail.aspx?lang=en&pagesize=2191&curPage=1&studyLevelfilter=High School&scholarshipId=9990666,High School,"$5,000",February
Helen & Bob Bintz Scholarship,/Toolkit/Training/find-scholarships-detail.aspx?lang=en&pagesize=2191&curPage=1&studyLevelfilter=High School&scholarshipId=9993572,High School,N/A,February
Helen M. Thew Memorial Scholarship,/Toolkit/Training/find-scholarships-detail.aspx?lang=en&pagesize=2191&curPage=1&studyLevelfilter=High School&scholarshipId=9993461,High School,N/A,February
Henry D. and Ruth G. Swartz Family Scholarship,/Toolkit/Training/find-scholarships-detail.aspx?lang=en&pagesize=2191&curPage=1&studyLevelfilter=High School&scholarshipId=9995385,High School,N/A,February
Henry Ford Jackson Hospital Empowerment Scholarship,/Toolkit/Training/find-scholarships-detail.aspx?lang=en&pagesize=2191&curPage=1&studyLevelfilter=High School&scholarshipId=9994219,High School,"$2,000",February
Henry Ford Jackson Hospital Family Scholarship,/Toolkit/Training/find-scholarships-detail.aspx?lang=en&pagesize=2191&curPage=1&studyLevelfilter=High School&scholarshipId=9994218,High School,"$2,000",February
Henry Hoffman Memorial Scholarship,/Toolkit/Training/find-scholarships-detail.aspx?lang=en&pagesize=2191&curPage=1&studyLevelfilter=High School&scholarshipId=9993102,High School,"$2,500",February
Herbert & Jane Tillett Scholarship,/Toolkit/Training/find-scholarships-detail.aspx?lang=en&pagesize=2191&curPage=1&studyLevelfilter=High School&scholarshipId=9993459,High School,N/A,February
Hi-Low Farm Lowell Vermont Scholarship,/Toolkit/Training/find-scholarships-detail.aspx?lang=en&pagesize=2191&curPage=1&studyLevelfilter=High School&scholarshipId=9989386,High School,"$1,000",February
Hierholzer-Fojtik Scholarship,/Toolkit/Training/find-scholarships-detail.aspx?lang=en&pagesize=2191&curPage=1&studyLevelfilter=High School&scholarshipId=9995409,High School,N/A,February
Hildegard Durfee Undergraduate Scholarship,/Toolkit/Training/find-scholarships-detail.aspx?lang=en&pagesize=2191&curPage=1&studyLevelfilter=High School&scholarshipId=9989395,High School,$500,February
Hilton Cares Community Scholarship,/Toolkit/Training/find-scholarships-detail.aspx?lang=en&pagesize=2191&curPage=1&studyLevelfilter=High School&scholarshipId=2015507,High School,"$5,000",February
Hilton Grand Vacations Scholarship for the Asia Pacific Junior Cup,/Toolkit/Training/find-scholarships-detail.aspx?lang=en&pagesize=2191&curPage=1&studyLevelfilter=High School&scholarshipId=9994922,High School,N/A,February
Hoffman Family Scholarship,/Toolkit/Training/find-scholarships-detail.aspx?lang=en&pagesize=2191&curPage=1&studyLevelfilter=High School&scholarshipId=9995408,High School,N/A,February
Hon. Joseph W. Cowgill Memorial Award,/Toolkit/Training/find-scholarships-detail.aspx?lang=en&pagesize=2191&curPage=1&studyLevelfilter=High School&scholarshipId=9997863,High School,"$1,000",February
Hon. Rudolph J. Rossetti Memorial Award,/Toolkit/Training/find-scholarships-detail.aspx?lang=en&pagesize=2191&curPage=1&studyLevelfilter=High School&scholarshipId=9997857,High School,"$1,000",February
Howard A. Clark Horticulture Scholarship Fund,/Toolkit/Training/find-scholarships-detail.aspx?lang=en&pagesize=2191&curPage=1&studyLevelfilter=High School&scholarshipId=9996975,High School,N/A,February
HSF Scholar Program (HSF),/Toolkit/Training/find-scholarships-detail.aspx?lang=en&pagesize=2191&curPage=1&studyLevelfilter=High School&scholarshipId=9994638,High School,$500,February
Hubert A. Nelson Scholarship Fund,/Toolkit/Training/find-scholarships-detail.aspx?lang=en&pagesize=2191&curPage=1&studyLevelfilter=High School&scholarshipId=9996135,High School,"$1,000",February
IAPD Scholarship,/Toolkit/Training/find-scholarships-detail.aspx?lang=en&pagesize=2191&curPage=1&studyLevelfilter=High School&scholarshipId=2015211,High School,"$5,000",February
Illinois Landscape Contractors Association Scholarships,/Toolkit/Training/find-scholarships-detail.aspx?lang=en&pagesize=2191&curPage=1&studyLevelfilter=High School&scholarshipId=9994539,High School,"$2,500",February
Injury Scholarship,/Toolkit/Training/find-scholarships-detail.aspx?lang=en&pagesize=2191&curPage=1&studyLevelfilter=High School&scholarshipId=9995078,High School,"$1,000",February
International Management Council Scholarship (IMC),/Toolkit/Training/find-scholarships-detail.aspx?lang=en&pagesize=2191&curPage=1&studyLevelfilter=High School&scholarshipId=9996861,High School,N/A,February
Irene Ballinger Memorial Scholarship,/Toolkit/Training/find-scholarships-detail.aspx?lang=en&pagesize=2191&curPage=1&studyLevelfilter=High School&scholarshipId=9993574,High School,N/A,February
Iron River Lions Club Marie Larson Scholarship Fund,/Toolkit/Training/find-scholarships-detail.aspx?lang=en&pagesize=2191&curPage=1&studyLevelfilter=High School&scholarshipId=9996154,High School,N/A,February
Isabel Freer Memorial Scholarship,/Toolkit/Training/find-scholarships-detail.aspx?lang=en&pagesize=2191&curPage=1&studyLevelfilter=High School&scholarshipId=9993546,High School,N/A,February
Jack and Mary Rowe Memorial Scholarship Fund,/Toolkit/Training/find-scholarships-detail.aspx?lang=en&pagesize=2191&curPage=1&studyLevelfilter=High School&scholarshipId=9996123,High School,N/A,February
Jack M. Nagasaka Memorial Scholarship,/Toolkit/Training/find-scholarships-detail.aspx?lang=en&pagesize=2191&curPage=1&studyLevelfilter=High School&scholarshipId=9991076,High School,$300,February
Jackson Club Scholarship Fund,/Toolkit/Training/find-scholarships-detail.aspx?lang=en&pagesize=2191&curPage=1&studyLevelfilter=High School&scholarshipId=9996152,High School,$500,February
Jacob L. Reinecke Memorial Scholarship,/Toolkit/Training/find-scholarships-detail.aspx?lang=en&pagesize=2191&curPage=1&studyLevelfilter=High School&scholarshipId=9995397,High School,N/A,February
Jacob Pfeiffer & Kevin Pfeiffer Memorial Scholarship,/Toolkit/Training/find-scholarships-detail.aspx?lang=en&pagesize=2191&curPage=1&studyLevelfilter=High School&scholarshipId=9993487,High School,N/A,February
James A. Flickinger Memorial Scholarship,/Toolkit/Training/find-scholarships-detail.aspx?lang=en&pagesize=2191&curPage=1&studyLevelfilter=High School&scholarshipId=9993548,High School,N/A,February
James B. Morris Scholarship Fund,/Toolkit/Training/find-scholarships-detail.aspx?lang=en&pagesize=2191&curPage=1&studyLevelfilter=High School&scholarshipId=9994172,High School,N/A,February
James E. and Clyda J. Montague Scholarship Fund,/Toolkit/Training/find-scholarships-detail.aspx?lang=en&pagesize=2191&curPage=1&studyLevelfilter=High School&scholarshipId=9996137,High School,N/A,February
James L. and Nellie M. Westlake Scholarship,/Toolkit/Training/find-scholarships-detail.aspx?lang=en&pagesize=2191&curPage=1&studyLevelfilter=High School&scholarshipId=2015498,High School,N/A,February
Janet Palm Memorial Scholarship,/Toolkit/Training/find-scholarships-detail.aspx?lang=en&pagesize=2191&curPage=1&studyLevelfilter=High School&scholarshipId=9993490,High School,N/A,February
Jean Quinn Sullivan Scholarship Fund,/Toolkit/Training/find-scholarships-detail.aspx?lang=en&pagesize=2191&curPage=1&studyLevelfilter=High School&scholarshipId=9996114,High School,N/A,February
Jeanne H. Hemmingway Scholarship Fund,/Toolkit/Training/find-scholarships-detail.aspx?lang=en&pagesize=2191&curPage=1&studyLevelfilter=High School&scholarshipId=9996157,High School,"$2,500",February
Jeannette Turner Memorial Scholarship,/Toolkit/Training/find-scholarships-detail.aspx?lang=en&pagesize=2191&curPage=1&studyLevelfilter=High School&scholarshipId=9993456,High School,N/A,February
Jeannette White Memorial Scholarship,/Toolkit/Training/find-scholarships-detail.aspx?lang=en&pagesize=2191&curPage=1&studyLevelfilter=High School&scholarshipId=9993450,High School,N/A,February
Jeff MacNelly Art Award,/Toolkit/Training/find-scholarships-detail.aspx?lang=en&pagesize=2191&curPage=1&studyLevelfilter=High School&scholarshipId=9994719,High School,N/A,February
Jennifer Ingrum Scholarship Fund,/Toolkit/Training/find-scholarships-detail.aspx?lang=en&pagesize=2191&curPage=1&studyLevelfilter=High School&scholarshipId=9996974,High School,"$2,000",February
Jerew Family Memorial Scholarship,/Toolkit/Training/find-scholarships-detail.aspx?lang=en&pagesize=2191&curPage=1&studyLevelfilter=High School&scholarshipId=9993527,High School,N/A,February
Jericho-Underhill Lions Club David Damkot Memorial Scholarship,/Toolkit/Training/find-scholarships-detail.aspx?lang=en&pagesize=2191&curPage=1&studyLevelfilter=High School&scholarshipId=9989376,High School,"$1,500",February
Jhung Family Foundation Scholarship,/Toolkit/Training/find-scholarships-detail.aspx?lang=en&pagesize=2191&curPage=1&studyLevelfilter=High School&scholarshipId=9994897,High School,N/A,February
Jhung Family Vocational Scholarship Fund,/Toolkit/Training/find-scholarships-detail.aspx?lang=en&pagesize=2191&curPage=1&studyLevelfilter=High School&scholarshipId=9994896,High School,N/A,February
Jimmy Edwards Scholarship Fund,/Toolkit/Training/find-scholarships-detail.aspx?lang=en&pagesize=2191&curPage=1&studyLevelfilter=High School&scholarshipId=9996972,High School,N/A,February
Joe & Peggy Casey Memorial Scholarship,/Toolkit/Training/find-scholarships-detail.aspx?lang=en&pagesize=2191&curPage=1&studyLevelfilter=High School&scholarshipId=9993565,High School,N/A,February
Joe Petrich & Al Beach Memorial Scholarship,/Toolkit/Training/find-scholarships-detail.aspx?lang=en&pagesize=2191&curPage=1&studyLevelfilter=High School&scholarshipId=9993489,High School,N/A,February
Johanna Drew Cluney Scholarship Fund,/Toolkit/Training/find-scholarships-detail.aspx?lang=en&pagesize=2191&curPage=1&studyLevelfilter=High School&scholarshipId=9994979,High School,N/A,February
John & Jackie Watkins Scholarship,/Toolkit/Training/find-scholarships-detail.aspx?lang=en&pagesize=2191&curPage=1&studyLevelfilter=High School&scholarshipId=9993452,High School,N/A,February
John and Muriel Landis Scholarships (NEED Committee),/Toolkit/Training/find-scholarships-detail.aspx?lang=en&pagesize=2191&curPage=1&studyLevelfilter=High School&scholarshipId=9999164,High School,"$5,000",February
John and Ruth Maciag Scholarship,/Toolkit/Training/find-scholarships-detail.aspx?lang=en&pagesize=2191&curPage=1&studyLevelfilter=High School&scholarshipId=9989363,High School,"$1,000",February
John D. O'Shea & Kathleen E. O'Shea Scholarship,/Toolkit/Training/find-scholarships-detail.aspx?lang=en&pagesize=2191&curPage=1&studyLevelfilter=High School&scholarshipId=9993491,High School,N/A,February
John Dawe Dental Education Fund,/Toolkit/Training/find-scholarships-detail.aspx?lang=en&pagesize=2191&curPage=1&studyLevelfilter=High School&scholarshipId=9994976,High School,N/A,February
John E. Mayfield Scholarship Fund for Cheatham County Central High,/Toolkit/Training/find-scholarships-detail.aspx?lang=en&pagesize=2191&curPage=1&studyLevelfilter=High School&scholarshipId=9996962,High School,N/A,February
John E. Mayfield Scholarship Fund for Harpeth High School,/Toolkit/Training/find-scholarships-detail.aspx?lang=en&pagesize=2191&curPage=1&studyLevelfilter=High School&scholarshipId=9996961,High School,N/A,February
John E. Mayfield Scholarship Fund for Sycamore High School,/Toolkit/Training/find-scholarships-detail.aspx?lang=en&pagesize=2191&curPage=1&studyLevelfilter=High School&scholarshipId=9996959,High School,N/A,February
John F. Kreis Memorial Scholarship,/Toolkit/Training/find-scholarships-detail.aspx?lang=en&pagesize=2191&curPage=1&studyLevelfilter=High School&scholarshipId=9993518,High School,N/A,February
John Flynn Memorial Scholarship,/Toolkit/Training/find-scholarships-detail.aspx?lang=en&pagesize=2191&curPage=1&studyLevelfilter=High School&scholarshipId=9996860,High School,N/A,February
John J. Dellas Memorial Scholarship,/Toolkit/Training/find-scholarships-detail.aspx?lang=en&pagesize=2191&curPage=1&studyLevelfilter=High School&scholarshipId=9994228,High School,"$2,000",February
John L. and Victory E. Frantz Scholarship,/Toolkit/Training/find-scholarships-detail.aspx?lang=en&pagesize=2191&curPage=1&studyLevelfilter=High School&scholarshipId=9995416,High School,N/A,February
John T. and Lois Schmidt Scholarship,/Toolkit/Training/find-scholarships-detail.aspx?lang=en&pagesize=2191&curPage=1&studyLevelfilter=High School&scholarshipId=9993472,High School,N/A,February
John T. Gordon Memorial Eagle Scout Scholarship,/Toolkit/Training/find-scholarships-detail.aspx?lang=en&pagesize=2191&curPage=1&studyLevelfilter=High School&scholarshipId=9993542,High School,N/A,February
Joseph F. Novek Outstanding Leader Award,/Toolkit/Training/find-scholarships-detail.aspx?lang=en&pagesize=2191&curPage=1&studyLevelfilter=High School&scholarshipId=9990455,High School,N/A,February
Joseph Naser Undergraduate Scholarship,/Toolkit/Training/find-scholarships-detail.aspx?lang=en&pagesize=2191&curPage=1&studyLevelfilter=High School&scholarshipId=9999158,High School,"$2,000",February
Joseph R. Dietrich Memorial Scholarship,/Toolkit/Training/find-scholarships-detail.aspx?lang=en&pagesize=2191&curPage=1&studyLevelfilter=High School&scholarshipId=9999174,High School,"$2,000",February
Judge Thomas K. Jenkins Scholarship,/Toolkit/Training/find-scholarships-detail.aspx?lang=en&pagesize=2191&curPage=1&studyLevelfilter=High School&scholarshipId=9993528,High School,N/A,February
Juliann and Joe Maxwell Scholarship Fund for Employees of Tractor,/Toolkit/Training/find-scholarships-detail.aspx?lang=en&pagesize=2191&curPage=1&studyLevelfilter=High School&scholarshipId=9996970,High School,N/A,February
Julie Gerhardt-Mannina Scholarship,/Toolkit/Training/find-scholarships-detail.aspx?lang=en&pagesize=2191&curPage=1&studyLevelfilter=High School&scholarshipId=9990661,High School,"$8,000",February
June Danby and Pat Pearse Education Scholarship,/Toolkit/Training/find-scholarships-detail.aspx?lang=en&pagesize=2191&curPage=1&studyLevelfilter=High School&scholarshipId=9994216,High School,"$1,000",February
K.C. Kinch Scholarship,/Toolkit/Training/find-scholarships-detail.aspx?lang=en&pagesize=2191&curPage=1&studyLevelfilter=High School&scholarshipId=9990655,High School,"$5,000",February
Ka'a'awa Community Fund,/Toolkit/Training/find-scholarships-detail.aspx?lang=en&pagesize=2191&curPage=1&studyLevelfilter=High School&scholarshipId=9994894,High School,N/A,February
Kannan Family Scholarship,/Toolkit/Training/find-scholarships-detail.aspx?lang=en&pagesize=2191&curPage=1&studyLevelfilter=High School&scholarshipId=9993523,High School,N/A,February
Kapolei Business & Community Scholarship,/Toolkit/Training/find-scholarships-detail.aspx?lang=en&pagesize=2191&curPage=1&studyLevelfilter=High School&scholarshipId=9994887,High School,N/A,February
Kate Currier Memorial Scholarship,/Toolkit/Training/find-scholarships-detail.aspx?lang=en&pagesize=2191&curPage=1&studyLevelfilter=High School&scholarshipId=9989397,High School,"$1,000",February
Kate Zinn Memorial Scholarship Fund,/Toolkit/Training/find-scholarships-detail.aspx?lang=en&pagesize=2191&curPage=1&studyLevelfilter=High School&scholarshipId=9996106,High School,N/A,February
Kathryn A. Bullyan Scholarship Fund,/Toolkit/Training/find-scholarships-detail.aspx?lang=en&pagesize=2191&curPage=1&studyLevelfilter=High School&scholarshipId=9996179,High School,N/A,February
Kathy & Malcolm Goodman Scholarship,/Toolkit/Training/find-scholarships-detail.aspx?lang=en&pagesize=2191&curPage=1&studyLevelfilter=High School&scholarshipId=9993543,High School,N/A,February
Kathy D. and Stephen J. Anderson Scholarship Fund,/Toolkit/Training/find-scholarships-detail.aspx?lang=en&pagesize=2191&curPage=1&studyLevelfilter=High School&scholarshipId=9996968,High School,"$10,000",February
Kaufman Family Memorial Scholarship,/Toolkit/Training/find-scholarships-detail.aspx?lang=en&pagesize=2191&curPage=1&studyLevelfilter=High School&scholarshipId=9993521,High School,N/A,February
Kazuma and Ichiko Hisanaga Scholarship Fund,/Toolkit/Training/find-scholarships-detail.aspx?lang=en&pagesize=2191&curPage=1&studyLevelfilter=High School&scholarshipId=9994920,High School,N/A,February
Keith Maffioli Scholarship,/Toolkit/Training/find-scholarships-detail.aspx?lang=en&pagesize=2191&curPage=1&studyLevelfilter=High School&scholarshipId=9996855,High School,N/A,February
Ken and Sandy Sharkey Family Scholarship,/Toolkit/Training/find-scholarships-detail.aspx?lang=en&pagesize=2191&curPage=1&studyLevelfilter=High School&scholarshipId=9995390,High School,N/A,February
Kenneth and Concetta Schoen Scholarship Fund,/Toolkit/Training/find-scholarships-detail.aspx?lang=en&pagesize=2191&curPage=1&studyLevelfilter=High School&scholarshipId=9996120,High School,N/A,February
Kentucky Alumni Club Scholarships - Lexington/Central Kentucky,/Toolkit/Training/find-scholarships-detail.aspx?lang=en&pagesize=2191&curPage=1&studyLevelfilter=High School&scholarshipId=9989577,High School,N/A,February
Kids and Community Scholarship Program,/Toolkit/Training/find-scholarships-detail.aspx?lang=en&pagesize=2191&curPage=1&studyLevelfilter=High School&scholarshipId=9993918,High School,"$2,500",February
Knox Hume Scholarship Fund,/Toolkit/Training/find-scholarships-detail.aspx?lang=en&pagesize=2191&curPage=1&studyLevelfilter=High School&scholarshipId=9996967,High School,N/A,February
Kohala Ditch Educational Fund,/Toolkit/Training/find-scholarships-detail.aspx?lang=en&pagesize=2191&curPage=1&studyLevelfilter=High School&scholarshipId=9994879,High School,N/A,February
Kory Kirkpatrick Memorial Scholarship,/Toolkit/Training/find-scholarships-detail.aspx?lang=en&pagesize=2191&curPage=1&studyLevelfilter=High School&scholarshipId=9993520,High School,N/A,February
Kosasa Kitty Scholarship Fund,/Toolkit/Training/find-scholarships-detail.aspx?lang=en&pagesize=2191&curPage=1&studyLevelfilter=High School&scholarshipId=9994874,High School,N/A,February
Kurt W. Schneider Memorial Scholarship Fund,/Toolkit/Training/find-scholarships-detail.aspx?lang=en&pagesize=2191&curPage=1&studyLevelfilter=High School&scholarshipId=9994803,High School,N/A,February
Kyle R. Moreland Memorial Scholarship,/Toolkit/Training/find-scholarships-detail.aspx?lang=en&pagesize=2191&curPage=1&studyLevelfilter=High School&scholarshipId=9995402,High School,N/A,February
"Laser Technology, Engineering and Applications Scholarship",/Toolkit/Training/find-scholarships-detail.aspx?lang=en&pagesize=2191&curPage=1&studyLevelfilter=High School&scholarshipId=9990161,High School,"$5,000",February
Latinos in Technology Scholarship,/Toolkit/Training/find-scholarships-detail.aspx?lang=en&pagesize=2191&curPage=1&studyLevelfilter=High School&scholarshipId=9990651,High School,"$30,000",February
Laura Rush & Tom Rosol Nursing Student Scholarship,/Toolkit/Training/find-scholarships-detail.aspx?lang=en&pagesize=2191&curPage=1&studyLevelfilter=High School&scholarshipId=9993474,High School,N/A,February
Lawrence E. and Mabel Jackson Rudberg Scholarship Fund,/Toolkit/Training/find-scholarships-detail.aspx?lang=en&pagesize=2191&curPage=1&studyLevelfilter=High School&scholarshipId=9996122,High School,"$5,000",February
Leo and Trinidad Sanchez Scholarships,/Toolkit/Training/find-scholarships-detail.aspx?lang=en&pagesize=2191&curPage=1&studyLevelfilter=High School&scholarshipId=9990645,High School,"$4,500",February
Let's Grow Kids Scholarship for Aspiring Early Educators - New,/Toolkit/Training/find-scholarships-detail.aspx?lang=en&pagesize=2191&curPage=1&studyLevelfilter=High School&scholarshipId=9989367,High School,"$1,500",February
Logan Stevens Memorial Scholarship,/Toolkit/Training/find-scholarships-detail.aspx?lang=en&pagesize=2191&curPage=1&studyLevelfilter=High School&scholarshipId=9993466,High School,N/A,February
Louise Catherine Lawson Scholarship Fund,/Toolkit/Training/find-scholarships-detail.aspx?lang=en&pagesize=2191&curPage=1&studyLevelfilter=High School&scholarshipId=9996148,High School,N/A,February
Louise Kling Scholarship,/Toolkit/Training/find-scholarships-detail.aspx?lang=en&pagesize=2191&curPage=1&studyLevelfilter=High School&scholarshipId=9993519,High School,N/A,February
Louise Wachter Wickham Scholarship,/Toolkit/Training/find-scholarships-detail.aspx?lang=en&pagesize=2191&curPage=1&studyLevelfilter=High School&scholarshipId=9995383,High School,N/A,February
Lt. Holly Adams Memorial Scholarship Fund,/Toolkit/Training/find-scholarships-detail.aspx?lang=en&pagesize=2191&curPage=1&studyLevelfilter=High School&scholarshipId=9996965,High School,N/A,February
Lucile B. Kaufman Women's Scholarship,/Toolkit/Training/find-scholarships-detail.aspx?lang=en&pagesize=2191&curPage=1&studyLevelfilter=High School&scholarshipId=9990463,High School,N/A,February
Lucille Campbell Scholarship Fund,/Toolkit/Training/find-scholarships-detail.aspx?lang=en&pagesize=2191&curPage=1&studyLevelfilter=High School&scholarshipId=9989198,High School,"$1,000",February
Lykes/Darden Scholarship,/Toolkit/Training/find-scholarships-detail.aspx?lang=en&pagesize=2191&curPage=1&studyLevelfilter=High School&scholarshipId=9994720,High School,N/A,February
MACI Scholarship,/Toolkit/Training/find-scholarships-detail.aspx?lang=en&pagesize=2191&curPage=1&studyLevelfilter=High School&scholarshipId=9994213,High School,"$1,500",February
Maine Island Sweet Scholarship,/Toolkit/Training/find-scholarships-detail.aspx?lang=en&pagesize=2191&curPage=1&studyLevelfilter=High School&scholarshipId=9994249,High School,"$2,500",February
Mandy Kruder Memorial Scholarship,/Toolkit/Training/find-scholarships-detail.aspx?lang=en&pagesize=2191&curPage=1&studyLevelfilter=High School&scholarshipId=9993517,High School,N/A,February
Marge Sorreles Davies Memorial Scholarship,/Toolkit/Training/find-scholarships-detail.aspx?lang=en&pagesize=2191&curPage=1&studyLevelfilter=High School&scholarshipId=9993556,High School,N/A,February
Marguerite Marcelin Hastings Memorial Scholarship,/Toolkit/Training/find-scholarships-detail.aspx?lang=en&pagesize=2191&curPage=1&studyLevelfilter=High School&scholarshipId=9993535,High School,N/A,February
Marion Academy of Medicine Scholarship,/Toolkit/Training/find-scholarships-detail.aspx?lang=en&pagesize=2191&curPage=1&studyLevelfilter=High School&scholarshipId=9993513,High School,N/A,February
Marion Elks Lodge No. 32 Scholarship,/Toolkit/Training/find-scholarships-detail.aspx?lang=en&pagesize=2191&curPage=1&studyLevelfilter=High School&scholarshipId=9993512,High School,N/A,February
Marion Music Club Scholarship,/Toolkit/Training/find-scholarships-detail.aspx?lang=en&pagesize=2191&curPage=1&studyLevelfilter=High School&scholarshipId=9993511,High School,N/A,February
Marion Noon Kiwanis Club Scholarship,/Toolkit/Training/find-scholarships-detail.aspx?lang=en&pagesize=2191&curPage=1&studyLevelfilter=High School&scholarshipId=9993510,High School,N/A,February
Marion Noon Kiwanis Club Scholarship II,/Toolkit/Training/find-scholarships-detail.aspx?lang=en&pagesize=2191&curPage=1&studyLevelfilter=High School&scholarshipId=9993509,High School,N/A,February
Marion Rotary Club Scholarship,/Toolkit/Training/find-scholarships-detail.aspx?lang=en&pagesize=2191&curPage=1&studyLevelfilter=High School&scholarshipId=9993508,High School,N/A,February
Marion Rotary Club's Catherine Ferguson Scholarship,/Toolkit/Training/find-scholarships-detail.aspx?lang=en&pagesize=2191&curPage=1&studyLevelfilter=High School&scholarshipId=9993507,High School,N/A,February
Marion Rotary Club's George Brown Scholarship,/Toolkit/Training/find-scholarships-detail.aspx?lang=en&pagesize=2191&curPage=1&studyLevelfilter=High School&scholarshipId=9993506,High School,N/A,February
"Marion Rotary Club's James M. Bazzoli, M.D., Scholarship",/Toolkit/Training/find-scholarships-detail.aspx?lang=en&pagesize=2191&curPage=1&studyLevelfilter=High School&scholarshipId=9993505,High School,N/A,February
Marion Rotary Club's Robert C. Dowd Scholarship,/Toolkit/Training/find-scholarships-detail.aspx?lang=en&pagesize=2191&curPage=1&studyLevelfilter=High School&scholarshipId=9993504,High School,N/A,February
Marion Rotary Club's Robert E. Kibbey Scholarship,/Toolkit/Training/find-scholarships-detail.aspx?lang=en&pagesize=2191&curPage=1&studyLevelfilter=High School&scholarshipId=9993503,High School,N/A,February
Marion Rotary Club's Warren Brown Scholarship,/Toolkit/Training/find-scholarships-detail.aspx?lang=en&pagesize=2191&curPage=1&studyLevelfilter=High School&scholarshipId=9993502,High School,N/A,February
Marion Rotary Club's Warren G. Harding Scholarship,/Toolkit/Training/find-scholarships-detail.aspx?lang=en&pagesize=2191&curPage=1&studyLevelfilter=High School&scholarshipId=9993501,High School,N/A,February
Marjorie M. Hendricks Environmental Education Scholarship,/Toolkit/Training/find-scholarships-detail.aspx?lang=en&pagesize=2191&curPage=1&studyLevelfilter=High School&scholarshipId=9995411,High School,N/A,February
Mary Ellen Withrow Scholarship,/Toolkit/Training/find-scholarships-detail.aspx?lang=en&pagesize=2191&curPage=1&studyLevelfilter=High School&scholarshipId=9993444,High School,N/A,February
Matsukawa Family Scholarship Fund,/Toolkit/Training/find-scholarships-detail.aspx?lang=en&pagesize=2191&curPage=1&studyLevelfilter=High School&scholarshipId=9994850,High School,N/A,February
Max Ross Memorial Scholarship,/Toolkit/Training/find-scholarships-detail.aspx?lang=en&pagesize=2191&curPage=1&studyLevelfilter=High School&scholarshipId=9993475,High School,N/A,February
May-Cassioppi Scholarship,/Toolkit/Training/find-scholarships-detail.aspx?lang=en&pagesize=2191&curPage=1&studyLevelfilter=High School&scholarshipId=9996852,High School,N/A,February
Melissa Eleanor Ernest Scholarship,/Toolkit/Training/find-scholarships-detail.aspx?lang=en&pagesize=2191&curPage=1&studyLevelfilter=High School&scholarshipId=9994223,High School,"$1,500",February
Mesquite Club Evening Chapter Inc. Scholarship,/Toolkit/Training/find-scholarships-detail.aspx?lang=en&pagesize=2191&curPage=1&studyLevelfilter=High School&scholarshipId=9991186,High School,"$1,500",February
Michael Herman Scholarship,/Toolkit/Training/find-scholarships-detail.aspx?lang=en&pagesize=2191&curPage=1&studyLevelfilter=High School&scholarshipId=9995410,High School,N/A,February
Michael J. Lineberry Memorial Scholarship,/Toolkit/Training/find-scholarships-detail.aspx?lang=en&pagesize=2191&curPage=1&studyLevelfilter=High School&scholarshipId=9999162,High School,"$3,000",February
Michigan Education Association Scholarships,/Toolkit/Training/find-scholarships-detail.aspx?lang=en&pagesize=2191&curPage=1&studyLevelfilter=High School&scholarshipId=9993307,High School,N/A,February
Michigan Society of Professional Engineers Scholarships,/Toolkit/Training/find-scholarships-detail.aspx?lang=en&pagesize=2191&curPage=1&studyLevelfilter=High School&scholarshipId=9993297,High School,N/A,February
Mike and Mary Jean Kruse Scholarship Fund,/Toolkit/Training/find-scholarships-detail.aspx?lang=en&pagesize=2191&curPage=1&studyLevelfilter=High School&scholarshipId=9996966,High School,N/A,February
Mike Niemeyer Memorial Football Scholarship,/Toolkit/Training/find-scholarships-detail.aspx?lang=en&pagesize=2191&curPage=1&studyLevelfilter=High School&scholarshipId=9991065,High School,$500,February
Miller G. Sherwood Family Scholarship,/Toolkit/Training/find-scholarships-detail.aspx?lang=en&pagesize=2191&curPage=1&studyLevelfilter=High School&scholarshipId=9995387,High School,N/A,February
Minnesota Power Positively Powerful Scholarship Fund,/Toolkit/Training/find-scholarships-detail.aspx?lang=en&pagesize=2191&curPage=1&studyLevelfilter=High School&scholarshipId=9996140,High School,N/A,February
"Minnesota Section, Society of Mining Metallurgy and Exploration",/Toolkit/Training/find-scholarships-detail.aspx?lang=en&pagesize=2191&curPage=1&studyLevelfilter=High School&scholarshipId=9996139,High School,N/A,February
Mitchell Libster Scholarship,/Toolkit/Training/find-scholarships-detail.aspx?lang=en&pagesize=2191&curPage=1&studyLevelfilter=High School&scholarshipId=9993515,High School,N/A,February
Moanalua High School Math Scholarship,/Toolkit/Training/find-scholarships-detail.aspx?lang=en&pagesize=2191&curPage=1&studyLevelfilter=High School&scholarshipId=9994842,High School,N/A,February
Mountz Girls Scholarship,/Toolkit/Training/find-scholarships-detail.aspx?lang=en&pagesize=2191&curPage=1&studyLevelfilter=High School&scholarshipId=9993495,High School,N/A,February
MSGC Internships,/Toolkit/Training/find-scholarships-detail.aspx?lang=en&pagesize=2191&curPage=1&studyLevelfilter=High School&scholarshipId=9993638,High School,"$6,500",February
Myrtle & Earl Walker Scholarships,/Toolkit/Training/find-scholarships-detail.aspx?lang=en&pagesize=2191&curPage=1&studyLevelfilter=High School&scholarshipId=9990445,High School,N/A,February
Myrtle and Earl Walker Scholarship,/Toolkit/Training/find-scholarships-detail.aspx?lang=en&pagesize=2191&curPage=1&studyLevelfilter=High School&scholarshipId=9990446,High School,N/A,February
Nancy B. Woolridge McGee Graduate Fellowships,/Toolkit/Training/find-scholarships-detail.aspx?lang=en&pagesize=2191&curPage=1&studyLevelfilter=High School&scholarshipId=9988847,High School,$500,February
NAWIC Founders Undergraduate Scholarship,/Toolkit/Training/find-scholarships-detail.aspx?lang=en&pagesize=2191&curPage=1&studyLevelfilter=High School&scholarshipId=9993060,High School,N/A,February
Nixon Family Scholarship Fund,/Toolkit/Training/find-scholarships-detail.aspx?lang=en&pagesize=2191&curPage=1&studyLevelfilter=High School&scholarshipId=9989192,High School,$500,February
Noplag Scholarship Essay Contest,/Toolkit/Training/find-scholarships-detail.aspx?lang=en&pagesize=2191&curPage=1&studyLevelfilter=High School&scholarshipId=9992439,High School,$300,February
Norman and Cecile Leduc Memorial Scholarship,/Toolkit/Training/find-scholarships-detail.aspx?lang=en&pagesize=2191&curPage=1&studyLevelfilter=High School&scholarshipId=9989371,High School,$750,February
Norman Withrow Golf Scholarship,/Toolkit/Training/find-scholarships-detail.aspx?lang=en&pagesize=2191&curPage=1&studyLevelfilter=High School&scholarshipId=9993445,High School,N/A,February
North Central Region 9 Scholarship,/Toolkit/Training/find-scholarships-detail.aspx?lang=en&pagesize=2191&curPage=1&studyLevelfilter=High School&scholarshipId=9990456,High School,N/A,February
Northern Wisconsin Outdoor Experiential Education Scholarship Fund,/Toolkit/Training/find-scholarships-detail.aspx?lang=en&pagesize=2191&curPage=1&studyLevelfilter=High School&scholarshipId=9996133,High School,N/A,February
Northern Wisconsin Teacher Education Scholarship Fund,/Toolkit/Training/find-scholarships-detail.aspx?lang=en&pagesize=2191&curPage=1&studyLevelfilter=High School&scholarshipId=9996132,High School,N/A,February
Northwest Community Center Scholarship,/Toolkit/Training/find-scholarships-detail.aspx?lang=en&pagesize=2191&curPage=1&studyLevelfilter=High School&scholarshipId=9996850,High School,N/A,February
Northwoods Educational Opportunities Fund,/Toolkit/Training/find-scholarships-detail.aspx?lang=en&pagesize=2191&curPage=1&studyLevelfilter=High School&scholarshipId=9996131,High School,N/A,February
NROC Art Scholarship,/Toolkit/Training/find-scholarships-detail.aspx?lang=en&pagesize=2191&curPage=1&studyLevelfilter=High School&scholarshipId=9989351,High School,"$3,000",February
OOIDA Mary Johnston Scholarship Program,/Toolkit/Training/find-scholarships-detail.aspx?lang=en&pagesize=2191&curPage=1&studyLevelfilter=High School&scholarshipId=9991872,High School,"$1,000",February
Operation Round Up Scholarship - Academic Excellence,/Toolkit/Training/find-scholarships-detail.aspx?lang=en&pagesize=2191&curPage=1&studyLevelfilter=High School&scholarshipId=9990205,High School,"$1,000",February
Operation Round Up Scholarship - Career-Technical,/Toolkit/Training/find-scholarships-detail.aspx?lang=en&pagesize=2191&curPage=1&studyLevelfilter=High School&scholarshipId=9990204,High School,"$1,000",February
Orange County Scholarship,/Toolkit/Training/find-scholarships-detail.aspx?lang=en&pagesize=2191&curPage=1&studyLevelfilter=High School&scholarshipId=9989348,High School,"$1,000",February
Palo Verde High School Faculty Follies Scholarship,/Toolkit/Training/find-scholarships-detail.aspx?lang=en&pagesize=2191&curPage=1&studyLevelfilter=High School&scholarshipId=9991179,High School,$500,February
Patricia and Anthony DiLuna Scholarship Fund,/Toolkit/Training/find-scholarships-detail.aspx?lang=en&pagesize=2191&curPage=1&studyLevelfilter=High School&scholarshipId=9996172,High School,N/A,February
Patricia S. Gustafson '56 Memorial Scholarship Fund,/Toolkit/Training/find-scholarships-detail.aspx?lang=en&pagesize=2191&curPage=1&studyLevelfilter=High School&scholarshipId=9996160,High School,N/A,February
Paul and Ruth Neidhold Business Scholarship,/Toolkit/Training/find-scholarships-detail.aspx?lang=en&pagesize=2191&curPage=1&studyLevelfilter=High School&scholarshipId=9996851,High School,N/A,February
Paul Antonich Scholarship Fund,/Toolkit/Training/find-scholarships-detail.aspx?lang=en&pagesize=2191&curPage=1&studyLevelfilter=High School&scholarshipId=9996184,High School,N/A,February
Paul J. Laninga Memorial Scholarship,/Toolkit/Training/find-scholarships-detail.aspx?lang=en&pagesize=2191&curPage=1&studyLevelfilter=High School&scholarshipId=9995406,High School,N/A,February
Paul Pezley Baseball Scholarship,/Toolkit/Training/find-scholarships-detail.aspx?lang=en&pagesize=2191&curPage=1&studyLevelfilter=High School&scholarshipId=9993488,High School,N/A,February
Paul Tejada Memorial Scholarship,/Toolkit/Training/find-scholarships-detail.aspx?lang=en&pagesize=2191&curPage=1&studyLevelfilter=High School&scholarshipId=9994208,High School,"$1,500",February
Pauline LaFon Gore Scholarship Fund,/Toolkit/Training/find-scholarships-detail.aspx?lang=en&pagesize=2191&curPage=1&studyLevelfilter=High School&scholarshipId=9996956,High School,N/A,February
PC Construction Scholarship,/Toolkit/Training/find-scholarships-detail.aspx?lang=en&pagesize=2191&curPage=1&studyLevelfilter=High School&scholarshipId=9989346,High School,"$2,500",February
PedsOne Youth Service Scholarship,/Toolkit/Training/find-scholarships-detail.aspx?lang=en&pagesize=2191&curPage=1&studyLevelfilter=High School&scholarshipId=9989345,High School,"$1,500",February
Phil Shykes Memorial Scholarship Fund,/Toolkit/Training/find-scholarships-detail.aspx?lang=en&pagesize=2191&curPage=1&studyLevelfilter=High School&scholarshipId=9996117,High School,"$1,000",February
Phillip Guy Richardson Memorial Scholarship,/Toolkit/Training/find-scholarships-detail.aspx?lang=en&pagesize=2191&curPage=1&studyLevelfilter=High School&scholarshipId=9994210,High School,"$2,000",February
Phillips Family Kaiao Scholarship Fund,/Toolkit/Training/find-scholarships-detail.aspx?lang=en&pagesize=2191&curPage=1&studyLevelfilter=High School&scholarshipId=9994824,High School,N/A,February
Pinnacol Foundation Scholarship,/Toolkit/Training/find-scholarships-detail.aspx?lang=en&pagesize=2191&curPage=1&studyLevelfilter=High School&scholarshipId=9991361,High School,"$4,700",February
Pleasant Academic Boosters Scholarship,/Toolkit/Training/find-scholarships-detail.aspx?lang=en&pagesize=2191&curPage=1&studyLevelfilter=High School&scholarshipId=9993486,High School,N/A,February
Pleasant Local Schools Board of Education Scholarship,/Toolkit/Training/find-scholarships-detail.aspx?lang=en&pagesize=2191&curPage=1&studyLevelfilter=High School&scholarshipId=9993485,High School,N/A,February
Price Benowitz Social Justice Scholarship,/Toolkit/Training/find-scholarships-detail.aspx?lang=en&pagesize=2191&curPage=1&studyLevelfilter=High School&scholarshipId=9991293,High School,"$2,000",February
Prof. George Schneider Scholarship,/Toolkit/Training/find-scholarships-detail.aspx?lang=en&pagesize=2191&curPage=1&studyLevelfilter=High School&scholarshipId=9990452,High School,N/A,February
Ralph Hale and Martha L. Ruppert Educational Scholarship,/Toolkit/Training/find-scholarships-detail.aspx?lang=en&pagesize=2191&curPage=1&studyLevelfilter=High School&scholarshipId=9990659,High School,"$10,000",February
Rappahannock Association for Arts and Community (RAAC) Scholarship,/Toolkit/Training/find-scholarships-detail.aspx?lang=en&pagesize=2191&curPage=1&studyLevelfilter=High School&scholarshipId=9994718,High School,N/A,February
Rappahannock County Garden Club Scholarship,/Toolkit/Training/find-scholarships-detail.aspx?lang=en&pagesize=2191&curPage=1&studyLevelfilter=High School&scholarshipId=9994717,High School,N/A,February
"Redlands Footlighters, Inc. - Merle and Peggy Williams Scholarship",/Toolkit/Training/find-scholarships-detail.aspx?lang=en&pagesize=2191&curPage=1&studyLevelfilter=High School&scholarshipId=9991049,High School,$500,February
Redlands High School Aquatics Booster Club Scholarship,/Toolkit/Training/find-scholarships-detail.aspx?lang=en&pagesize=2191&curPage=1&studyLevelfilter=High School&scholarshipId=9991047,High School,$500,February
Redlands High School Vocal Music Boosters Scholarship,/Toolkit/Training/find-scholarships-detail.aspx?lang=en&pagesize=2191&curPage=1&studyLevelfilter=High School&scholarshipId=9991040,High School,$250,February
Regina Higdon Scholarship,/Toolkit/Training/find-scholarships-detail.aspx?lang=en&pagesize=2191&curPage=1&studyLevelfilter=High School&scholarshipId=9996955,High School,N/A,February
"Richard ""Longy"" and Eleanor ""Sluggo"" Okamoto Kamalii Manaloa",/Toolkit/Training/find-scholarships-detail.aspx?lang=en&pagesize=2191&curPage=1&studyLevelfilter=High School&scholarshipId=9994835,High School,N/A,February
Richard “Rick” Roy Washburn Memorial Scholarship Fund,/Toolkit/Training/find-scholarships-detail.aspx?lang=en&pagesize=2191&curPage=1&studyLevelfilter=High School&scholarshipId=9996108,High School,N/A,February
Richard T. Gates Engineering and Technology Endowed Challenge,/Toolkit/Training/find-scholarships-detail.aspx?lang=en&pagesize=2191&curPage=1&studyLevelfilter=High School&scholarshipId=9989393,High School,"$4,000",February
Richie Stevenson Scholarship Fund,/Toolkit/Training/find-scholarships-detail.aspx?lang=en&pagesize=2191&curPage=1&studyLevelfilter=High School&scholarshipId=9996952,High School,N/A,February
Ridgemont Scholarship,/Toolkit/Training/find-scholarships-detail.aspx?lang=en&pagesize=2191&curPage=1&studyLevelfilter=High School&scholarshipId=9993478,High School,N/A,February
Riley Burnell Criminal Justice Memorial Scholarship Fund,/Toolkit/Training/find-scholarships-detail.aspx?lang=en&pagesize=2191&curPage=1&studyLevelfilter=High School&scholarshipId=9996178,High School,N/A,February
Rob's Hauling & Vance Family Scholarship,/Toolkit/Training/find-scholarships-detail.aspx?lang=en&pagesize=2191&curPage=1&studyLevelfilter=High School&scholarshipId=9993477,High School,N/A,February
Robert A. Dannels Memorial Scholarship,/Toolkit/Training/find-scholarships-detail.aspx?lang=en&pagesize=2191&curPage=1&studyLevelfilter=High School&scholarshipId=9999178,High School,"$3,500",February
Robert B. and Sophia Whiteside Scholarship Fund,/Toolkit/Training/find-scholarships-detail.aspx?lang=en&pagesize=2191&curPage=1&studyLevelfilter=High School&scholarshipId=9996107,High School,"$5,000",February
Robert G. Lacy Memorial Scholarship,/Toolkit/Training/find-scholarships-detail.aspx?lang=en&pagesize=2191&curPage=1&studyLevelfilter=High School&scholarshipId=9999166,High School,"$2,000",February
Robert M. & Dorothy C. Wopat Scholarship,/Toolkit/Training/find-scholarships-detail.aspx?lang=en&pagesize=2191&curPage=1&studyLevelfilter=High School&scholarshipId=9993443,High School,N/A,February
Robert P. Ernest Scholarship,/Toolkit/Training/find-scholarships-detail.aspx?lang=en&pagesize=2191&curPage=1&studyLevelfilter=High School&scholarshipId=9994209,High School,"$1,000",February
Rocco Nicolosi Memorial Scholarship,/Toolkit/Training/find-scholarships-detail.aspx?lang=en&pagesize=2191&curPage=1&studyLevelfilter=High School&scholarshipId=9993494,High School,N/A,February
Rodney Williams Legacy Scholarship,/Toolkit/Training/find-scholarships-detail.aspx?lang=en&pagesize=2191&curPage=1&studyLevelfilter=High School&scholarshipId=9989575,High School,"$1,000",February
Roger & Donna Holbrook Scholarship,/Toolkit/Training/find-scholarships-detail.aspx?lang=en&pagesize=2191&curPage=1&studyLevelfilter=High School&scholarshipId=9993531,High School,N/A,February
Ronald Joseph Mathis Scholarship Fund,/Toolkit/Training/find-scholarships-detail.aspx?lang=en&pagesize=2191&curPage=1&studyLevelfilter=High School&scholarshipId=9996142,High School,N/A,February
RPM Scholarship,/Toolkit/Training/find-scholarships-detail.aspx?lang=en&pagesize=2191&curPage=1&studyLevelfilter=High School&scholarshipId=9994715,High School,N/A,February
Sally Ann Chos Scholarship Fund,/Toolkit/Training/find-scholarships-detail.aspx?lang=en&pagesize=2191&curPage=1&studyLevelfilter=High School&scholarshipId=9996175,High School,N/A,February
Saul Levine Memorial Scholarship,/Toolkit/Training/find-scholarships-detail.aspx?lang=en&pagesize=2191&curPage=1&studyLevelfilter=High School&scholarshipId=9999163,High School,"$3,000",February
Schneider/Bingle PLTW Scholarship,/Toolkit/Training/find-scholarships-detail.aspx?lang=en&pagesize=2191&curPage=1&studyLevelfilter=High School&scholarshipId=9990453,High School,N/A,February
Scholars Helping Collars P.L.A.Y. Scholarship,/Toolkit/Training/find-scholarships-detail.aspx?lang=en&pagesize=2191&curPage=1&studyLevelfilter=High School&scholarshipId=2014011,High School,"$1,000",February
Scholarship Foundation of Santa Barbara General Scholarship Program,/Toolkit/Training/find-scholarships-detail.aspx?lang=en&pagesize=2191&curPage=1&studyLevelfilter=High School&scholarshipId=9990788,High School,N/A,February
SCLEOA Scholarships,/Toolkit/Training/find-scholarships-detail.aspx?lang=en&pagesize=2191&curPage=1&studyLevelfilter=High School&scholarshipId=9990210,High School,"$7,000",February
Scott A. Flahive Memorial Scholarship,/Toolkit/Training/find-scholarships-detail.aspx?lang=en&pagesize=2191&curPage=1&studyLevelfilter=High School&scholarshipId=9995418,High School,N/A,February
Scott Scholarship Fund,/Toolkit/Training/find-scholarships-detail.aspx?lang=en&pagesize=2191&curPage=1&studyLevelfilter=High School&scholarshipId=9996118,High School,N/A,February
SCSPA Scholarship,/Toolkit/Training/find-scholarships-detail.aspx?lang=en&pagesize=2191&curPage=1&studyLevelfilter=High School&scholarshipId=9990206,High School,"$1,000",February
Senator James M. Jeffords Endowed Scholarship to Honor Marion,/Toolkit/Training/find-scholarships-detail.aspx?lang=en&pagesize=2191&curPage=1&studyLevelfilter=High School&scholarshipId=9989378,High School,"$4,000",February
Senator James M. Jeffords Endowed Scholarship to Honor Mary Jeffords,/Toolkit/Training/find-scholarships-detail.aspx?lang=en&pagesize=2191&curPage=1&studyLevelfilter=High School&scholarshipId=9989377,High School,"$4,000",February
"Shuichi, Katsu & Itsuyo Suga Scholarship",/Toolkit/Training/find-scholarships-detail.aspx?lang=en&pagesize=2191&curPage=1&studyLevelfilter=High School&scholarshipId=9994781,High School,N/A,February
Simms Scholarship,/Toolkit/Training/find-scholarships-detail.aspx?lang=en&pagesize=2191&curPage=1&studyLevelfilter=High School&scholarshipId=9992063,High School,"$1,500",February
SME Education Foundation Family Scholarship,/Toolkit/Training/find-scholarships-detail.aspx?lang=en&pagesize=2191&curPage=1&studyLevelfilter=High School&scholarshipId=9990449,High School,"$20,000",February
Stacy Lynn Davis Scholarship,/Toolkit/Training/find-scholarships-detail.aspx?lang=en&pagesize=2191&curPage=1&studyLevelfilter=High School&scholarshipId=9994229,High School,"$1,000",February
Stephanie K. Lust Memorial Scholarship,/Toolkit/Training/find-scholarships-detail.aspx?lang=en&pagesize=2191&curPage=1&studyLevelfilter=High School&scholarshipId=9993514,High School,N/A,February
Stewie Family Scholarship,/Toolkit/Training/find-scholarships-detail.aspx?lang=en&pagesize=2191&curPage=1&studyLevelfilter=High School&scholarshipId=9993465,High School,N/A,February
Stormy Ray Cushing Scholarship,/Toolkit/Training/find-scholarships-detail.aspx?lang=en&pagesize=2191&curPage=1&studyLevelfilter=High School&scholarshipId=9993557,High School,N/A,February
Sue Walicki Nursing Scholarships,/Toolkit/Training/find-scholarships-detail.aspx?lang=en&pagesize=2191&curPage=1&studyLevelfilter=High School&scholarshipId=9994205,High School,"$5,000",February
Summit Scholarship,/Toolkit/Training/find-scholarships-detail.aspx?lang=en&pagesize=2191&curPage=1&studyLevelfilter=High School&scholarshipId=9989517,High School,N/A,February
Superior East All-Class Reunion Scholarship Fund,/Toolkit/Training/find-scholarships-detail.aspx?lang=en&pagesize=2191&curPage=1&studyLevelfilter=High School&scholarshipId=9996111,High School,N/A,February
Superior Shores Resort Scholarship Fund,/Toolkit/Training/find-scholarships-detail.aspx?lang=en&pagesize=2191&curPage=1&studyLevelfilter=High School&scholarshipId=9996110,High School,N/A,February
Susan Kay Munson Gilmore Memorial Scholarship,/Toolkit/Training/find-scholarships-detail.aspx?lang=en&pagesize=2191&curPage=1&studyLevelfilter=High School&scholarshipId=9996865,High School,N/A,February
Susan Thompson Buffett Foundation Scholarship,/Toolkit/Training/find-scholarships-detail.aspx?lang=en&pagesize=2191&curPage=1&studyLevelfilter=High School&scholarshipId=9990019,High School,N/A,February
Sweet and Simple Scholarship,/Toolkit/Training/find-scholarships-detail.aspx?lang=en&pagesize=2191&curPage=1&studyLevelfilter=High School&scholarshipId=9989810,High School,"$1,500",February
Taft Middle School Music Dept Scholarship,/Toolkit/Training/find-scholarships-detail.aspx?lang=en&pagesize=2191&curPage=1&studyLevelfilter=High School&scholarshipId=9993462,High School,N/A,February
Tasha Jones Memorial Scholarship,/Toolkit/Training/find-scholarships-detail.aspx?lang=en&pagesize=2191&curPage=1&studyLevelfilter=High School&scholarshipId=9993525,High School,N/A,February
Teddy Wilburn Scholarship Fund,/Toolkit/Training/find-scholarships-detail.aspx?lang=en&pagesize=2191&curPage=1&studyLevelfilter=High School&scholarshipId=9996951,High School,N/A,February
The Abby Sobrato Scholarship,/Toolkit/Training/find-scholarships-detail.aspx?lang=en&pagesize=2191&curPage=1&studyLevelfilter=High School&scholarshipId=9990643,High School,"$5,000",February
The Alannas Scholarship,/Toolkit/Training/find-scholarships-detail.aspx?lang=en&pagesize=2191&curPage=1&studyLevelfilter=High School&scholarshipId=9989414,High School,"$1,000",February
The Bailey Family Foundation College Scholarship Program,/Toolkit/Training/find-scholarships-detail.aspx?lang=en&pagesize=2191&curPage=1&studyLevelfilter=High School&scholarshipId=9998181,High School,"$5,000",February
The Bailey Family Foundation High School Scholarships Program,/Toolkit/Training/find-scholarships-detail.aspx?lang=en&pagesize=2191&curPage=1&studyLevelfilter=High School&scholarshipId=9998180,High School,"$5,000",February
The Bruce Lamb Memorial Scholarship,/Toolkit/Training/find-scholarships-detail.aspx?lang=en&pagesize=2191&curPage=1&studyLevelfilter=High School&scholarshipId=9989373,High School,"$1,000",February
The Carl T. Witherell Technical Scholarship,/Toolkit/Training/find-scholarships-detail.aspx?lang=en&pagesize=2191&curPage=1&studyLevelfilter=High School&scholarshipId=9989297,High School,"$1,000",February
The Carolyn Barra Scholarship,/Toolkit/Training/find-scholarships-detail.aspx?lang=en&pagesize=2191&curPage=1&studyLevelfilter=High School&scholarshipId=9989408,High School,"$3,000",February
"The Eileen J. Smith, R.N. Memorial Scholarship",/Toolkit/Training/find-scholarships-detail.aspx?lang=en&pagesize=2191&curPage=1&studyLevelfilter=High School&scholarshipId=9994225,High School,"$1,000",February
The Eleanor A. Ernest Scholarship,/Toolkit/Training/find-scholarships-detail.aspx?lang=en&pagesize=2191&curPage=1&studyLevelfilter=High School&scholarshipId=9994224,High School,"$1,000",February
The Geiger Scholarship,/Toolkit/Training/find-scholarships-detail.aspx?lang=en&pagesize=2191&curPage=1&studyLevelfilter=High School&scholarshipId=9994250,High School,"$5,000",February
The Harold and Sally Mitchell Scholarship,/Toolkit/Training/find-scholarships-detail.aspx?lang=en&pagesize=2191&curPage=1&studyLevelfilter=High School&scholarshipId=9989359,High School,"$2,000",February
The Harold and Sally Mitchell Scholarship - Bellows Falls/Springfield,/Toolkit/Training/find-scholarships-detail.aspx?lang=en&pagesize=2191&curPage=1&studyLevelfilter=High School&scholarshipId=9989361,High School,"$2,000",February
The Harold and Sally Mitchell Scholarship - Green,/Toolkit/Training/find-scholarships-detail.aspx?lang=en&pagesize=2191&curPage=1&studyLevelfilter=High School&scholarshipId=9989360,High School,"$2,000",February
The Harold Johnson Law Enforcement Scholarship,/Toolkit/Training/find-scholarships-detail.aspx?lang=en&pagesize=2191&curPage=1&studyLevelfilter=High School&scholarshipId=9990656,High School,"$5,000",February
The John and Elizabeth Lacy Scholarship Fund,/Toolkit/Training/find-scholarships-detail.aspx?lang=en&pagesize=2191&curPage=1&studyLevelfilter=High School&scholarshipId=9994869,High School,N/A,February
The Lambeth Family Scholarship,/Toolkit/Training/find-scholarships-detail.aspx?lang=en&pagesize=2191&curPage=1&studyLevelfilter=High School&scholarshipId=2015486,High School,"$5,000",February
The Nuclear Family Scholarship,/Toolkit/Training/find-scholarships-detail.aspx?lang=en&pagesize=2191&curPage=1&studyLevelfilter=High School&scholarshipId=9993846,High School,"$1,000",February
The Otis and Florence Lapham Memorial Scholarship,/Toolkit/Training/find-scholarships-detail.aspx?lang=en&pagesize=2191&curPage=1&studyLevelfilter=High School&scholarshipId=9994211,High School,"$1,000",February
Thought 1 Scholarship,/Toolkit/Training/find-scholarships-detail.aspx?lang=en&pagesize=2191&curPage=1&studyLevelfilter=High School&scholarshipId=9994206,High School,"$2,500",February
Three Sisters Nursing Scholarship,/Toolkit/Training/find-scholarships-detail.aspx?lang=en&pagesize=2191&curPage=1&studyLevelfilter=High School&scholarshipId=9993460,High School,N/A,February
THV Scholarship,/Toolkit/Training/find-scholarships-detail.aspx?lang=en&pagesize=2191&curPage=1&studyLevelfilter=High School&scholarshipId=9989328,High School,"$1,000",February
Timothy Y. C. Choy Scholarship Fund in Honor of Pearl Jackson,/Toolkit/Training/find-scholarships-detail.aspx?lang=en&pagesize=2191&curPage=1&studyLevelfilter=High School&scholarshipId=9994981,High School,N/A,February
Tom Gifford Scholarship,/Toolkit/Training/find-scholarships-detail.aspx?lang=en&pagesize=2191&curPage=1&studyLevelfilter=High School&scholarshipId=9995414,High School,N/A,February
Tommy Lee Memorial Scholarship Fund,/Toolkit/Training/find-scholarships-detail.aspx?lang=en&pagesize=2191&curPage=1&studyLevelfilter=High School&scholarshipId=9994866,High School,N/A,February
Tschudy Family Scholarship,/Toolkit/Training/find-scholarships-detail.aspx?lang=en&pagesize=2191&curPage=1&studyLevelfilter=High School&scholarshipId=9994549,High School,$500,February
United Church Homes Scholarship,/Toolkit/Training/find-scholarships-detail.aspx?lang=en&pagesize=2191&curPage=1&studyLevelfilter=High School&scholarshipId=9993455,High School,N/A,February
University of Oregon Presidential Scholarship,/Toolkit/Training/find-scholarships-detail.aspx?lang=en&pagesize=2191&curPage=1&studyLevelfilter=High School&scholarshipId=9989514,High School,"$9,000",February
Upper Valley Scholarship,/Toolkit/Training/find-scholarships-detail.aspx?lang=en&pagesize=2191&curPage=1&studyLevelfilter=High School&scholarshipId=9989326,High School,"$1,000",February
Vegetarian Resource Group College Scholarship,/Toolkit/Training/find-scholarships-detail.aspx?lang=en&pagesize=2191&curPage=1&studyLevelfilter=High School&scholarshipId=9989419,High School,"$5,000",February
Vera O. McDanel Scholarship,/Toolkit/Training/find-scholarships-detail.aspx?lang=en&pagesize=2191&curPage=1&studyLevelfilter=High School&scholarshipId=9993497,High School,N/A,February
Vermont DAR Good Citizenship Scholarship,/Toolkit/Training/find-scholarships-detail.aspx?lang=en&pagesize=2191&curPage=1&studyLevelfilter=High School&scholarshipId=9989323,High School,$500,February
Vermont John H. Chafee Education and Training Scholarship,/Toolkit/Training/find-scholarships-detail.aspx?lang=en&pagesize=2191&curPage=1&studyLevelfilter=High School&scholarshipId=9989320,High School,"$1,000",February
Vermont State Grange Vocational/Technical Scholarship,/Toolkit/Training/find-scholarships-detail.aspx?lang=en&pagesize=2191&curPage=1&studyLevelfilter=High School&scholarshipId=9989303,High School,"$1,500",February
Veronica Gantt Memorial Scholarship,/Toolkit/Training/find-scholarships-detail.aspx?lang=en&pagesize=2191&curPage=1&studyLevelfilter=High School&scholarshipId=9991169,High School,$500,February
Voll Family Bowling Green State University Scholarship,/Toolkit/Training/find-scholarships-detail.aspx?lang=en&pagesize=2191&curPage=1&studyLevelfilter=High School&scholarshipId=9993454,High School,N/A,February
VSAC Board of Directors Scholarship (Katharine Hutchinson),/Toolkit/Training/find-scholarships-detail.aspx?lang=en&pagesize=2191&curPage=1&studyLevelfilter=High School&scholarshipId=9989300,High School,"$2,000",February
Waimea High School Class of 1952 Scholarship Fund,/Toolkit/Training/find-scholarships-detail.aspx?lang=en&pagesize=2191&curPage=1&studyLevelfilter=High School&scholarshipId=9994753,High School,N/A,February
Walt Dulaney and George Kon Scholarship Fund,/Toolkit/Training/find-scholarships-detail.aspx?lang=en&pagesize=2191&curPage=1&studyLevelfilter=High School&scholarshipId=9994970,High School,N/A,February
Walter H. Kupau Memorial Fund,/Toolkit/Training/find-scholarships-detail.aspx?lang=en&pagesize=2191&curPage=1&studyLevelfilter=High School&scholarshipId=9994871,High School,N/A,February
Walter Rumsey Marvin Grant,/Toolkit/Training/find-scholarships-detail.aspx?lang=en&pagesize=2191&curPage=1&studyLevelfilter=High School&scholarshipId=9992017,High School,"$1,000",February
Wayne County College Fund,/Toolkit/Training/find-scholarships-detail.aspx?lang=en&pagesize=2191&curPage=1&studyLevelfilter=High School&scholarshipId=9989190,High School,N/A,February
Wayne Hoch Memorial Scholarship,/Toolkit/Training/find-scholarships-detail.aspx?lang=en&pagesize=2191&curPage=1&studyLevelfilter=High School&scholarshipId=9993532,High School,N/A,February
Wesley & Karen Schertzer Memorial Scholarship,/Toolkit/Training/find-scholarships-detail.aspx?lang=en&pagesize=2191&curPage=1&studyLevelfilter=High School&scholarshipId=9993473,High School,N/A,February
West Michigan Nursery and Landscape Association Scholarship,/Toolkit/Training/find-scholarships-detail.aspx?lang=en&pagesize=2191&curPage=1&studyLevelfilter=High School&scholarshipId=9995382,High School,N/A,February
West Oahu Economic Development Association Scholarship Fund,/Toolkit/Training/find-scholarships-detail.aspx?lang=en&pagesize=2191&curPage=1&studyLevelfilter=High School&scholarshipId=9994748,High School,N/A,February
West Virginia PTA Scholarship,/Toolkit/Training/find-scholarships-detail.aspx?lang=en&pagesize=2191&curPage=1&studyLevelfilter=High School&scholarshipId=9989166,High School,$500,February
Whirlpool Corporation / One Energy S.T.E.M. Scholarship,/Toolkit/Training/find-scholarships-detail.aspx?lang=en&pagesize=2191&curPage=1&studyLevelfilter=High School&scholarshipId=9993451,High School,N/A,February
William & Marjorie Grover Scholarship,/Toolkit/Training/find-scholarships-detail.aspx?lang=en&pagesize=2191&curPage=1&studyLevelfilter=High School&scholarshipId=9993539,High School,N/A,February
William & Martha Buckingham Scholarship,/Toolkit/Training/find-scholarships-detail.aspx?lang=en&pagesize=2191&curPage=1&studyLevelfilter=High School&scholarshipId=9993569,High School,N/A,February
William and Beatrice Kavanaugh Memorial Scholarship,/Toolkit/Training/find-scholarships-detail.aspx?lang=en&pagesize=2191&curPage=1&studyLevelfilter=High School&scholarshipId=9994204,High School,"$1,000",February
William and Clara Bryan Scholarship Fund,/Toolkit/Training/find-scholarships-detail.aspx?lang=en&pagesize=2191&curPage=1&studyLevelfilter=High School&scholarshipId=9996949,High School,N/A,February
William E. Barto Scholarship Fund,/Toolkit/Training/find-scholarships-detail.aspx?lang=en&pagesize=2191&curPage=1&studyLevelfilter=High School&scholarshipId=9996181,High School,"$2,000",February
William E. Weisel Scholarship,/Toolkit/Training/find-scholarships-detail.aspx?lang=en&pagesize=2191&curPage=1&studyLevelfilter=High School&scholarshipId=9990443,High School,N/A,February
William Pigott Memorial Scholarship,/Toolkit/Training/find-scholarships-detail.aspx?lang=en&pagesize=2191&curPage=1&studyLevelfilter=High School&scholarshipId=9996849,High School,N/A,February
William Tomar Memorial Award,/Toolkit/Training/find-scholarships-detail.aspx?lang=en&pagesize=2191&curPage=1&studyLevelfilter=High School&scholarshipId=9997855,High School,"$1,000",February
"Willie ""Beaver"" Troutman Football Scholarship",/Toolkit/Training/find-scholarships-detail.aspx?lang=en&pagesize=2191&curPage=1&studyLevelfilter=High School&scholarshipId=9993457,High School,N/A,February
Woman’s Club of Nashville Scholarship Endowment Fund,/Toolkit/Training/find-scholarships-detail.aspx?lang=en&pagesize=2191&curPage=1&studyLevelfilter=High School&scholarshipId=9996948,High School,N/A,February
Women's Army Corps Veterans Association Scholarships,/Toolkit/Training/find-scholarships-detail.aspx?lang=en&pagesize=2191&curPage=1&studyLevelfilter=High School&scholarshipId=9989052,High School,"$1,500",February
Woodstock Rotary Scholarship,/Toolkit/Training/find-scholarships-detail.aspx?lang=en&pagesize=2191&curPage=1&studyLevelfilter=High School&scholarshipId=9989296,High School,"$1,000",February
Youth Engaged in Philanthropy Scholarship,/Toolkit/Training/find-scholarships-detail.aspx?lang=en&pagesize=2191&curPage=1&studyLevelfilter=High School&scholarshipId=9993442,High School,N/A,February
Zeta Chapter Memorial Award,/Toolkit/Training/find-scholarships-detail.aspx?lang=en&pagesize=2191&curPage=1&studyLevelfilter=High School&scholarshipId=9996840,High School,N/A,February
Zora Neale Hurston Scholarships,/Toolkit/Training/find-scholarships-detail.aspx?lang=en&pagesize=2191&curPage=1&studyLevelfilter=High School&scholarshipId=9988849,High School,$500,February
"""Sig"" and Kate Barker Memorial Entrepreneur Scholarship",/Toolkit/Training/find-scholarships-detail.aspx?lang=en&pagesize=2191&curPage=1&studyLevelfilter=High School&scholarshipId=9991852,High School,N/A,March
A. Bertram and Irene J. Conaway Scholarship,/Toolkit/Training/find-scholarships-detail.aspx?lang=en&pagesize=2191&curPage=1&studyLevelfilter=High School&scholarshipId=9991836,High School,N/A,March
A. F. Marple and Ethel Marple Scholarship,/Toolkit/Training/find-scholarships-detail.aspx?lang=en&pagesize=2191&curPage=1&studyLevelfilter=High School&scholarshipId=9991773,High School,N/A,March
A. V. Criss Jr. and L. Gay Criss Scholarship for Williamstown High,/Toolkit/Training/find-scholarships-detail.aspx?lang=en&pagesize=2191&curPage=1&studyLevelfilter=High School&scholarshipId=9991829,High School,N/A,March
A.D. Willbern Family Scholarship,/Toolkit/Training/find-scholarships-detail.aspx?lang=en&pagesize=2191&curPage=1&studyLevelfilter=High School&scholarshipId=9997345,High School,"$2,000",March
Addie Deem Westfall Scholarship,/Toolkit/Training/find-scholarships-detail.aspx?lang=en&pagesize=2191&curPage=1&studyLevelfilter=High School&scholarshipId=9991715,High School,N/A,March
AFT Robert G. Porter Scholars Program for High School Students,/Toolkit/Training/find-scholarships-detail.aspx?lang=en&pagesize=2191&curPage=1&studyLevelfilter=High School&scholarshipId=9999384,High School,"$2,000",March
Airgas - Terry Jarvis Memorial Scholarship,/Toolkit/Training/find-scholarships-detail.aspx?lang=en&pagesize=2191&curPage=1&studyLevelfilter=High School&scholarshipId=9998798,High School,"$2,500",March
Albert W. and Mildred Hubbard Scholarships,/Toolkit/Training/find-scholarships-detail.aspx?lang=en&pagesize=2191&curPage=1&studyLevelfilter=High School&scholarshipId=9990897,High School,N/A,March
"Alejandro ""Alex"" Abecia Reaching High Scholarships",/Toolkit/Training/find-scholarships-detail.aspx?lang=en&pagesize=2191&curPage=1&studyLevelfilter=High School&scholarshipId=9997424,High School,N/A,March
Alex J. Craig Memorial Scholarship,/Toolkit/Training/find-scholarships-detail.aspx?lang=en&pagesize=2191&curPage=1&studyLevelfilter=High School&scholarshipId=9991830,High School,N/A,March
Alexander D. II and Blanche L. Dulaney Scholarship,/Toolkit/Training/find-scholarships-detail.aspx?lang=en&pagesize=2191&curPage=1&studyLevelfilter=High School&scholarshipId=9991819,High School,N/A,March
Alice and Jack Myers Scholarship,/Toolkit/Training/find-scholarships-detail.aspx?lang=en&pagesize=2191&curPage=1&studyLevelfilter=High School&scholarshipId=9991761,High School,N/A,March
Allison D'Ann Higginbotham Memorial Scholarship,/Toolkit/Training/find-scholarships-detail.aspx?lang=en&pagesize=2191&curPage=1&studyLevelfilter=High School&scholarshipId=9997386,High School,N/A,March
Alois and Marie Goldmann Scholarship,/Toolkit/Training/find-scholarships-detail.aspx?lang=en&pagesize=2191&curPage=1&studyLevelfilter=High School&scholarshipId=9994558,High School,"$1,000",March
Altrusa of Parkersburg GEMS Scholarship,/Toolkit/Training/find-scholarships-detail.aspx?lang=en&pagesize=2191&curPage=1&studyLevelfilter=High School&scholarshipId=9991857,High School,N/A,March
Altrusa of Parkersburg-Katherine Frye Memorial Scholarship,/Toolkit/Training/find-scholarships-detail.aspx?lang=en&pagesize=2191&curPage=1&studyLevelfilter=High School&scholarshipId=9991856,High School,N/A,March
Alumni Association Scholarship Endowment Fund of the Former Albert,/Toolkit/Training/find-scholarships-detail.aspx?lang=en&pagesize=2191&curPage=1&studyLevelfilter=High School&scholarshipId=9992051,High School,"$1,000",March
American Patriot Scholarship,/Toolkit/Training/find-scholarships-detail.aspx?lang=en&pagesize=2191&curPage=1&studyLevelfilter=High School&scholarshipId=9993260,High School,"$5,000",March
American Welding Society District Scholarships,/Toolkit/Training/find-scholarships-detail.aspx?lang=en&pagesize=2191&curPage=1&studyLevelfilter=High School&scholarshipId=9998797,High School,N/A,March
Amos and Marilyn Winsand - Detroit Section Named Scholarship,/Toolkit/Training/find-scholarships-detail.aspx?lang=en&pagesize=2191&curPage=1&studyLevelfilter=High School&scholarshipId=9998792,High School,N/A,March
Anchor Scholarship Foundation Scholarships,/Toolkit/Training/find-scholarships-detail.aspx?lang=en&pagesize=2191&curPage=1&studyLevelfilter=High School&scholarshipId=9998757,High School,"$2,100",March
Anderson Family Endowed Scholarship,/Toolkit/Training/find-scholarships-detail.aspx?lang=en&pagesize=2191&curPage=1&studyLevelfilter=High School&scholarshipId=9997422,High School,N/A,March
Andrew Sutter Memorial Scholarship,/Toolkit/Training/find-scholarships-detail.aspx?lang=en&pagesize=2191&curPage=1&studyLevelfilter=High School&scholarshipId=9997349,High School,N/A,March
Anil and Neema Thakrar Family Fund,/Toolkit/Training/find-scholarships-detail.aspx?lang=en&pagesize=2191&curPage=1&studyLevelfilter=High School&scholarshipId=9995620,High School,N/A,March
"Antenore C. ""Butch"" Davanzo Scholarships",/Toolkit/Training/find-scholarships-detail.aspx?lang=en&pagesize=2191&curPage=1&studyLevelfilter=High School&scholarshipId=9993288,High School,"$2,500",March
Antonio Mattos Memorial Scholarship,/Toolkit/Training/find-scholarships-detail.aspx?lang=en&pagesize=2191&curPage=1&studyLevelfilter=High School&scholarshipId=9993687,High School,"$1,000",March
APHA Academic Scholarships,/Toolkit/Training/find-scholarships-detail.aspx?lang=en&pagesize=2191&curPage=1&studyLevelfilter=High School&scholarshipId=9999127,High School,"$1,000",March
April Lee Tibbs Memorial Scholarship,/Toolkit/Training/find-scholarships-detail.aspx?lang=en&pagesize=2191&curPage=1&studyLevelfilter=High School&scholarshipId=9991721,High School,N/A,March
ARA Scholarship Program,/Toolkit/Training/find-scholarships-detail.aspx?lang=en&pagesize=2191&curPage=1&studyLevelfilter=High School&scholarshipId=9998208,High School,N/A,March
Arsham Amirikian Engineering Scholarship,/Toolkit/Training/find-scholarships-detail.aspx?lang=en&pagesize=2191&curPage=1&studyLevelfilter=High School&scholarshipId=9998793,High School,"$2,500",March
Arthur L. Littleworth Best Best & Krieger Diversity Scholarship,/Toolkit/Training/find-scholarships-detail.aspx?lang=en&pagesize=2191&curPage=1&studyLevelfilter=High School&scholarshipId=2015337,High School,"$2,000",March
Ashley Darby Memorial Scholarship,/Toolkit/Training/find-scholarships-detail.aspx?lang=en&pagesize=2191&curPage=1&studyLevelfilter=High School&scholarshipId=9992085,High School,$500,March
ASIST Scholarship (ASIST),/Toolkit/Training/find-scholarships-detail.aspx?lang=en&pagesize=2191&curPage=1&studyLevelfilter=High School&scholarshipId=9995866,High School,"$2,000",March
B&W Y-12 Scholarship Fund,/Toolkit/Training/find-scholarships-detail.aspx?lang=en&pagesize=2191&curPage=1&studyLevelfilter=High School&scholarshipId=9996088,High School,"$1,400",March
BAFTX Undergraduate Award,/Toolkit/Training/find-scholarships-detail.aspx?lang=en&pagesize=2191&curPage=1&studyLevelfilter=High School&scholarshipId=9997953,High School,N/A,March
Baker Scholarship,/Toolkit/Training/find-scholarships-detail.aspx?lang=en&pagesize=2191&curPage=1&studyLevelfilter=High School&scholarshipId=9995561,High School,N/A,March
Baltimore Washington Conference Sophia Dietsch Education Scholarship,/Toolkit/Training/find-scholarships-detail.aspx?lang=en&pagesize=2191&curPage=1&studyLevelfilter=High School&scholarshipId=9995558,High School,$400,March
Baltimore Washington Conference United Methodist Men (UMM),/Toolkit/Training/find-scholarships-detail.aspx?lang=en&pagesize=2191&curPage=1&studyLevelfilter=High School&scholarshipId=9995557,High School,$400,March
Baltimore-Washington Conference Francis Asbury Scholarship,/Toolkit/Training/find-scholarships-detail.aspx?lang=en&pagesize=2191&curPage=1&studyLevelfilter=High School&scholarshipId=9995559,High School,N/A,March
Baltimore-Washington Conference United Methodist Women (UMW),/Toolkit/Training/find-scholarships-detail.aspx?lang=en&pagesize=2191&curPage=1&studyLevelfilter=High School&scholarshipId=9995556,High School,$400,March
Baltimore-Washington Scholarship Merit Fund,/Toolkit/Training/find-scholarships-detail.aspx?lang=en&pagesize=2191&curPage=1&studyLevelfilter=High School&scholarshipId=9995555,High School,"$1,500",March
Bank of America Junior Achievement Scholarship in honor of Donna,/Toolkit/Training/find-scholarships-detail.aspx?lang=en&pagesize=2191&curPage=1&studyLevelfilter=High School&scholarshipId=9995674,High School,N/A,March
Barriger - Zachary Barriger Memorial Scholarship Fund,/Toolkit/Training/find-scholarships-detail.aspx?lang=en&pagesize=2191&curPage=1&studyLevelfilter=High School&scholarshipId=9997419,High School,N/A,March
Barta-Lehman Musical Scholarship,/Toolkit/Training/find-scholarships-detail.aspx?lang=en&pagesize=2191&curPage=1&studyLevelfilter=High School&scholarshipId=9990916,High School,N/A,March
BeACoffeeBean James Lynn Baker II Scholarship,/Toolkit/Training/find-scholarships-detail.aspx?lang=en&pagesize=2191&curPage=1&studyLevelfilter=High School&scholarshipId=2015515,High School,"$10,000",March
Because College is Expensive Scholarship,/Toolkit/Training/find-scholarships-detail.aspx?lang=en&pagesize=2191&curPage=1&studyLevelfilter=High School&scholarshipId=9997606,High School,$500,March
"Beck – O.J. Beck, Jr. Memorial Scholarship",/Toolkit/Training/find-scholarships-detail.aspx?lang=en&pagesize=2191&curPage=1&studyLevelfilter=High School&scholarshipId=9997416,High School,"$2,000",March
Beck Scholarship,/Toolkit/Training/find-scholarships-detail.aspx?lang=en&pagesize=2191&curPage=1&studyLevelfilter=High School&scholarshipId=9991849,High School,N/A,March
Behind The Wheel Scholarship,/Toolkit/Training/find-scholarships-detail.aspx?lang=en&pagesize=2191&curPage=1&studyLevelfilter=High School&scholarshipId=2015230,High School,"$1,000",March
Ben Robinette Scholarship Fund,/Toolkit/Training/find-scholarships-detail.aspx?lang=en&pagesize=2191&curPage=1&studyLevelfilter=High School&scholarshipId=9995642,High School,N/A,March
Bennett – Reverend E.F. Bennett Scholarship,/Toolkit/Training/find-scholarships-detail.aspx?lang=en&pagesize=2191&curPage=1&studyLevelfilter=High School&scholarshipId=9997413,High School,N/A,March
Beth Carew Memorial Scholarship Program,/Toolkit/Training/find-scholarships-detail.aspx?lang=en&pagesize=2191&curPage=1&studyLevelfilter=High School&scholarshipId=9993028,High School,$500,March
Beverly Acock Memorial Scholarship,/Toolkit/Training/find-scholarships-detail.aspx?lang=en&pagesize=2191&curPage=1&studyLevelfilter=High School&scholarshipId=9997423,High School,N/A,March
Bies Family Automotive SkillPointe Scholarship,/Toolkit/Training/find-scholarships-detail.aspx?lang=en&pagesize=2191&curPage=1&studyLevelfilter=High School&scholarshipId=2015468,High School,"$5,000",March
Bishop John W. Hamilton Scholarship,/Toolkit/Training/find-scholarships-detail.aspx?lang=en&pagesize=2191&curPage=1&studyLevelfilter=High School&scholarshipId=9995547,High School,$500,March
Blanche M. Hubbard Scholarship,/Toolkit/Training/find-scholarships-detail.aspx?lang=en&pagesize=2191&curPage=1&studyLevelfilter=High School&scholarshipId=9995542,High School,$600,March
Board of Trustees Scholarship,/Toolkit/Training/find-scholarships-detail.aspx?lang=en&pagesize=2191&curPage=1&studyLevelfilter=High School&scholarshipId=9993936,High School,N/A,March
Bob Evans And Wayne White Scholarship,/Toolkit/Training/find-scholarships-detail.aspx?lang=en&pagesize=2191&curPage=1&studyLevelfilter=High School&scholarshipId=9995680,High School,N/A,March
Bob Zide Memorial Scholarship,/Toolkit/Training/find-scholarships-detail.aspx?lang=en&pagesize=2191&curPage=1&studyLevelfilter=High School&scholarshipId=9991705,High School,N/A,March
Boys and Girls Club of Parkersburg Scholarship,/Toolkit/Training/find-scholarships-detail.aspx?lang=en&pagesize=2191&curPage=1&studyLevelfilter=High School&scholarshipId=9991846,High School,N/A,March
Brandenburg Education Scholarship,/Toolkit/Training/find-scholarships-detail.aspx?lang=en&pagesize=2191&curPage=1&studyLevelfilter=High School&scholarshipId=9994136,High School,"$1,000",March
Brandon Magalassi Memorial Scholarship Foundation Scholarship Awards,/Toolkit/Training/find-scholarships-detail.aspx?lang=en&pagesize=2191&curPage=1&studyLevelfilter=High School&scholarshipId=9997963,High School,N/A,March
Bryce/Lietzke/Martin Scholarship,/Toolkit/Training/find-scholarships-detail.aspx?lang=en&pagesize=2191&curPage=1&studyLevelfilter=High School&scholarshipId=9991843,High School,N/A,March
Burney – Cecil E. Burney Scholarship,/Toolkit/Training/find-scholarships-detail.aspx?lang=en&pagesize=2191&curPage=1&studyLevelfilter=High School&scholarshipId=9997409,High School,"$2,000",March
C.R. Thomas Scholarship,/Toolkit/Training/find-scholarships-detail.aspx?lang=en&pagesize=2191&curPage=1&studyLevelfilter=High School&scholarshipId=9991722,High School,N/A,March
Cairo Alumni Scholarship,/Toolkit/Training/find-scholarships-detail.aspx?lang=en&pagesize=2191&curPage=1&studyLevelfilter=High School&scholarshipId=9991841,High School,N/A,March
California Association of Family and Consumer Sciences - San Diego,/Toolkit/Training/find-scholarships-detail.aspx?lang=en&pagesize=2191&curPage=1&studyLevelfilter=High School&scholarshipId=9990912,High School,N/A,March
Camilla C. Johnson Scholarship,/Toolkit/Training/find-scholarships-detail.aspx?lang=en&pagesize=2191&curPage=1&studyLevelfilter=High School&scholarshipId=9995346,High School,N/A,March
CAP Student Leadership Award,/Toolkit/Training/find-scholarships-detail.aspx?lang=en&pagesize=2191&curPage=1&studyLevelfilter=High School&scholarshipId=9997817,High School,$250,March
Cardinal Memorial Scholarship in Honor of Joe E. Smith,/Toolkit/Training/find-scholarships-detail.aspx?lang=en&pagesize=2191&curPage=1&studyLevelfilter=High School&scholarshipId=9991840,High School,N/A,March
Carl J. Megel Scholarship,/Toolkit/Training/find-scholarships-detail.aspx?lang=en&pagesize=2191&curPage=1&studyLevelfilter=High School&scholarshipId=9999382,High School,"$1,500",March
Carl M. Rose Memorial Scholarship,/Toolkit/Training/find-scholarships-detail.aspx?lang=en&pagesize=2191&curPage=1&studyLevelfilter=High School&scholarshipId=9991745,High School,N/A,March
Carl Parsell Scholarship Fund,/Toolkit/Training/find-scholarships-detail.aspx?lang=en&pagesize=2191&curPage=1&studyLevelfilter=High School&scholarshipId=9993312,High School,"$2,500",March
Carol Hoy Scholarship Fund,/Toolkit/Training/find-scholarships-detail.aspx?lang=en&pagesize=2191&curPage=1&studyLevelfilter=High School&scholarshipId=9995625,High School,N/A,March
Carole Lewis Craig Memorial Music Scholarship,/Toolkit/Training/find-scholarships-detail.aspx?lang=en&pagesize=2191&curPage=1&studyLevelfilter=High School&scholarshipId=9991831,High School,N/A,March
Carolina Panthers Players Sam Mills Memorial Scholarships,/Toolkit/Training/find-scholarships-detail.aspx?lang=en&pagesize=2191&curPage=1&studyLevelfilter=High School&scholarshipId=9995649,High School,N/A,March
Carrie and George Lyter Scholarship,/Toolkit/Training/find-scholarships-detail.aspx?lang=en&pagesize=2191&curPage=1&studyLevelfilter=High School&scholarshipId=9995624,High School,N/A,March
Carter Roger Williams Scholarship,/Toolkit/Training/find-scholarships-detail.aspx?lang=en&pagesize=2191&curPage=1&studyLevelfilter=High School&scholarshipId=9990997,High School,"$25,000",March
Casey Laine Armed Services Scholarship,/Toolkit/Training/find-scholarships-detail.aspx?lang=en&pagesize=2191&curPage=1&studyLevelfilter=High School&scholarshipId=9997382,High School,N/A,March
Cathy McClain Nursing Scholarship,/Toolkit/Training/find-scholarships-detail.aspx?lang=en&pagesize=2191&curPage=1&studyLevelfilter=High School&scholarshipId=9991771,High School,N/A,March
CBC Spouses Performing Arts Scholarship,/Toolkit/Training/find-scholarships-detail.aspx?lang=en&pagesize=2191&curPage=1&studyLevelfilter=High School&scholarshipId=9996498,High School,"$5,000",March
CBC Spouses Visual Arts Scholarship,/Toolkit/Training/find-scholarships-detail.aspx?lang=en&pagesize=2191&curPage=1&studyLevelfilter=High School&scholarshipId=9996497,High School,"$5,000",March
Chad Vollmer Scholarship,/Toolkit/Training/find-scholarships-detail.aspx?lang=en&pagesize=2191&curPage=1&studyLevelfilter=High School&scholarshipId=9995315,High School,N/A,March
Charles A. Townsend Scholarship,/Toolkit/Training/find-scholarships-detail.aspx?lang=en&pagesize=2191&curPage=1&studyLevelfilter=High School&scholarshipId=9991720,High School,N/A,March
Charles W. Tadlock Scholarship,/Toolkit/Training/find-scholarships-detail.aspx?lang=en&pagesize=2191&curPage=1&studyLevelfilter=High School&scholarshipId=9995529,High School,"$1,000",March
Charlotte-Mecklenburg Schools Scholarship Incentive Fund,/Toolkit/Training/find-scholarships-detail.aspx?lang=en&pagesize=2191&curPage=1&studyLevelfilter=High School&scholarshipId=9995664,High School,N/A,March
Chester H. Bruce Memorial Scholarship,/Toolkit/Training/find-scholarships-detail.aspx?lang=en&pagesize=2191&curPage=1&studyLevelfilter=High School&scholarshipId=9991844,High School,N/A,March
Chester M. Vernon Memorial Eagle Scout Scholarship Program,/Toolkit/Training/find-scholarships-detail.aspx?lang=en&pagesize=2191&curPage=1&studyLevelfilter=High School&scholarshipId=9992860,High School,"$1,000",March
Children's Orthopedic Associates of South Texas (Coast) Scholarship,/Toolkit/Training/find-scholarships-detail.aspx?lang=en&pagesize=2191&curPage=1&studyLevelfilter=High School&scholarshipId=9997405,High School,N/A,March
Christian Jackson Scholarship,/Toolkit/Training/find-scholarships-detail.aspx?lang=en&pagesize=2191&curPage=1&studyLevelfilter=High School&scholarshipId=2015386,High School,"$5,000",March
Christine Soper Scholarship,/Toolkit/Training/find-scholarships-detail.aspx?lang=en&pagesize=2191&curPage=1&studyLevelfilter=High School&scholarshipId=9995326,High School,N/A,March
Christopher M. Wallschlaeger Memorial Scholarship,/Toolkit/Training/find-scholarships-detail.aspx?lang=en&pagesize=2191&curPage=1&studyLevelfilter=High School&scholarshipId=9996895,High School,N/A,March
Cindy Curry Memorial Scholarship,/Toolkit/Training/find-scholarships-detail.aspx?lang=en&pagesize=2191&curPage=1&studyLevelfilter=High School&scholarshipId=9991828,High School,N/A,March
Clackamas County Farm Bureau Agricultural Scholarships,/Toolkit/Training/find-scholarships-detail.aspx?lang=en&pagesize=2191&curPage=1&studyLevelfilter=High School&scholarshipId=9991932,High School,$500,March
Claes Nobel Future Female Leader Scholarship,/Toolkit/Training/find-scholarships-detail.aspx?lang=en&pagesize=2191&curPage=1&studyLevelfilter=High School&scholarshipId=9992766,High School,"$1,000",March
Claudia K. Salewske Memorial Scholarship,/Toolkit/Training/find-scholarships-detail.aspx?lang=en&pagesize=2191&curPage=1&studyLevelfilter=High School&scholarshipId=9990646,High School,"$3,000",March
Claudia Lia C. Smith Scholarship,/Toolkit/Training/find-scholarships-detail.aspx?lang=en&pagesize=2191&curPage=1&studyLevelfilter=High School&scholarshipId=9991732,High School,N/A,March
Clayburn J. Sr. & Garnet R. Hanna Scholarship,/Toolkit/Training/find-scholarships-detail.aspx?lang=en&pagesize=2191&curPage=1&studyLevelfilter=High School&scholarshipId=9991805,High School,N/A,March
Cleve Holloway Memorial Scholarship,/Toolkit/Training/find-scholarships-detail.aspx?lang=en&pagesize=2191&curPage=1&studyLevelfilter=High School&scholarshipId=9996882,High School,N/A,March
Coach and Betty Stansberry Scholarship,/Toolkit/Training/find-scholarships-detail.aspx?lang=en&pagesize=2191&curPage=1&studyLevelfilter=High School&scholarshipId=9991731,High School,N/A,March
Coastal Bend Community Foundation Scholarship,/Toolkit/Training/find-scholarships-detail.aspx?lang=en&pagesize=2191&curPage=1&studyLevelfilter=High School&scholarshipId=9997404,High School,N/A,March
Coleman Tyson Siekman Scholarship,/Toolkit/Training/find-scholarships-detail.aspx?lang=en&pagesize=2191&curPage=1&studyLevelfilter=High School&scholarshipId=9995531,High School,$700,March
College JumpStart Show Grit Scholarship,/Toolkit/Training/find-scholarships-detail.aspx?lang=en&pagesize=2191&curPage=1&studyLevelfilter=High School&scholarshipId=2015534,High School,"$1,000",March
Colton Rusk/Jose Martinez/Class of '09 Academic Scholarship,/Toolkit/Training/find-scholarships-detail.aspx?lang=en&pagesize=2191&curPage=1&studyLevelfilter=High School&scholarshipId=9997359,High School,N/A,March
Corpus Christi Estate Planning Council Scholarship,/Toolkit/Training/find-scholarships-detail.aspx?lang=en&pagesize=2191&curPage=1&studyLevelfilter=High School&scholarshipId=9997402,High School,N/A,March
Crawford Scholarship,/Toolkit/Training/find-scholarships-detail.aspx?lang=en&pagesize=2191&curPage=1&studyLevelfilter=High School&scholarshipId=9990909,High School,N/A,March
Cristian Gabriel Rodriguez Memorial Scholarship,/Toolkit/Training/find-scholarships-detail.aspx?lang=en&pagesize=2191&curPage=1&studyLevelfilter=High School&scholarshipId=9997364,High School,N/A,March
CSA Fraternal Life Scholarships,/Toolkit/Training/find-scholarships-detail.aspx?lang=en&pagesize=2191&curPage=1&studyLevelfilter=High School&scholarshipId=9996374,High School,"$4,000",March
Cynthia H. Kuo Scholarship,/Toolkit/Training/find-scholarships-detail.aspx?lang=en&pagesize=2191&curPage=1&studyLevelfilter=High School&scholarshipId=9990652,High School,"$5,000",March
Dave Elmo Memorial Scholarship,/Toolkit/Training/find-scholarships-detail.aspx?lang=en&pagesize=2191&curPage=1&studyLevelfilter=High School&scholarshipId=9991818,High School,N/A,March
David A. Couch Memorial Scholarship,/Toolkit/Training/find-scholarships-detail.aspx?lang=en&pagesize=2191&curPage=1&studyLevelfilter=High School&scholarshipId=9991834,High School,N/A,March
David C. Sommerville Memorial Scholarship,/Toolkit/Training/find-scholarships-detail.aspx?lang=en&pagesize=2191&curPage=1&studyLevelfilter=High School&scholarshipId=9990867,High School,"$1,000",March
David Edward Farson Scholarships,/Toolkit/Training/find-scholarships-detail.aspx?lang=en&pagesize=2191&curPage=1&studyLevelfilter=High School&scholarshipId=9991816,High School,N/A,March
David Taylor Memorial Scholarship,/Toolkit/Training/find-scholarships-detail.aspx?lang=en&pagesize=2191&curPage=1&studyLevelfilter=High School&scholarshipId=9991723,High School,N/A,March
David W. Schacht Native American Student Scholarship,/Toolkit/Training/find-scholarships-detail.aspx?lang=en&pagesize=2191&curPage=1&studyLevelfilter=High School&scholarshipId=9998134,High School,N/A,March
David W. Self Scholarship,/Toolkit/Training/find-scholarships-detail.aspx?lang=en&pagesize=2191&curPage=1&studyLevelfilter=High School&scholarshipId=9995532,High School,"$1,000",March
Dean – Derek Lee Dean Soccer Scholarships,/Toolkit/Training/find-scholarships-detail.aspx?lang=en&pagesize=2191&curPage=1&studyLevelfilter=High School&scholarshipId=9997399,High School,N/A,March
Dennis M. O’Callaghan Memorial Scholarship,/Toolkit/Training/find-scholarships-detail.aspx?lang=en&pagesize=2191&curPage=1&studyLevelfilter=High School&scholarshipId=9991760,High School,N/A,March
Diana Venable Scholarship,/Toolkit/Training/find-scholarships-detail.aspx?lang=en&pagesize=2191&curPage=1&studyLevelfilter=High School&scholarshipId=9990858,High School,"$20,000",March
DLS Educational Scholarship,/Toolkit/Training/find-scholarships-detail.aspx?lang=en&pagesize=2191&curPage=1&studyLevelfilter=High School&scholarshipId=9991824,High School,N/A,March
Doddridge County High School Alumni Scholarship,/Toolkit/Training/find-scholarships-detail.aspx?lang=en&pagesize=2191&curPage=1&studyLevelfilter=High School&scholarshipId=9991823,High School,N/A,March
Doddridge County High School Promise Scholarship in Memory of Hattie,/Toolkit/Training/find-scholarships-detail.aspx?lang=en&pagesize=2191&curPage=1&studyLevelfilter=High School&scholarshipId=9991822,High School,N/A,March
Doddridge County STEM Scholarship,/Toolkit/Training/find-scholarships-detail.aspx?lang=en&pagesize=2191&curPage=1&studyLevelfilter=High School&scholarshipId=9991821,High School,N/A,March
Doddridge County Vocational Scholarship,/Toolkit/Training/find-scholarships-detail.aspx?lang=en&pagesize=2191&curPage=1&studyLevelfilter=High School&scholarshipId=9991820,High School,N/A,March
Dolphin Scholarships,/Toolkit/Training/find-scholarships-detail.aspx?lang=en&pagesize=2191&curPage=1&studyLevelfilter=High School&scholarshipId=9996231,High School,"$2,000",March
Don Fosselman Scholarship,/Toolkit/Training/find-scholarships-detail.aspx?lang=en&pagesize=2191&curPage=1&studyLevelfilter=High School&scholarshipId=9991815,High School,N/A,March
Donald & Florence Hunting Scholarship,/Toolkit/Training/find-scholarships-detail.aspx?lang=en&pagesize=2191&curPage=1&studyLevelfilter=High School&scholarshipId=9995348,High School,N/A,March
Donald M. Wells Scholarship,/Toolkit/Training/find-scholarships-detail.aspx?lang=en&pagesize=2191&curPage=1&studyLevelfilter=High School&scholarshipId=9995314,High School,N/A,March
Donnell B. Young Scholarship,/Toolkit/Training/find-scholarships-detail.aspx?lang=en&pagesize=2191&curPage=1&studyLevelfilter=High School&scholarshipId=9999768,High School,N/A,March
"Donohue Family SkillPointe Scholarship, supported by The U.S. Chamber of Commerce Foundation",/Toolkit/Training/find-scholarships-detail.aspx?lang=en&pagesize=2191&curPage=1&studyLevelfilter=High School&scholarshipId=2015469,High School,"$2,000",March
Dorcas Edmonson Haught Scholarship,/Toolkit/Training/find-scholarships-detail.aspx?lang=en&pagesize=2191&curPage=1&studyLevelfilter=High School&scholarshipId=9991796,High School,N/A,March
Dorothy B. & Charles E. Thomas Scholarship,/Toolkit/Training/find-scholarships-detail.aspx?lang=en&pagesize=2191&curPage=1&studyLevelfilter=High School&scholarshipId=9995324,High School,N/A,March
Dorothy Tutt Asbury Memorial Scholarship,/Toolkit/Training/find-scholarships-detail.aspx?lang=en&pagesize=2191&curPage=1&studyLevelfilter=High School&scholarshipId=9997421,High School,N/A,March
Dorothy W Sigler Scholarship,/Toolkit/Training/find-scholarships-detail.aspx?lang=en&pagesize=2191&curPage=1&studyLevelfilter=High School&scholarshipId=9997354,High School,N/A,March
Doug McLain Memorial Scholarship,/Toolkit/Training/find-scholarships-detail.aspx?lang=en&pagesize=2191&curPage=1&studyLevelfilter=High School&scholarshipId=9991768,High School,N/A,March
Douglas E. Cochran Scholarship,/Toolkit/Training/find-scholarships-detail.aspx?lang=en&pagesize=2191&curPage=1&studyLevelfilter=High School&scholarshipId=9991837,High School,N/A,March
Downes - Jay and Rheba Downes Memorial Scholarship,/Toolkit/Training/find-scholarships-detail.aspx?lang=en&pagesize=2191&curPage=1&studyLevelfilter=High School&scholarshipId=9997397,High School,N/A,March
Dr. David Monroe Ritchie Memorial Scholarship,/Toolkit/Training/find-scholarships-detail.aspx?lang=en&pagesize=2191&curPage=1&studyLevelfilter=High School&scholarshipId=9991749,High School,N/A,March
Dr. Lola Denise Jefferson Scholarship,/Toolkit/Training/find-scholarships-detail.aspx?lang=en&pagesize=2191&curPage=1&studyLevelfilter=High School&scholarshipId=9993041,High School,"$1,000",March
Dr. Marie D. Boette Music Scholarship,/Toolkit/Training/find-scholarships-detail.aspx?lang=en&pagesize=2191&curPage=1&studyLevelfilter=High School&scholarshipId=9991848,High School,N/A,March
Dudley Mullins/Cabot Corporation Scholarship,/Toolkit/Training/find-scholarships-detail.aspx?lang=en&pagesize=2191&curPage=1&studyLevelfilter=High School&scholarshipId=9991762,High School,N/A,March
Durwood McAlister Scholarship,/Toolkit/Training/find-scholarships-detail.aspx?lang=en&pagesize=2191&curPage=1&studyLevelfilter=High School&scholarshipId=9995495,High School,"$1,500",March
Dwight O. Connor/Ellen Conner Lepp/Danhart Scholarship,/Toolkit/Training/find-scholarships-detail.aspx?lang=en&pagesize=2191&curPage=1&studyLevelfilter=High School&scholarshipId=9991835,High School,N/A,March
E. Craig Brandenburg Scholarship,/Toolkit/Training/find-scholarships-detail.aspx?lang=en&pagesize=2191&curPage=1&studyLevelfilter=High School&scholarshipId=9995553,High School,"$1,000",March
E.C. Lloyd and J.C.U. Johnson Scholarship Fund,/Toolkit/Training/find-scholarships-detail.aspx?lang=en&pagesize=2191&curPage=1&studyLevelfilter=High School&scholarshipId=9996879,High School,N/A,March
"E.ON Climate & Renewables North America, LLC Higher Education",/Toolkit/Training/find-scholarships-detail.aspx?lang=en&pagesize=2191&curPage=1&studyLevelfilter=High School&scholarshipId=9997394,High School,N/A,March
"E.ON Climate & Renewables North America, LLC Higher Education",/Toolkit/Training/find-scholarships-detail.aspx?lang=en&pagesize=2191&curPage=1&studyLevelfilter=High School&scholarshipId=9997395,High School,N/A,March
Edward Fennel Mauldin Endowed Scholarship,/Toolkit/Training/find-scholarships-detail.aspx?lang=en&pagesize=2191&curPage=1&studyLevelfilter=High School&scholarshipId=9992083,High School,"$5,000",March
Edward W. Stimpson Aviation Excellence Award Scholarship,/Toolkit/Training/find-scholarships-detail.aspx?lang=en&pagesize=2191&curPage=1&studyLevelfilter=High School&scholarshipId=9995562,High School,"$2,000",March
"Eidson - John R. Eidson Jr.,’38 Scholarship",/Toolkit/Training/find-scholarships-detail.aspx?lang=en&pagesize=2191&curPage=1&studyLevelfilter=High School&scholarshipId=9997396,High School,N/A,March
Elaine and Barry Gilbert College Scholarship,/Toolkit/Training/find-scholarships-detail.aspx?lang=en&pagesize=2191&curPage=1&studyLevelfilter=High School&scholarshipId=9994134,High School,"$1,000",March
Elizabeth McKissick Memorial Scholarship,/Toolkit/Training/find-scholarships-detail.aspx?lang=en&pagesize=2191&curPage=1&studyLevelfilter=High School&scholarshipId=9993768,High School,N/A,March
Elizabeth Simmons Scholarship,/Toolkit/Training/find-scholarships-detail.aspx?lang=en&pagesize=2191&curPage=1&studyLevelfilter=High School&scholarshipId=9991736,High School,N/A,March
Elks National Foundation Most Valuable Student Scholarship Contest,/Toolkit/Training/find-scholarships-detail.aspx?lang=en&pagesize=2191&curPage=1&studyLevelfilter=High School&scholarshipId=9995991,High School,"$4,000",March
Elks National Foundation Most Valuable Student Scholarship Contest,/Toolkit/Training/find-scholarships-detail.aspx?lang=en&pagesize=2191&curPage=1&studyLevelfilter=High School&scholarshipId=9997883,High School,"$4,000",March
Ella Beren Hersch Scholarship,/Toolkit/Training/find-scholarships-detail.aspx?lang=en&pagesize=2191&curPage=1&studyLevelfilter=High School&scholarshipId=9991795,High School,N/A,March
Engineering and Construction Contracting (ECC) Association Scholarship,/Toolkit/Training/find-scholarships-detail.aspx?lang=en&pagesize=2191&curPage=1&studyLevelfilter=High School&scholarshipId=2015541,High School,"$2,000",March
Erin L. Jenkins Memorial Scholarship,/Toolkit/Training/find-scholarships-detail.aspx?lang=en&pagesize=2191&curPage=1&studyLevelfilter=High School&scholarshipId=9995627,High School,"$1,500",March
ESA Foundation Computer and Video Game Arts and Sciences Scholarship,/Toolkit/Training/find-scholarships-detail.aspx?lang=en&pagesize=2191&curPage=1&studyLevelfilter=High School&scholarshipId=9995975,High School,"$3,000",March
Estella Marie Schaber Scholarship,/Toolkit/Training/find-scholarships-detail.aspx?lang=en&pagesize=2191&curPage=1&studyLevelfilter=High School&scholarshipId=9991739,High School,N/A,March
Excellence in Clergy Leadership Scholarship,/Toolkit/Training/find-scholarships-detail.aspx?lang=en&pagesize=2191&curPage=1&studyLevelfilter=High School&scholarshipId=9995548,High School,"$2,500",March
Executive Women International Scholarship Program (EWISP),/Toolkit/Training/find-scholarships-detail.aspx?lang=en&pagesize=2191&curPage=1&studyLevelfilter=High School&scholarshipId=9995865,High School,N/A,March
F. Atlee Dodge Maintenance Scholarship,/Toolkit/Training/find-scholarships-detail.aspx?lang=en&pagesize=2191&curPage=1&studyLevelfilter=High School&scholarshipId=9999851,High School,"$2,500",March
Farley Moody Galbraith Scholarship,/Toolkit/Training/find-scholarships-detail.aspx?lang=en&pagesize=2191&curPage=1&studyLevelfilter=High School&scholarshipId=9996885,High School,N/A,March
FCBA Foundation College Scholarship Program,/Toolkit/Training/find-scholarships-detail.aspx?lang=en&pagesize=2191&curPage=1&studyLevelfilter=High School&scholarshipId=9995836,High School,"$5,000",March
FCCLA Memorial Scholarship,/Toolkit/Training/find-scholarships-detail.aspx?lang=en&pagesize=2191&curPage=1&studyLevelfilter=High School&scholarshipId=9995853,High School,"$2,500",March
Flynn - Barney Flynn Memorial Scholarship,/Toolkit/Training/find-scholarships-detail.aspx?lang=en&pagesize=2191&curPage=1&studyLevelfilter=High School&scholarshipId=9997393,High School,N/A,March
FMA-FEEA Scholarship Program,/Toolkit/Training/find-scholarships-detail.aspx?lang=en&pagesize=2191&curPage=1&studyLevelfilter=High School&scholarshipId=9995833,High School,"$1,000",March
FMA-FEEA Scholarship Program,/Toolkit/Training/find-scholarships-detail.aspx?lang=en&pagesize=2191&curPage=1&studyLevelfilter=High School&scholarshipId=9995830,High School,"$1,000",March
Fostering Hope Scholarship,/Toolkit/Training/find-scholarships-detail.aspx?lang=en&pagesize=2191&curPage=1&studyLevelfilter=High School&scholarshipId=9991814,High School,N/A,March
Foundation for Surgical Technology Scholarships,/Toolkit/Training/find-scholarships-detail.aspx?lang=en&pagesize=2191&curPage=1&studyLevelfilter=High School&scholarshipId=9998246,High School,N/A,March
Foundation Scholars Scholarship,/Toolkit/Training/find-scholarships-detail.aspx?lang=en&pagesize=2191&curPage=1&studyLevelfilter=High School&scholarshipId=9993783,High School,N/A,March
Frank Dias Memorial Scholarship,/Toolkit/Training/find-scholarships-detail.aspx?lang=en&pagesize=2191&curPage=1&studyLevelfilter=High School&scholarshipId=9993694,High School,"$1,000",March
Frank H. Ault Scholarship,/Toolkit/Training/find-scholarships-detail.aspx?lang=en&pagesize=2191&curPage=1&studyLevelfilter=High School&scholarshipId=9990904,High School,N/A,March
Fraser Stryker Diversity Scholarship Program,/Toolkit/Training/find-scholarships-detail.aspx?lang=en&pagesize=2191&curPage=1&studyLevelfilter=High School&scholarshipId=9995601,High School,"$2,500",March
Fred C. Wikoff Jr. Scholarship,/Toolkit/Training/find-scholarships-detail.aspx?lang=en&pagesize=2191&curPage=1&studyLevelfilter=High School&scholarshipId=9995636,High School,N/A,March
Fred Heather Memorial Scholarship,/Toolkit/Training/find-scholarships-detail.aspx?lang=en&pagesize=2191&curPage=1&studyLevelfilter=High School&scholarshipId=9995544,High School,N/A,March
Freda Burge Scholarship,/Toolkit/Training/find-scholarships-detail.aspx?lang=en&pagesize=2191&curPage=1&studyLevelfilter=High School&scholarshipId=9991842,High School,N/A,March
General Youth Scholarship,/Toolkit/Training/find-scholarships-detail.aspx?lang=en&pagesize=2191&curPage=1&studyLevelfilter=High School&scholarshipId=9993689,High School,"$1,000",March
George H. Clinton Scholarship,/Toolkit/Training/find-scholarships-detail.aspx?lang=en&pagesize=2191&curPage=1&studyLevelfilter=High School&scholarshipId=9991838,High School,N/A,March
Georgia Harkness Scholarship,/Toolkit/Training/find-scholarships-detail.aspx?lang=en&pagesize=2191&curPage=1&studyLevelfilter=High School&scholarshipId=9995545,High School,"$5,000",March
Gerald M. Crane Music Award Scholarship,/Toolkit/Training/find-scholarships-detail.aspx?lang=en&pagesize=2191&curPage=1&studyLevelfilter=High School&scholarshipId=9995362,High School,N/A,March
Geraldine Geistert Boss Scholarship,/Toolkit/Training/find-scholarships-detail.aspx?lang=en&pagesize=2191&curPage=1&studyLevelfilter=High School&scholarshipId=9995354,High School,N/A,March
German Society Scholarships,/Toolkit/Training/find-scholarships-detail.aspx?lang=en&pagesize=2191&curPage=1&studyLevelfilter=High School&scholarshipId=9995483,High School,"$2,500",March
Glen LeBleu Education Scholarship,/Toolkit/Training/find-scholarships-detail.aspx?lang=en&pagesize=2191&curPage=1&studyLevelfilter=High School&scholarshipId=9997379,High School,N/A,March
Glendale Latino Association Scholarships,/Toolkit/Training/find-scholarships-detail.aspx?lang=en&pagesize=2191&curPage=1&studyLevelfilter=High School&scholarshipId=9995463,High School,$500,March
Glenn Wilson Broadcast Journalism Scholarship,/Toolkit/Training/find-scholarships-detail.aspx?lang=en&pagesize=2191&curPage=1&studyLevelfilter=High School&scholarshipId=9991710,High School,N/A,March
Google Lime Scholarship,/Toolkit/Training/find-scholarships-detail.aspx?lang=en&pagesize=2191&curPage=1&studyLevelfilter=High School&scholarshipId=9993738,High School,"$5,000",March
Gordon W. and Agnes P. Cobb Scholarship,/Toolkit/Training/find-scholarships-detail.aspx?lang=en&pagesize=2191&curPage=1&studyLevelfilter=High School&scholarshipId=9996086,High School,"$10,000",March
Grand Rapids Scholarship Association,/Toolkit/Training/find-scholarships-detail.aspx?lang=en&pagesize=2191&curPage=1&studyLevelfilter=High School&scholarshipId=9995353,High School,N/A,March
Grays Harbor Community Foundation Scholarships,/Toolkit/Training/find-scholarships-detail.aspx?lang=en&pagesize=2191&curPage=1&studyLevelfilter=High School&scholarshipId=9995299,High School,N/A,March
Gregory Linn Haught Citizenship Award,/Toolkit/Training/find-scholarships-detail.aspx?lang=en&pagesize=2191&curPage=1&studyLevelfilter=High School&scholarshipId=9991798,High School,N/A,March
Guerra - Melissa Ann (Missy) Guerra Scholarship,/Toolkit/Training/find-scholarships-detail.aspx?lang=en&pagesize=2191&curPage=1&studyLevelfilter=High School&scholarshipId=9997390,High School,N/A,March
H.G. Hardbarger Science - Mathematics Award,/Toolkit/Training/find-scholarships-detail.aspx?lang=en&pagesize=2191&curPage=1&studyLevelfilter=High School&scholarshipId=9991804,High School,N/A,March
HANA Scholars,/Toolkit/Training/find-scholarships-detail.aspx?lang=en&pagesize=2191&curPage=1&studyLevelfilter=High School&scholarshipId=9995546,High School,"$1,000",March
Harlan M. and Lillian G. Law Memorial Scholarship,/Toolkit/Training/find-scholarships-detail.aspx?lang=en&pagesize=2191&curPage=1&studyLevelfilter=High School&scholarshipId=9991783,High School,N/A,March
Harrisville High School Alumni Scholarship,/Toolkit/Training/find-scholarships-detail.aspx?lang=en&pagesize=2191&curPage=1&studyLevelfilter=High School&scholarshipId=9991803,High School,N/A,March
Harrisville Lion’s Club Scholarship,/Toolkit/Training/find-scholarships-detail.aspx?lang=en&pagesize=2191&curPage=1&studyLevelfilter=High School&scholarshipId=9991802,High School,N/A,March
Harrisville Lion's Club Scholarship,/Toolkit/Training/find-scholarships-detail.aspx?lang=en&pagesize=2191&curPage=1&studyLevelfilter=High School&scholarshipId=9991801,High School,N/A,March
Harry and Lucille Brown Scholarship,/Toolkit/Training/find-scholarships-detail.aspx?lang=en&pagesize=2191&curPage=1&studyLevelfilter=High School&scholarshipId=9995368,High School,N/A,March
Harry C. Hartleben III/Gordon Page Corbitt Scholarship,/Toolkit/Training/find-scholarships-detail.aspx?lang=en&pagesize=2191&curPage=1&studyLevelfilter=High School&scholarshipId=9991800,High School,N/A,March
Harry E. Moats Scholarship,/Toolkit/Training/find-scholarships-detail.aspx?lang=en&pagesize=2191&curPage=1&studyLevelfilter=High School&scholarshipId=9991763,High School,N/A,March
Harry Porter Memorial Scholarship,/Toolkit/Training/find-scholarships-detail.aspx?lang=en&pagesize=2191&curPage=1&studyLevelfilter=High School&scholarshipId=9997368,High School,N/A,March
Haught Scholarship,/Toolkit/Training/find-scholarships-detail.aspx?lang=en&pagesize=2191&curPage=1&studyLevelfilter=High School&scholarshipId=9991797,High School,N/A,March
Helen B. and Lewis E. Goldstein Scholarship,/Toolkit/Training/find-scholarships-detail.aspx?lang=en&pagesize=2191&curPage=1&studyLevelfilter=High School&scholarshipId=9994133,High School,"$10,000",March
Helen Marsh White Scholarship,/Toolkit/Training/find-scholarships-detail.aspx?lang=en&pagesize=2191&curPage=1&studyLevelfilter=High School&scholarshipId=9991713,High School,N/A,March
Henry S. and Carolyn Adams Scholarship,/Toolkit/Training/find-scholarships-detail.aspx?lang=en&pagesize=2191&curPage=1&studyLevelfilter=High School&scholarshipId=9995676,High School,N/A,March
Henry Salvatori Scholarship,/Toolkit/Training/find-scholarships-detail.aspx?lang=en&pagesize=2191&curPage=1&studyLevelfilter=High School&scholarshipId=9991957,High School,N/A,March
"Hernandez – Manuel Hernandez, Jr. Memoral Scholarship",/Toolkit/Training/find-scholarships-detail.aspx?lang=en&pagesize=2191&curPage=1&studyLevelfilter=High School&scholarshipId=9997387,High School,N/A,March
Herschel H. Pifer Scholarship,/Toolkit/Training/find-scholarships-detail.aspx?lang=en&pagesize=2191&curPage=1&studyLevelfilter=High School&scholarshipId=9991753,High School,N/A,March
Holly Jackson-Wuller Memorial Scholarship,/Toolkit/Training/find-scholarships-detail.aspx?lang=en&pagesize=2191&curPage=1&studyLevelfilter=High School&scholarshipId=9991791,High School,N/A,March
Home Builders Association of the MOV/Joel Stout Memorial Scholarship,/Toolkit/Training/find-scholarships-detail.aspx?lang=en&pagesize=2191&curPage=1&studyLevelfilter=High School&scholarshipId=9991792,High School,N/A,March
Homer and Edith Hickman Scholarship,/Toolkit/Training/find-scholarships-detail.aspx?lang=en&pagesize=2191&curPage=1&studyLevelfilter=High School&scholarshipId=9991794,High School,N/A,March
Horatio Alger Delaware Scholarships,/Toolkit/Training/find-scholarships-detail.aspx?lang=en&pagesize=2191&curPage=1&studyLevelfilter=High School&scholarshipId=9994624,High School,"$10,000",March
"Horatio Alger District of Columbia, Maryland and Virginia",/Toolkit/Training/find-scholarships-detail.aspx?lang=en&pagesize=2191&curPage=1&studyLevelfilter=High School&scholarshipId=9994623,High School,"$10,000",March
Horatio Alger Florida Scholarships,/Toolkit/Training/find-scholarships-detail.aspx?lang=en&pagesize=2191&curPage=1&studyLevelfilter=High School&scholarshipId=9994622,High School,"$10,000",March
Horatio Alger Georgia Scholarships,/Toolkit/Training/find-scholarships-detail.aspx?lang=en&pagesize=2191&curPage=1&studyLevelfilter=High School&scholarshipId=9994621,High School,"$10,000",March
Horatio Alger Illinois Scholarships,/Toolkit/Training/find-scholarships-detail.aspx?lang=en&pagesize=2191&curPage=1&studyLevelfilter=High School&scholarshipId=9994620,High School,"$10,000",March
Horatio Alger Indiana Scholarships,/Toolkit/Training/find-scholarships-detail.aspx?lang=en&pagesize=2191&curPage=1&studyLevelfilter=High School&scholarshipId=9994619,High School,"$10,000",March
Horatio Alger Kentucky Scholarships,/Toolkit/Training/find-scholarships-detail.aspx?lang=en&pagesize=2191&curPage=1&studyLevelfilter=High School&scholarshipId=9994618,High School,"$10,000",March
Horatio Alger Louisiana Scholarships,/Toolkit/Training/find-scholarships-detail.aspx?lang=en&pagesize=2191&curPage=1&studyLevelfilter=High School&scholarshipId=9994616,High School,"$10,500",March
Horatio Alger Minnesota Scholarships,/Toolkit/Training/find-scholarships-detail.aspx?lang=en&pagesize=2191&curPage=1&studyLevelfilter=High School&scholarshipId=9994615,High School,"$10,000",March
Horatio Alger Missouri Scholarships,/Toolkit/Training/find-scholarships-detail.aspx?lang=en&pagesize=2191&curPage=1&studyLevelfilter=High School&scholarshipId=9994614,High School,"$10,000",March
Horatio Alger Montana Scholarships,/Toolkit/Training/find-scholarships-detail.aspx?lang=en&pagesize=2191&curPage=1&studyLevelfilter=High School&scholarshipId=9994613,High School,"$10,000",March
Horatio Alger National Scholarships,/Toolkit/Training/find-scholarships-detail.aspx?lang=en&pagesize=2191&curPage=1&studyLevelfilter=High School&scholarshipId=9994612,High School,"$25,000",March
Horatio Alger North Dakota Scholarships,/Toolkit/Training/find-scholarships-detail.aspx?lang=en&pagesize=2191&curPage=1&studyLevelfilter=High School&scholarshipId=9994611,High School,"$10,000",March
Horatio Alger Pennsylvania Scholarships,/Toolkit/Training/find-scholarships-detail.aspx?lang=en&pagesize=2191&curPage=1&studyLevelfilter=High School&scholarshipId=9994610,High School,"$10,000",March
Horatio Alger South Dakota Scholarships,/Toolkit/Training/find-scholarships-detail.aspx?lang=en&pagesize=2191&curPage=1&studyLevelfilter=High School&scholarshipId=9994609,High School,"$10,000",March
Horatio Alger Texas Scholarships,/Toolkit/Training/find-scholarships-detail.aspx?lang=en&pagesize=2191&curPage=1&studyLevelfilter=High School&scholarshipId=9994608,High School,"$10,000",March
Horatio Alger Utah Scholarships,/Toolkit/Training/find-scholarships-detail.aspx?lang=en&pagesize=2191&curPage=1&studyLevelfilter=High School&scholarshipId=9994607,High School,"$10,000",March
Horatio Alger Washington Scholarships,/Toolkit/Training/find-scholarships-detail.aspx?lang=en&pagesize=2191&curPage=1&studyLevelfilter=High School&scholarshipId=9994606,High School,"$10,000",March
Horatio Alger Wyoming Scholarships,/Toolkit/Training/find-scholarships-detail.aspx?lang=en&pagesize=2191&curPage=1&studyLevelfilter=High School&scholarshipId=9994605,High School,"$10,000",March
Howard E. and Wilma J. Adkins Memorial Scholarship,/Toolkit/Training/find-scholarships-detail.aspx?lang=en&pagesize=2191&curPage=1&studyLevelfilter=High School&scholarshipId=9998786,High School,"$2,500",March
Howard Fox Memorial Law Scholarship Fund,/Toolkit/Training/find-scholarships-detail.aspx?lang=en&pagesize=2191&curPage=1&studyLevelfilter=High School&scholarshipId=9998131,High School,"$3,000",March
Illinois Special Education Teacher Tuition Waiver Scholarship (SETTW),/Toolkit/Training/find-scholarships-detail.aspx?lang=en&pagesize=2191&curPage=1&studyLevelfilter=High School&scholarshipId=9994536,High School,N/A,March
Irene Carlson Gnaedinger Memorial Scholarship,/Toolkit/Training/find-scholarships-detail.aspx?lang=en&pagesize=2191&curPage=1&studyLevelfilter=High School&scholarshipId=9993781,High School,N/A,March
ISA Section and District Scholarships - Lehigh Valley,/Toolkit/Training/find-scholarships-detail.aspx?lang=en&pagesize=2191&curPage=1&studyLevelfilter=High School&scholarshipId=9994313,High School,N/A,March
ITE Diversity Scholars,/Toolkit/Training/find-scholarships-detail.aspx?lang=en&pagesize=2191&curPage=1&studyLevelfilter=High School&scholarshipId=2015407,High School,"$20,000",March
ITMS Shannon Fellowships,/Toolkit/Training/find-scholarships-detail.aspx?lang=en&pagesize=2191&curPage=1&studyLevelfilter=High School&scholarshipId=9994278,High School,$750,March
J. Everett & Hattie Leggett Memorial Scholarship,/Toolkit/Training/find-scholarships-detail.aspx?lang=en&pagesize=2191&curPage=1&studyLevelfilter=High School&scholarshipId=9991781,High School,N/A,March
Jack Family Scholarship,/Toolkit/Training/find-scholarships-detail.aspx?lang=en&pagesize=2191&curPage=1&studyLevelfilter=High School&scholarshipId=9995347,High School,N/A,March
Jack Stephens Volleyball Scholarship,/Toolkit/Training/find-scholarships-detail.aspx?lang=en&pagesize=2191&curPage=1&studyLevelfilter=High School&scholarshipId=9991729,High School,N/A,March
"James A. Turner, Jr. Memorial Scholarship",/Toolkit/Training/find-scholarships-detail.aspx?lang=en&pagesize=2191&curPage=1&studyLevelfilter=High School&scholarshipId=9998776,High School,"$3,500",March
James H. Roberts Athletic Scholarship,/Toolkit/Training/find-scholarships-detail.aspx?lang=en&pagesize=2191&curPage=1&studyLevelfilter=High School&scholarshipId=9991748,High School,N/A,March
James M. Brahney Scholarship,/Toolkit/Training/find-scholarships-detail.aspx?lang=en&pagesize=2191&curPage=1&studyLevelfilter=High School&scholarshipId=9994527,High School,"$1,000",March
James N. Kincanon Scholarship,/Toolkit/Training/find-scholarships-detail.aspx?lang=en&pagesize=2191&curPage=1&studyLevelfilter=High School&scholarshipId=9990967,High School,"$2,500",March
Jan DiMartino Delany Memorial Scholarship,/Toolkit/Training/find-scholarships-detail.aspx?lang=en&pagesize=2191&curPage=1&studyLevelfilter=High School&scholarshipId=9995629,High School,"$5,000",March
Jane S. Glenn Memorial Endowed Scholarship,/Toolkit/Training/find-scholarships-detail.aspx?lang=en&pagesize=2191&curPage=1&studyLevelfilter=High School&scholarshipId=9990968,High School,N/A,March
Janice Michels Scholarship,/Toolkit/Training/find-scholarships-detail.aspx?lang=en&pagesize=2191&curPage=1&studyLevelfilter=High School&scholarshipId=9991766,High School,N/A,March
Janice Todd Woods Memorial Scholarship,/Toolkit/Training/find-scholarships-detail.aspx?lang=en&pagesize=2191&curPage=1&studyLevelfilter=High School&scholarshipId=9991706,High School,N/A,March
Jean L. Phillips Auburn Scholarship Fund,/Toolkit/Training/find-scholarships-detail.aspx?lang=en&pagesize=2191&curPage=1&studyLevelfilter=High School&scholarshipId=9996875,High School,N/A,March
Jeffrey R. Swanson Memorial Scholarship,/Toolkit/Training/find-scholarships-detail.aspx?lang=en&pagesize=2191&curPage=1&studyLevelfilter=High School&scholarshipId=9991725,High School,N/A,March
Jeffrey S. Sullivan Theatre Arts Scholarship,/Toolkit/Training/find-scholarships-detail.aspx?lang=en&pagesize=2191&curPage=1&studyLevelfilter=High School&scholarshipId=9991726,High School,N/A,March
Jennifer D. Coulter Memorial Scholarship,/Toolkit/Training/find-scholarships-detail.aspx?lang=en&pagesize=2191&curPage=1&studyLevelfilter=High School&scholarshipId=9991833,High School,N/A,March
Jesse Michael Cayton Memorial Scholarship,/Toolkit/Training/find-scholarships-detail.aspx?lang=en&pagesize=2191&curPage=1&studyLevelfilter=High School&scholarshipId=9991839,High School,N/A,March
Jim Poore Memorial Scholarship Fund,/Toolkit/Training/find-scholarships-detail.aspx?lang=en&pagesize=2191&curPage=1&studyLevelfilter=High School&scholarshipId=9994554,High School,N/A,March
Jimmie Ruth Picquet Scholarship,/Toolkit/Training/find-scholarships-detail.aspx?lang=en&pagesize=2191&curPage=1&studyLevelfilter=High School&scholarshipId=9997369,High School,N/A,March
Joann and C.W. Carpenter Endowed Scholarship,/Toolkit/Training/find-scholarships-detail.aspx?lang=en&pagesize=2191&curPage=1&studyLevelfilter=High School&scholarshipId=9997407,High School,N/A,March
JoAnne Goss Memorial Nursing Scholarship,/Toolkit/Training/find-scholarships-detail.aspx?lang=en&pagesize=2191&curPage=1&studyLevelfilter=High School&scholarshipId=9992045,High School,"$1,000",March
Joe Barbarow Memorial Scholarship,/Toolkit/Training/find-scholarships-detail.aspx?lang=en&pagesize=2191&curPage=1&studyLevelfilter=High School&scholarshipId=9991853,High School,N/A,March
Joe L. Hernandez Fine Arts Scholarship,/Toolkit/Training/find-scholarships-detail.aspx?lang=en&pagesize=2191&curPage=1&studyLevelfilter=High School&scholarshipId=9997388,High School,N/A,March
John A. Statler Memorial Scholarship,/Toolkit/Training/find-scholarships-detail.aspx?lang=en&pagesize=2191&curPage=1&studyLevelfilter=High School&scholarshipId=9991730,High School,N/A,March
John C. Lincoln Memorial Scholarship,/Toolkit/Training/find-scholarships-detail.aspx?lang=en&pagesize=2191&curPage=1&studyLevelfilter=High School&scholarshipId=9998782,High School,"$3,500",March
John Long and Mary Elizabeth Watkins Thomas Scholarship,/Toolkit/Training/find-scholarships-detail.aspx?lang=en&pagesize=2191&curPage=1&studyLevelfilter=High School&scholarshipId=9991779,High School,N/A,March
John P. Culhane Professional Pilot Scholarship,/Toolkit/Training/find-scholarships-detail.aspx?lang=en&pagesize=2191&curPage=1&studyLevelfilter=High School&scholarshipId=9999852,High School,"$2,500",March
John Q. Schisler Scholarship,/Toolkit/Training/find-scholarships-detail.aspx?lang=en&pagesize=2191&curPage=1&studyLevelfilter=High School&scholarshipId=9995533,High School,"$1,000",March
John T. & Frances J. Maghielse Scholarship,/Toolkit/Training/find-scholarships-detail.aspx?lang=en&pagesize=2191&curPage=1&studyLevelfilter=High School&scholarshipId=9995340,High School,N/A,March
Joseph and Amelia Saks Scholarship,/Toolkit/Training/find-scholarships-detail.aspx?lang=en&pagesize=2191&curPage=1&studyLevelfilter=High School&scholarshipId=9996881,High School,N/A,March
Journalist of the Year Scholarships,/Toolkit/Training/find-scholarships-detail.aspx?lang=en&pagesize=2191&curPage=1&studyLevelfilter=High School&scholarshipId=9994054,High School,"$1,000",March
Journey Toward Ordained Ministry Scholarship,/Toolkit/Training/find-scholarships-detail.aspx?lang=en&pagesize=2191&curPage=1&studyLevelfilter=High School&scholarshipId=9995541,High School,"$5,000",March
JS (Jack and Shirley) Pagan Scholarship,/Toolkit/Training/find-scholarships-detail.aspx?lang=en&pagesize=2191&curPage=1&studyLevelfilter=High School&scholarshipId=9997372,High School,N/A,March
June Keeper Scholarship,/Toolkit/Training/find-scholarships-detail.aspx?lang=en&pagesize=2191&curPage=1&studyLevelfilter=High School&scholarshipId=9991788,High School,N/A,March
"Justin Forrest Cox ""Beat the Odds"" Memorial Scholarships",/Toolkit/Training/find-scholarships-detail.aspx?lang=en&pagesize=2191&curPage=1&studyLevelfilter=High School&scholarshipId=9997401,High School,N/A,March
Kasie Ford Capling Memorial Scholarship Endowment Fund,/Toolkit/Training/find-scholarships-detail.aspx?lang=en&pagesize=2191&curPage=1&studyLevelfilter=High School&scholarshipId=9995669,High School,N/A,March
Katherine and Stanley Ash Memorial Scholarship,/Toolkit/Training/find-scholarships-detail.aspx?lang=en&pagesize=2191&curPage=1&studyLevelfilter=High School&scholarshipId=9991855,High School,N/A,March
Katrina Thompson Scholarship,/Toolkit/Training/find-scholarships-detail.aspx?lang=en&pagesize=2191&curPage=1&studyLevelfilter=High School&scholarshipId=9990863,High School,N/A,March
KCC Foundation Gold Key Scholarship,/Toolkit/Training/find-scholarships-detail.aspx?lang=en&pagesize=2191&curPage=1&studyLevelfilter=High School&scholarshipId=9993938,High School,"$4,500",March
KEF General Scholarships,/Toolkit/Training/find-scholarships-detail.aspx?lang=en&pagesize=2191&curPage=1&studyLevelfilter=High School&scholarshipId=9993907,High School,N/A,March
Kelsey’s Law Distracted Driving Awareness Scholarship,/Toolkit/Training/find-scholarships-detail.aspx?lang=en&pagesize=2191&curPage=1&studyLevelfilter=High School&scholarshipId=9993311,High School,$500,March
Kenneth D. and Katherine D. Davis Scholarship,/Toolkit/Training/find-scholarships-detail.aspx?lang=en&pagesize=2191&curPage=1&studyLevelfilter=High School&scholarshipId=9991826,High School,N/A,March
Kevin Saunders Wheelchair Success Scholarship,/Toolkit/Training/find-scholarships-detail.aspx?lang=en&pagesize=2191&curPage=1&studyLevelfilter=High School&scholarshipId=9997357,High School,N/A,March
Kim T. Satterfield Scholarship,/Toolkit/Training/find-scholarships-detail.aspx?lang=en&pagesize=2191&curPage=1&studyLevelfilter=High School&scholarshipId=9991740,High School,N/A,March
LAEF Scholarships,/Toolkit/Training/find-scholarships-detail.aspx?lang=en&pagesize=2191&curPage=1&studyLevelfilter=High School&scholarshipId=9993852,High School,$500,March
Laila Uthman Scholarship,/Toolkit/Training/find-scholarships-detail.aspx?lang=en&pagesize=2191&curPage=1&studyLevelfilter=High School&scholarshipId=9990641,High School,"$1,000",March
Lance Corporal Colton Rusk Athletic Scholarship,/Toolkit/Training/find-scholarships-detail.aspx?lang=en&pagesize=2191&curPage=1&studyLevelfilter=High School&scholarshipId=9997360,High School,N/A,March
Langfitt-Ambrose Scholarship,/Toolkit/Training/find-scholarships-detail.aspx?lang=en&pagesize=2191&curPage=1&studyLevelfilter=High School&scholarshipId=9991785,High School,N/A,March
Larry D. and Margaret D. Brown Scholarship,/Toolkit/Training/find-scholarships-detail.aspx?lang=en&pagesize=2191&curPage=1&studyLevelfilter=High School&scholarshipId=9991845,High School,N/A,March
Laura M. Fleming Scholarship,/Toolkit/Training/find-scholarships-detail.aspx?lang=en&pagesize=2191&curPage=1&studyLevelfilter=High School&scholarshipId=9995657,High School,N/A,March
Laverne L. Gibson Memorial Scholarship,/Toolkit/Training/find-scholarships-detail.aspx?lang=en&pagesize=2191&curPage=1&studyLevelfilter=High School&scholarshipId=9991811,High School,N/A,March
Law Family Scholarship,/Toolkit/Training/find-scholarships-detail.aspx?lang=en&pagesize=2191&curPage=1&studyLevelfilter=High School&scholarshipId=9991784,High School,N/A,March
Law Offices of Michael A. DeMayo Scholarships,/Toolkit/Training/find-scholarships-detail.aspx?lang=en&pagesize=2191&curPage=1&studyLevelfilter=High School&scholarshipId=9993832,High School,N/A,March
Lawrence E. and Jean L. Davis Scholarship,/Toolkit/Training/find-scholarships-detail.aspx?lang=en&pagesize=2191&curPage=1&studyLevelfilter=High School&scholarshipId=9991825,High School,N/A,March
Leadership Corpus Christi Scholarship,/Toolkit/Training/find-scholarships-detail.aspx?lang=en&pagesize=2191&curPage=1&studyLevelfilter=High School&scholarshipId=9997380,High School,N/A,March
Leslie and Mary Ella Scales Scholarship,/Toolkit/Training/find-scholarships-detail.aspx?lang=en&pagesize=2191&curPage=1&studyLevelfilter=High School&scholarshipId=9996880,High School,N/A,March
Lewis-Clark State College Non-Traditional Student Scholarship,/Toolkit/Training/find-scholarships-detail.aspx?lang=en&pagesize=2191&curPage=1&studyLevelfilter=High School&scholarshipId=9993771,High School,N/A,March
Lewis-Clark State College Provost Scholarship,/Toolkit/Training/find-scholarships-detail.aspx?lang=en&pagesize=2191&curPage=1&studyLevelfilter=High School&scholarshipId=9993770,High School,$500,March
Little Kanawha Area Community Foundation Scholarship,/Toolkit/Training/find-scholarships-detail.aspx?lang=en&pagesize=2191&curPage=1&studyLevelfilter=High School&scholarshipId=9991780,High School,N/A,March
Local 564 Scholarship,/Toolkit/Training/find-scholarships-detail.aspx?lang=en&pagesize=2191&curPage=1&studyLevelfilter=High School&scholarshipId=9994273,High School,$500,March
Louise A. Broderick San Diego County Scholarship,/Toolkit/Training/find-scholarships-detail.aspx?lang=en&pagesize=2191&curPage=1&studyLevelfilter=High School&scholarshipId=9990913,High School,N/A,March
Louise Mason Memorial Scholarship,/Toolkit/Training/find-scholarships-detail.aspx?lang=en&pagesize=2191&curPage=1&studyLevelfilter=High School&scholarshipId=9991772,High School,N/A,March
Lu-VE Foundation,/Toolkit/Training/find-scholarships-detail.aspx?lang=en&pagesize=2191&curPage=1&studyLevelfilter=High School&scholarshipId=9991776,High School,N/A,March
Lubeck Elementary Teacher Memorial Scholarship,/Toolkit/Training/find-scholarships-detail.aspx?lang=en&pagesize=2191&curPage=1&studyLevelfilter=High School&scholarshipId=9991775,High School,N/A,March
Lucy and Charles W.E. Clarke Scholarship,/Toolkit/Training/find-scholarships-detail.aspx?lang=en&pagesize=2191&curPage=1&studyLevelfilter=High School&scholarshipId=9998450,High School,"$5,000",March
Lula Faye Clegg Memorial Scholarship Endowment Fund,/Toolkit/Training/find-scholarships-detail.aspx?lang=en&pagesize=2191&curPage=1&studyLevelfilter=High School&scholarshipId=9995662,High School,N/A,March
Marbie McCartney Smith Memorial Scholarship,/Toolkit/Training/find-scholarships-detail.aspx?lang=en&pagesize=2191&curPage=1&studyLevelfilter=High School&scholarshipId=9991733,High School,N/A,March
Margaret S. Gilbert Scholarship Fund,/Toolkit/Training/find-scholarships-detail.aspx?lang=en&pagesize=2191&curPage=1&studyLevelfilter=High School&scholarshipId=9990125,High School,$500,March
Margery J. Seeger Scholarship,/Toolkit/Training/find-scholarships-detail.aspx?lang=en&pagesize=2191&curPage=1&studyLevelfilter=High School&scholarshipId=9995329,High School,N/A,March
Mario Pedrozzi Scholarship,/Toolkit/Training/find-scholarships-detail.aspx?lang=en&pagesize=2191&curPage=1&studyLevelfilter=High School&scholarshipId=9991529,High School,N/A,March
Marissa Miller Student-Athlete Scholarship,/Toolkit/Training/find-scholarships-detail.aspx?lang=en&pagesize=2191&curPage=1&studyLevelfilter=High School&scholarshipId=9991765,High School,N/A,March
Mark and Karla Stuart Family Scholarship,/Toolkit/Training/find-scholarships-detail.aspx?lang=en&pagesize=2191&curPage=1&studyLevelfilter=High School&scholarshipId=9990865,High School,N/A,March
Martin K. Alsup and Frank Schroeder Memorial Music Scholarship,/Toolkit/Training/find-scholarships-detail.aspx?lang=en&pagesize=2191&curPage=1&studyLevelfilter=High School&scholarshipId=9991858,High School,N/A,March
Mary C. Rawlins Scholarships,/Toolkit/Training/find-scholarships-detail.aspx?lang=en&pagesize=2191&curPage=1&studyLevelfilter=High School&scholarshipId=9996487,High School,$500,March
Mary K. Smith Rector Scholarship,/Toolkit/Training/find-scholarships-detail.aspx?lang=en&pagesize=2191&curPage=1&studyLevelfilter=High School&scholarshipId=9991751,High School,N/A,March
"Mary Katherine ""Kathy"" Williamson Scholarship Fund",/Toolkit/Training/find-scholarships-detail.aspx?lang=en&pagesize=2191&curPage=1&studyLevelfilter=High School&scholarshipId=9996872,High School,N/A,March
Mary Lou Hague Memorial Scholarship for PHS,/Toolkit/Training/find-scholarships-detail.aspx?lang=en&pagesize=2191&curPage=1&studyLevelfilter=High School&scholarshipId=9991807,High School,N/A,March
Mary Lou Hague Red Wing/Cheerleader Scholarship,/Toolkit/Training/find-scholarships-detail.aspx?lang=en&pagesize=2191&curPage=1&studyLevelfilter=High School&scholarshipId=9991806,High School,N/A,March
McDermott Dreelin Scholarship,/Toolkit/Training/find-scholarships-detail.aspx?lang=en&pagesize=2191&curPage=1&studyLevelfilter=High School&scholarshipId=9991769,High School,N/A,March
Megan Nicole Longwell Scholarship,/Toolkit/Training/find-scholarships-detail.aspx?lang=en&pagesize=2191&curPage=1&studyLevelfilter=High School&scholarshipId=9991778,High School,N/A,March
Michael C. Whitlow Scholarship,/Toolkit/Training/find-scholarships-detail.aspx?lang=en&pagesize=2191&curPage=1&studyLevelfilter=High School&scholarshipId=9991712,High School,N/A,March
Michael J. Wolf Scholarship,/Toolkit/Training/find-scholarships-detail.aspx?lang=en&pagesize=2191&curPage=1&studyLevelfilter=High School&scholarshipId=9995311,High School,N/A,March
Mike Crapo Math and Science Scholarship Fund,/Toolkit/Training/find-scholarships-detail.aspx?lang=en&pagesize=2191&curPage=1&studyLevelfilter=High School&scholarshipId=9994557,High School,N/A,March
Minority Teachers of Illinois Scholarship Program (MTI),/Toolkit/Training/find-scholarships-detail.aspx?lang=en&pagesize=2191&curPage=1&studyLevelfilter=High School&scholarshipId=9994533,High School,N/A,March
Miriam Hoffman Scholarship,/Toolkit/Training/find-scholarships-detail.aspx?lang=en&pagesize=2191&curPage=1&studyLevelfilter=High School&scholarshipId=9995543,High School,$500,March
Morris Newspaper Corporation Scholarship,/Toolkit/Training/find-scholarships-detail.aspx?lang=en&pagesize=2191&curPage=1&studyLevelfilter=High School&scholarshipId=9995494,High School,"$1,500",March
MSF Traditional Scholarship,/Toolkit/Training/find-scholarships-detail.aspx?lang=en&pagesize=2191&curPage=1&studyLevelfilter=High School&scholarshipId=9993628,High School,N/A,March
Myrtle Wakeland Roper/Leola Garrett Scholarship,/Toolkit/Training/find-scholarships-detail.aspx?lang=en&pagesize=2191&curPage=1&studyLevelfilter=High School&scholarshipId=9997362,High School,N/A,March
Nancy and George Kiedaisch Scholarship,/Toolkit/Training/find-scholarships-detail.aspx?lang=en&pagesize=2191&curPage=1&studyLevelfilter=High School&scholarshipId=9991787,High School,N/A,March
Nancy C. Barton Scholarship,/Toolkit/Training/find-scholarships-detail.aspx?lang=en&pagesize=2191&curPage=1&studyLevelfilter=High School&scholarshipId=9991850,High School,N/A,March
Nancy Netser Mackley Memorial Scholarship,/Toolkit/Training/find-scholarships-detail.aspx?lang=en&pagesize=2191&curPage=1&studyLevelfilter=High School&scholarshipId=9991774,High School,N/A,March
"Napoleon A. Jones, III Memorial Scholarship",/Toolkit/Training/find-scholarships-detail.aspx?lang=en&pagesize=2191&curPage=1&studyLevelfilter=High School&scholarshipId=9990881,High School,N/A,March
NARFE-FEEA Scholarship Awards Program,/Toolkit/Training/find-scholarships-detail.aspx?lang=en&pagesize=2191&curPage=1&studyLevelfilter=High School&scholarshipId=9995832,High School,"$1,000",March
NARFE-FEEA Scholarship Awards Program,/Toolkit/Training/find-scholarships-detail.aspx?lang=en&pagesize=2191&curPage=1&studyLevelfilter=High School&scholarshipId=9993150,High School,"$1,000",March
Nathan J. and Virginia H. Friedman College Scholarship,/Toolkit/Training/find-scholarships-detail.aspx?lang=en&pagesize=2191&curPage=1&studyLevelfilter=High School&scholarshipId=9994135,High School,"$1,000",March
Nathan Sparks Memorial Scholarship,/Toolkit/Training/find-scholarships-detail.aspx?lang=en&pagesize=2191&curPage=1&studyLevelfilter=High School&scholarshipId=9996873,High School,N/A,March
Native American Seminary Scholarship,/Toolkit/Training/find-scholarships-detail.aspx?lang=en&pagesize=2191&curPage=1&studyLevelfilter=High School&scholarshipId=9995538,High School,"$3,000",March
NCOA Scholarship Fund,/Toolkit/Training/find-scholarships-detail.aspx?lang=en&pagesize=2191&curPage=1&studyLevelfilter=High School&scholarshipId=9992443,High School,$900,March
NCPA Foundation Presidential Scholarships,/Toolkit/Training/find-scholarships-detail.aspx?lang=en&pagesize=2191&curPage=1&studyLevelfilter=High School&scholarshipId=9992990,High School,$300,March
Nellie Grimm Sheppard and Paschal Grant Sheppard Scholarship,/Toolkit/Training/find-scholarships-detail.aspx?lang=en&pagesize=2191&curPage=1&studyLevelfilter=High School&scholarshipId=9991737,High School,N/A,March
Netfloor USA Access Flooring College Scholarships,/Toolkit/Training/find-scholarships-detail.aspx?lang=en&pagesize=2191&curPage=1&studyLevelfilter=High School&scholarshipId=9992623,High School,"$1,000",March
New Hampshire Snowmobile Association Annual Book Scholarships,/Toolkit/Training/find-scholarships-detail.aspx?lang=en&pagesize=2191&curPage=1&studyLevelfilter=High School&scholarshipId=9992577,High School,$250,March
Niagara Cares SkillPointe Scholarship,/Toolkit/Training/find-scholarships-detail.aspx?lang=en&pagesize=2191&curPage=1&studyLevelfilter=High School&scholarshipId=2015471,High School,"$2,000",March
Nickels for Notes Music Scholarship,/Toolkit/Training/find-scholarships-detail.aspx?lang=en&pagesize=2191&curPage=1&studyLevelfilter=High School&scholarshipId=9995523,High School,$500,March
NJ Center for Tourette Syndrome Youth Scholarship,/Toolkit/Training/find-scholarships-detail.aspx?lang=en&pagesize=2191&curPage=1&studyLevelfilter=High School&scholarshipId=2015331,High School,"$1,000",March
Nordic Skiing Association of Anchorage Scholarship,/Toolkit/Training/find-scholarships-detail.aspx?lang=en&pagesize=2191&curPage=1&studyLevelfilter=High School&scholarshipId=9992438,High School,"$1,500",March
Norm Manly YMTA Maritime Education Scholarship,/Toolkit/Training/find-scholarships-detail.aspx?lang=en&pagesize=2191&curPage=1&studyLevelfilter=High School&scholarshipId=9995689,High School,"$1,000",March
Norm Manly YMTA Maritime Education Scholarship,/Toolkit/Training/find-scholarships-detail.aspx?lang=en&pagesize=2191&curPage=1&studyLevelfilter=High School&scholarshipId=9988975,High School,"$1,000",March
North Dakota Division of Midwest Dairy Scholarships,/Toolkit/Training/find-scholarships-detail.aspx?lang=en&pagesize=2191&curPage=1&studyLevelfilter=High School&scholarshipId=9993272,High School,"$1,000",March
North Mecklenburg Teachers' Memorial Scholarship Fund,/Toolkit/Training/find-scholarships-detail.aspx?lang=en&pagesize=2191&curPage=1&studyLevelfilter=High School&scholarshipId=9995646,High School,N/A,March
Northwest Pipe Company Trade School Scholarship Program,/Toolkit/Training/find-scholarships-detail.aspx?lang=en&pagesize=2191&curPage=1&studyLevelfilter=High School&scholarshipId=2015531,High School,"$2,500",March
Novak Awards,/Toolkit/Training/find-scholarships-detail.aspx?lang=en&pagesize=2191&curPage=1&studyLevelfilter=High School&scholarshipId=9999954,High School,"$15,000",March
NSHSS Innovation in Technology Scholarship,/Toolkit/Training/find-scholarships-detail.aspx?lang=en&pagesize=2191&curPage=1&studyLevelfilter=High School&scholarshipId=9992750,High School,"$2,000",March
NSHSS Mental Health Awareness Scholarship,/Toolkit/Training/find-scholarships-detail.aspx?lang=en&pagesize=2191&curPage=1&studyLevelfilter=High School&scholarshipId=9992747,High School,"$2,000",March
NSHSS Research and Academic Paper Scholarships,/Toolkit/Training/find-scholarships-detail.aspx?lang=en&pagesize=2191&curPage=1&studyLevelfilter=High School&scholarshipId=9992741,High School,$250,March
NSHSS STEAM Scholarships,/Toolkit/Training/find-scholarships-detail.aspx?lang=en&pagesize=2191&curPage=1&studyLevelfilter=High School&scholarshipId=9992740,High School,"$1,000",March
Nursing Foundation of Pennsylvania Scholarship,/Toolkit/Training/find-scholarships-detail.aspx?lang=en&pagesize=2191&curPage=1&studyLevelfilter=High School&scholarshipId=9992047,High School,"$1,000",March
Olga Paul Scholarship,/Toolkit/Training/find-scholarships-detail.aspx?lang=en&pagesize=2191&curPage=1&studyLevelfilter=High School&scholarshipId=9997370,High School,N/A,March
Oliver Rosenberg Educational Trust,/Toolkit/Training/find-scholarships-detail.aspx?lang=en&pagesize=2191&curPage=1&studyLevelfilter=High School&scholarshipId=9995623,High School,N/A,March
Oportun Scholarship,/Toolkit/Training/find-scholarships-detail.aspx?lang=en&pagesize=2191&curPage=1&studyLevelfilter=High School&scholarshipId=2015537,High School,"$1,500",March
OppU Achievers Scholarship,/Toolkit/Training/find-scholarships-detail.aspx?lang=en&pagesize=2191&curPage=1&studyLevelfilter=High School&scholarshipId=9991973,High School,"$2,500",March
Ora E. Anderson Scholarship,/Toolkit/Training/find-scholarships-detail.aspx?lang=en&pagesize=2191&curPage=1&studyLevelfilter=High School&scholarshipId=9995682,High School,N/A,March
Oregon Farm Bureau Memorial Scholarship,/Toolkit/Training/find-scholarships-detail.aspx?lang=en&pagesize=2191&curPage=1&studyLevelfilter=High School&scholarshipId=9991931,High School,"$1,500",March
Orlando & Lena Pascoa Memorial Scholarship,/Toolkit/Training/find-scholarships-detail.aspx?lang=en&pagesize=2191&curPage=1&studyLevelfilter=High School&scholarshipId=9993686,High School,N/A,March
Orrie & Dorothy Cassada Scholarship,/Toolkit/Training/find-scholarships-detail.aspx?lang=en&pagesize=2191&curPage=1&studyLevelfilter=High School&scholarshipId=9995367,High School,N/A,March
OSGC Education Scholarships,/Toolkit/Training/find-scholarships-detail.aspx?lang=en&pagesize=2191&curPage=1&studyLevelfilter=High School&scholarshipId=9992020,High School,"$2,000",March
Oxbow Animal Health's High School Senior Scholarship,/Toolkit/Training/find-scholarships-detail.aspx?lang=en&pagesize=2191&curPage=1&studyLevelfilter=High School&scholarshipId=2015397,High School,"$1,000",March
Pam Reeves Memorial Scholarship,/Toolkit/Training/find-scholarships-detail.aspx?lang=en&pagesize=2191&curPage=1&studyLevelfilter=High School&scholarshipId=9991750,High School,N/A,March
Pearman Family Scholarship,/Toolkit/Training/find-scholarships-detail.aspx?lang=en&pagesize=2191&curPage=1&studyLevelfilter=High School&scholarshipId=9990879,High School,N/A,March
Pennies for Art Scholarship,/Toolkit/Training/find-scholarships-detail.aspx?lang=en&pagesize=2191&curPage=1&studyLevelfilter=High School&scholarshipId=9995522,High School,$500,March
Pennsboro High School Alumni Scholarship,/Toolkit/Training/find-scholarships-detail.aspx?lang=en&pagesize=2191&curPage=1&studyLevelfilter=High School&scholarshipId=9991757,High School,N/A,March
PHS English/Print Journalism Excellence Award in Memory of Richard,/Toolkit/Training/find-scholarships-detail.aspx?lang=en&pagesize=2191&curPage=1&studyLevelfilter=High School&scholarshipId=9991754,High School,N/A,March
Pollard-Bailey Scholarship,/Toolkit/Training/find-scholarships-detail.aspx?lang=en&pagesize=2191&curPage=1&studyLevelfilter=High School&scholarshipId=9990878,High School,N/A,March
Praxair International Scholarship,/Toolkit/Training/find-scholarships-detail.aspx?lang=en&pagesize=2191&curPage=1&studyLevelfilter=High School&scholarshipId=9998779,High School,"$2,500",March
Prince George's Credit Union Scholarship 2025,/Toolkit/Training/find-scholarships-detail.aspx?lang=en&pagesize=2191&curPage=1&studyLevelfilter=High School&scholarshipId=2015405,High School,"$2,500",March
Progressive Dairy Producer Awards,/Toolkit/Training/find-scholarships-detail.aspx?lang=en&pagesize=2191&curPage=1&studyLevelfilter=High School&scholarshipId=9992957,High School,"$2,000",March
"Qualcomm San Diego Science, Technology, Engineering and Mathematics",/Toolkit/Training/find-scholarships-detail.aspx?lang=en&pagesize=2191&curPage=1&studyLevelfilter=High School&scholarshipId=9990877,High School,N/A,March
R.N. Gaggar Family Scholarship,/Toolkit/Training/find-scholarships-detail.aspx?lang=en&pagesize=2191&curPage=1&studyLevelfilter=High School&scholarshipId=9991813,High School,N/A,March
Rains - J.J. Rains Memorial Scholarship,/Toolkit/Training/find-scholarships-detail.aspx?lang=en&pagesize=2191&curPage=1&studyLevelfilter=High School&scholarshipId=9997367,High School,N/A,March
Rancho Bernardo/Smith Scholarship,/Toolkit/Training/find-scholarships-detail.aspx?lang=en&pagesize=2191&curPage=1&studyLevelfilter=High School&scholarshipId=9990876,High School,N/A,March
Randy Williams Scholarship,/Toolkit/Training/find-scholarships-detail.aspx?lang=en&pagesize=2191&curPage=1&studyLevelfilter=High School&scholarshipId=9990875,High School,N/A,March
Ray And Mary Bell Scholarship,/Toolkit/Training/find-scholarships-detail.aspx?lang=en&pagesize=2191&curPage=1&studyLevelfilter=High School&scholarshipId=9990874,High School,N/A,March
Reach for Your Goal Scholarship,/Toolkit/Training/find-scholarships-detail.aspx?lang=en&pagesize=2191&curPage=1&studyLevelfilter=High School&scholarshipId=9995332,High School,N/A,March
Rebecca Renee Sanchez Memorial Scholarship,/Toolkit/Training/find-scholarships-detail.aspx?lang=en&pagesize=2191&curPage=1&studyLevelfilter=High School&scholarshipId=9997358,High School,N/A,March
Regions Riding Forward® Scholarship Essay Contest,/Toolkit/Training/find-scholarships-detail.aspx?lang=en&pagesize=2191&curPage=1&studyLevelfilter=High School&scholarshipId=9991023,High School,"$3,500",March
Rev. John L. and Lucille E. Holbert Scholarship,/Toolkit/Training/find-scholarships-detail.aspx?lang=en&pagesize=2191&curPage=1&studyLevelfilter=High School&scholarshipId=9991793,High School,N/A,March
Richard E. Andrews Memorial Scholarship,/Toolkit/Training/find-scholarships-detail.aspx?lang=en&pagesize=2191&curPage=1&studyLevelfilter=High School&scholarshipId=9999508,High School,N/A,March
Richard L. Strawn Accounting Scholarship,/Toolkit/Training/find-scholarships-detail.aspx?lang=en&pagesize=2191&curPage=1&studyLevelfilter=High School&scholarshipId=9997351,High School,N/A,March
Richard S. Smith Scholarship,/Toolkit/Training/find-scholarships-detail.aspx?lang=en&pagesize=2191&curPage=1&studyLevelfilter=High School&scholarshipId=9995530,High School,"$1,000",March
Rick Arkans Eagle Scout Scholarship,/Toolkit/Training/find-scholarships-detail.aspx?lang=en&pagesize=2191&curPage=1&studyLevelfilter=High School&scholarshipId=9992861,High School,"$1,000",March
Rick Barnard Memorial Scholarship,/Toolkit/Training/find-scholarships-detail.aspx?lang=en&pagesize=2191&curPage=1&studyLevelfilter=High School&scholarshipId=9991851,High School,N/A,March
"Robert E. Lowe, Jr. Memorial Scholarship",/Toolkit/Training/find-scholarships-detail.aspx?lang=en&pagesize=2191&curPage=1&studyLevelfilter=High School&scholarshipId=9991777,High School,N/A,March
Robert E. Walter Memorial Scholarship,/Toolkit/Training/find-scholarships-detail.aspx?lang=en&pagesize=2191&curPage=1&studyLevelfilter=High School&scholarshipId=9993672,High School,$500,March
Robert Louis Storck Memorial Scholarship,/Toolkit/Training/find-scholarships-detail.aspx?lang=en&pagesize=2191&curPage=1&studyLevelfilter=High School&scholarshipId=9991728,High School,N/A,March
Robert P. Sheppard Leadership Awards,/Toolkit/Training/find-scholarships-detail.aspx?lang=en&pagesize=2191&curPage=1&studyLevelfilter=High School&scholarshipId=9992736,High School,"$1,000",March
Rocky Mountain Coal Mining Institute Engineering/Geology Scholarships,/Toolkit/Training/find-scholarships-detail.aspx?lang=en&pagesize=2191&curPage=1&studyLevelfilter=High School&scholarshipId=9990956,High School,"$2,750",March
Rocky Mountain Coal Mining Institute Technical Scholarships,/Toolkit/Training/find-scholarships-detail.aspx?lang=en&pagesize=2191&curPage=1&studyLevelfilter=High School&scholarshipId=9990955,High School,"$1,000",March
Roger and Jacquelyn Vander Laan Family Scholarship,/Toolkit/Training/find-scholarships-detail.aspx?lang=en&pagesize=2191&curPage=1&studyLevelfilter=High School&scholarshipId=9995318,High School,N/A,March
Ronald P. Guerrette FFA Scholarship Fund,/Toolkit/Training/find-scholarships-detail.aspx?lang=en&pagesize=2191&curPage=1&studyLevelfilter=High School&scholarshipId=9993657,High School,"$1,000",March
Rosalie Bentzinger Scholarship,/Toolkit/Training/find-scholarships-detail.aspx?lang=en&pagesize=2191&curPage=1&studyLevelfilter=High School&scholarshipId=9995554,High School,"$5,000",March
Roscoe R. Daniell Memorial Scholarship,/Toolkit/Training/find-scholarships-detail.aspx?lang=en&pagesize=2191&curPage=1&studyLevelfilter=High School&scholarshipId=9991827,High School,N/A,March
Rosemary Cook Education Scholarship,/Toolkit/Training/find-scholarships-detail.aspx?lang=en&pagesize=2191&curPage=1&studyLevelfilter=High School&scholarshipId=9995363,High School,N/A,March
Roy Smith Memorial Scholarship,/Toolkit/Training/find-scholarships-detail.aspx?lang=en&pagesize=2191&curPage=1&studyLevelfilter=High School&scholarshipId=9997353,High School,N/A,March
Russ Grant Memorial Scholarship for Tennis,/Toolkit/Training/find-scholarships-detail.aspx?lang=en&pagesize=2191&curPage=1&studyLevelfilter=High School&scholarshipId=9991808,High School,N/A,March
Ruth & Julian Adams Memorial Scholarship,/Toolkit/Training/find-scholarships-detail.aspx?lang=en&pagesize=2191&curPage=1&studyLevelfilter=High School&scholarshipId=9991107,High School,$500,March
Ruth E. Jenkins Scholarship,/Toolkit/Training/find-scholarships-detail.aspx?lang=en&pagesize=2191&curPage=1&studyLevelfilter=High School&scholarshipId=9990895,High School,N/A,March
Ryan C. Jobes Memorial Scholarship,/Toolkit/Training/find-scholarships-detail.aspx?lang=en&pagesize=2191&curPage=1&studyLevelfilter=High School&scholarshipId=9991790,High School,N/A,March
S. Byrl Ross Memorial Scholarship,/Toolkit/Training/find-scholarships-detail.aspx?lang=en&pagesize=2191&curPage=1&studyLevelfilter=High School&scholarshipId=9991743,High School,N/A,March
S. William & Martha R. Goff Educational Scholarship,/Toolkit/Training/find-scholarships-detail.aspx?lang=en&pagesize=2191&curPage=1&studyLevelfilter=High School&scholarshipId=9991809,High School,N/A,March
Samuel Joseph & Marvin Anmuth Memorial Scholarship,/Toolkit/Training/find-scholarships-detail.aspx?lang=en&pagesize=2191&curPage=1&studyLevelfilter=High School&scholarshipId=9994131,High School,"$1,500",March
San Angelo Area Foundation Scholarship,/Toolkit/Training/find-scholarships-detail.aspx?lang=en&pagesize=2191&curPage=1&studyLevelfilter=High School&scholarshipId=9990918,High School,N/A,March
San Pasqual Academy Scholarship,/Toolkit/Training/find-scholarships-detail.aspx?lang=en&pagesize=2191&curPage=1&studyLevelfilter=High School&scholarshipId=9990869,High School,N/A,March
Sand Plains & Lewis A. and Gurry F. Batten Education Scholarship,/Toolkit/Training/find-scholarships-detail.aspx?lang=en&pagesize=2191&curPage=1&studyLevelfilter=High School&scholarshipId=9991741,High School,N/A,March
Saundra Hardman Farson Nursing Scholarship,/Toolkit/Training/find-scholarships-detail.aspx?lang=en&pagesize=2191&curPage=1&studyLevelfilter=High School&scholarshipId=9991817,High School,N/A,March
Scott McCormick Memorial Scholarship,/Toolkit/Training/find-scholarships-detail.aspx?lang=en&pagesize=2191&curPage=1&studyLevelfilter=High School&scholarshipId=9991770,High School,N/A,March
SDR – Ritchie Family Scholarship,/Toolkit/Training/find-scholarships-detail.aspx?lang=en&pagesize=2191&curPage=1&studyLevelfilter=High School&scholarshipId=9991738,High School,N/A,March
SEMA Memorial Scholarships,/Toolkit/Training/find-scholarships-detail.aspx?lang=en&pagesize=2191&curPage=1&studyLevelfilter=High School&scholarshipId=9990166,High School,N/A,March
Shamsie – Judge Terry Shamsie Scholarship,/Toolkit/Training/find-scholarships-detail.aspx?lang=en&pagesize=2191&curPage=1&studyLevelfilter=High School&scholarshipId=9997355,High School,N/A,March
Shane Gilbert Memorial Scholarship,/Toolkit/Training/find-scholarships-detail.aspx?lang=en&pagesize=2191&curPage=1&studyLevelfilter=High School&scholarshipId=9991810,High School,N/A,March
Sherman L. & Mabel C. Lepard Scholarship,/Toolkit/Training/find-scholarships-detail.aspx?lang=en&pagesize=2191&curPage=1&studyLevelfilter=High School&scholarshipId=9995341,High School,N/A,March
Simonton Windows Scholarship,/Toolkit/Training/find-scholarships-detail.aspx?lang=en&pagesize=2191&curPage=1&studyLevelfilter=High School&scholarshipId=9991735,High School,N/A,March
SITC Annual Student Scholarship Contest,/Toolkit/Training/find-scholarships-detail.aspx?lang=en&pagesize=2191&curPage=1&studyLevelfilter=High School&scholarshipId=2015316,High School,"$1,000",March
SmartMeasurement's Dream for a Better Future: Student Scholarship,/Toolkit/Training/find-scholarships-detail.aspx?lang=en&pagesize=2191&curPage=1&studyLevelfilter=High School&scholarshipId=9990619,High School,"$1,000",March
SMUD Powering Futures Scholarship,/Toolkit/Training/find-scholarships-detail.aspx?lang=en&pagesize=2191&curPage=1&studyLevelfilter=High School&scholarshipId=9990595,High School,"$5,000",March
Society of Exploration Geophysicists Scholarships,/Toolkit/Training/find-scholarships-detail.aspx?lang=en&pagesize=2191&curPage=1&studyLevelfilter=High School&scholarshipId=9990534,High School,$500,March
Soroptimist International of Chambersburg Fund,/Toolkit/Training/find-scholarships-detail.aspx?lang=en&pagesize=2191&curPage=1&studyLevelfilter=High School&scholarshipId=9995621,High School,N/A,March
SpeakOUT Boston Scholarship,/Toolkit/Training/find-scholarships-detail.aspx?lang=en&pagesize=2191&curPage=1&studyLevelfilter=High School&scholarshipId=9990169,High School,$500,March
Springer - Jim Springer Memorial Scholarship,/Toolkit/Training/find-scholarships-detail.aspx?lang=en&pagesize=2191&curPage=1&studyLevelfilter=High School&scholarshipId=9997352,High School,N/A,March
St. Joseph's Hospital School of Nursing Alumnae Scholarship,/Toolkit/Training/find-scholarships-detail.aspx?lang=en&pagesize=2191&curPage=1&studyLevelfilter=High School&scholarshipId=9991742,High School,N/A,March
Steiner Family Scholarship,/Toolkit/Training/find-scholarships-detail.aspx?lang=en&pagesize=2191&curPage=1&studyLevelfilter=High School&scholarshipId=2015530,High School,"$5,000",March
Stephanie G. Hoffman Scholarship,/Toolkit/Training/find-scholarships-detail.aspx?lang=en&pagesize=2191&curPage=1&studyLevelfilter=High School&scholarshipId=9994132,High School,"$1,000",March
Stephen T. Marchello Scholarship,/Toolkit/Training/find-scholarships-detail.aspx?lang=en&pagesize=2191&curPage=1&studyLevelfilter=High School&scholarshipId=9990074,High School,N/A,March
Steve Petix Journalism Scholarship,/Toolkit/Training/find-scholarships-detail.aspx?lang=en&pagesize=2191&curPage=1&studyLevelfilter=High School&scholarshipId=9990866,High School,N/A,March
Steven L. Coffey Memorial Scholarship,/Toolkit/Training/find-scholarships-detail.aspx?lang=en&pagesize=2191&curPage=1&studyLevelfilter=High School&scholarshipId=9996083,High School,"$1,500",March
Stout Memorial United Methodist Church Scholarship,/Toolkit/Training/find-scholarships-detail.aspx?lang=en&pagesize=2191&curPage=1&studyLevelfilter=High School&scholarshipId=9991727,High School,N/A,March
Stuart L. Noderer Memorial Scholarship,/Toolkit/Training/find-scholarships-detail.aspx?lang=en&pagesize=2191&curPage=1&studyLevelfilter=High School&scholarshipId=9990864,High School,N/A,March
Superpower Scholarship,/Toolkit/Training/find-scholarships-detail.aspx?lang=en&pagesize=2191&curPage=1&studyLevelfilter=High School&scholarshipId=9989811,High School,"$2,500",March
Susan Kraybill Roberts Library Scholarship,/Toolkit/Training/find-scholarships-detail.aspx?lang=en&pagesize=2191&curPage=1&studyLevelfilter=High School&scholarshipId=9991747,High School,N/A,March
Susan P. Schroeder Memorial Scholarship,/Toolkit/Training/find-scholarships-detail.aspx?lang=en&pagesize=2191&curPage=1&studyLevelfilter=High School&scholarshipId=9993759,High School,N/A,March
SUVCW Scholarships,/Toolkit/Training/find-scholarships-detail.aspx?lang=en&pagesize=2191&curPage=1&studyLevelfilter=High School&scholarshipId=9990217,High School,"$2,500",March
TACL-LA Taiwanese American Community Scholarships (TACS),/Toolkit/Training/find-scholarships-detail.aspx?lang=en&pagesize=2191&curPage=1&studyLevelfilter=High School&scholarshipId=9990008,High School,$500,March
Tailhook Educational Foundation Scholarships,/Toolkit/Training/find-scholarships-detail.aspx?lang=en&pagesize=2191&curPage=1&studyLevelfilter=High School&scholarshipId=9990009,High School,"$3,500",March
TC Trailers Scholarship,/Toolkit/Training/find-scholarships-detail.aspx?lang=en&pagesize=2191&curPage=1&studyLevelfilter=High School&scholarshipId=9992842,High School,$500,March
Ted G. Wilson Memorial Scholarships,/Toolkit/Training/find-scholarships-detail.aspx?lang=en&pagesize=2191&curPage=1&studyLevelfilter=High School&scholarshipId=9991234,High School,"$1,500",March
Ted Ousley Scholarship Endowment Fund,/Toolkit/Training/find-scholarships-detail.aspx?lang=en&pagesize=2191&curPage=1&studyLevelfilter=High School&scholarshipId=9995645,High School,N/A,March
Texas Telephone Association Foundation Scholarships,/Toolkit/Training/find-scholarships-detail.aspx?lang=en&pagesize=2191&curPage=1&studyLevelfilter=High School&scholarshipId=9989951,High School,"$2,000",March
"The 1,000 Dreams Scholarship",/Toolkit/Training/find-scholarships-detail.aspx?lang=en&pagesize=2191&curPage=1&studyLevelfilter=High School&scholarshipId=2015535,High School,"$1,000",March
The Alyssa C. Rudy Scholarship,/Toolkit/Training/find-scholarships-detail.aspx?lang=en&pagesize=2191&curPage=1&studyLevelfilter=High School&scholarshipId=9992049,High School,"$1,000",March
The Carolina Panthers Players Sam Mills Memorial Scholarship,/Toolkit/Training/find-scholarships-detail.aspx?lang=en&pagesize=2191&curPage=1&studyLevelfilter=High School&scholarshipId=9995667,High School,N/A,March
The College Club of Hartford Scholarships,/Toolkit/Training/find-scholarships-detail.aspx?lang=en&pagesize=2191&curPage=1&studyLevelfilter=High School&scholarshipId=9997304,High School,"$1,500",March
The Evelyn Benson Nurse Leadership Scholarship,/Toolkit/Training/find-scholarships-detail.aspx?lang=en&pagesize=2191&curPage=1&studyLevelfilter=High School&scholarshipId=9992048,High School,"$1,000",March
The Father Connie Dougherty Scholarship Fund,/Toolkit/Training/find-scholarships-detail.aspx?lang=en&pagesize=2191&curPage=1&studyLevelfilter=High School&scholarshipId=9996809,High School,N/A,March
The Gail Karp Orgell Scholarship,/Toolkit/Training/find-scholarships-detail.aspx?lang=en&pagesize=2191&curPage=1&studyLevelfilter=High School&scholarshipId=9994129,High School,"$7,000",March
The Gallery Collection's Create-A-Greeting-Card Scholarship,/Toolkit/Training/find-scholarships-detail.aspx?lang=en&pagesize=2191&curPage=1&studyLevelfilter=High School&scholarshipId=9995589,High School,"$1,000",March
The Gamma Mu Scholarships Program,/Toolkit/Training/find-scholarships-detail.aspx?lang=en&pagesize=2191&curPage=1&studyLevelfilter=High School&scholarshipId=9995587,High School,"$1,000",March
The Goddard School Anthony A. Martino Memorial Scholarship,/Toolkit/Training/find-scholarships-detail.aspx?lang=en&pagesize=2191&curPage=1&studyLevelfilter=High School&scholarshipId=9995458,High School,"$10,000",March
The Graziadio Legacy Scholarship,/Toolkit/Training/find-scholarships-detail.aspx?lang=en&pagesize=2191&curPage=1&studyLevelfilter=High School&scholarshipId=9992879,High School,N/A,March
The Hoffman Agency HBCU Scholarship,/Toolkit/Training/find-scholarships-detail.aspx?lang=en&pagesize=2191&curPage=1&studyLevelfilter=High School&scholarshipId=2015374,High School,N/A,March
The Home Depot Foundation Path to Pro Scholarship (Quarterly),/Toolkit/Training/find-scholarships-detail.aspx?lang=en&pagesize=2191&curPage=1&studyLevelfilter=High School&scholarshipId=2015470,High School,"$2,500",March
The JoAnne Goss Memorial Nursing Leadership Scholarship,/Toolkit/Training/find-scholarships-detail.aspx?lang=en&pagesize=2191&curPage=1&studyLevelfilter=High School&scholarshipId=9992046,High School,"$1,000",March
The Leon and Margaret Williams Scholarship,/Toolkit/Training/find-scholarships-detail.aspx?lang=en&pagesize=2191&curPage=1&studyLevelfilter=High School&scholarshipId=9990853,High School,N/A,March
The Linda R. Benavides Memorial Scholarship-Community Fellowship,/Toolkit/Training/find-scholarships-detail.aspx?lang=en&pagesize=2191&curPage=1&studyLevelfilter=High School&scholarshipId=9997414,High School,N/A,March
The Mamie Blaschke and Eleanora Strong Memorial Trust Fund,/Toolkit/Training/find-scholarships-detail.aspx?lang=en&pagesize=2191&curPage=1&studyLevelfilter=High School&scholarshipId=9997412,High School,N/A,March
The Paros-Digiquartz Scholarship,/Toolkit/Training/find-scholarships-detail.aspx?lang=en&pagesize=2191&curPage=1&studyLevelfilter=High School&scholarshipId=9993588,High School,"$2,000",March
The Ronald P. Wilmot Scholarship,/Toolkit/Training/find-scholarships-detail.aspx?lang=en&pagesize=2191&curPage=1&studyLevelfilter=High School&scholarshipId=9994125,High School,"$2,000",March
The Ross Family Scholarship,/Toolkit/Training/find-scholarships-detail.aspx?lang=en&pagesize=2191&curPage=1&studyLevelfilter=High School&scholarshipId=9991744,High School,N/A,March
The Rotary Club of Cape Coral Goldcoast Scholarship,/Toolkit/Training/find-scholarships-detail.aspx?lang=en&pagesize=2191&curPage=1&studyLevelfilter=High School&scholarshipId=9997255,High School,"$1,000",March
The Roy F. and Joann Cole Mitte Foundation Scholarship Program,/Toolkit/Training/find-scholarships-detail.aspx?lang=en&pagesize=2191&curPage=1&studyLevelfilter=High School&scholarshipId=2015518,High School,$5,March
"The S.F. Humanities, Inc: Leo Hills Scholarship",/Toolkit/Training/find-scholarships-detail.aspx?lang=en&pagesize=2191&curPage=1&studyLevelfilter=High School&scholarshipId=9994127,High School,"$1,000",March
The San Diego Foundation Community Scholarship I,/Toolkit/Training/find-scholarships-detail.aspx?lang=en&pagesize=2191&curPage=1&studyLevelfilter=High School&scholarshipId=9990871,High School,N/A,March
The Seneca Scholarship,/Toolkit/Training/find-scholarships-detail.aspx?lang=en&pagesize=2191&curPage=1&studyLevelfilter=High School&scholarshipId=9990750,High School,"$5,000",March
The Shirley and Robert Raymer College Scholarship,/Toolkit/Training/find-scholarships-detail.aspx?lang=en&pagesize=2191&curPage=1&studyLevelfilter=High School&scholarshipId=9994128,High School,"$10,000",March
The Tubman Scholar Scholarship,/Toolkit/Training/find-scholarships-detail.aspx?lang=en&pagesize=2191&curPage=1&studyLevelfilter=High School&scholarshipId=9992044,High School,"$1,000",March
Thomas D. Coffield Scholarship,/Toolkit/Training/find-scholarships-detail.aspx?lang=en&pagesize=2191&curPage=1&studyLevelfilter=High School&scholarshipId=9995365,High School,N/A,March
Thomas F. Cowan Memorial Scholarship,/Toolkit/Training/find-scholarships-detail.aspx?lang=en&pagesize=2191&curPage=1&studyLevelfilter=High School&scholarshipId=9991832,High School,N/A,March
Thomas Warren Roberts Memorial Scholarship,/Toolkit/Training/find-scholarships-detail.aspx?lang=en&pagesize=2191&curPage=1&studyLevelfilter=High School&scholarshipId=9991746,High School,N/A,March
Tom and Pat Meintel Charitable Fund,/Toolkit/Training/find-scholarships-detail.aspx?lang=en&pagesize=2191&curPage=1&studyLevelfilter=High School&scholarshipId=9991767,High School,N/A,March
TOP Youth Membership Scholarship,/Toolkit/Training/find-scholarships-detail.aspx?lang=en&pagesize=2191&curPage=1&studyLevelfilter=High School&scholarshipId=9993679,High School,"$1,000",March
TowerPinkster Scholarship,/Toolkit/Training/find-scholarships-detail.aspx?lang=en&pagesize=2191&curPage=1&studyLevelfilter=High School&scholarshipId=9995322,High School,N/A,March
Trinity Scholars Program,/Toolkit/Training/find-scholarships-detail.aspx?lang=en&pagesize=2191&curPage=1&studyLevelfilter=High School&scholarshipId=9989893,High School,"$10,000",March
Ultrsound Schools Info Student Scholarship,/Toolkit/Training/find-scholarships-detail.aspx?lang=en&pagesize=2191&curPage=1&studyLevelfilter=High School&scholarshipId=9989868,High School,"$1,000",March
UNICO Merrimack Valley Scholarships,/Toolkit/Training/find-scholarships-detail.aspx?lang=en&pagesize=2191&curPage=1&studyLevelfilter=High School&scholarshipId=9989822,High School,"$2,500",March
University Club Lamp of Learning Scholarship,/Toolkit/Training/find-scholarships-detail.aspx?lang=en&pagesize=2191&curPage=1&studyLevelfilter=High School&scholarshipId=9990859,High School,$4,March
University of the Aftermarket Foundation Scholarship,/Toolkit/Training/find-scholarships-detail.aspx?lang=en&pagesize=2191&curPage=1&studyLevelfilter=High School&scholarshipId=9989703,High School,"$1,000",March
USPAACC College Scholarships,/Toolkit/Training/find-scholarships-detail.aspx?lang=en&pagesize=2191&curPage=1&studyLevelfilter=High School&scholarshipId=9989722,High School,"$3,000",March
Vasan Family Scholarship for Academic Excellence,/Toolkit/Training/find-scholarships-detail.aspx?lang=en&pagesize=2191&curPage=1&studyLevelfilter=High School&scholarshipId=9991719,High School,"$1,000",March
Vienna Baptist Church Scholarship,/Toolkit/Training/find-scholarships-detail.aspx?lang=en&pagesize=2191&curPage=1&studyLevelfilter=High School&scholarshipId=9991718,High School,N/A,March
Wade Walker Memorial Scholarship,/Toolkit/Training/find-scholarships-detail.aspx?lang=en&pagesize=2191&curPage=1&studyLevelfilter=High School&scholarshipId=9997347,High School,N/A,March
Walter B. Swentzel Scholarship,/Toolkit/Training/find-scholarships-detail.aspx?lang=en&pagesize=2191&curPage=1&studyLevelfilter=High School&scholarshipId=9991724,High School,N/A,March
Walter C. Winchester Scholarship,/Toolkit/Training/find-scholarships-detail.aspx?lang=en&pagesize=2191&curPage=1&studyLevelfilter=High School&scholarshipId=9995312,High School,N/A,March
Wayne-Meador-Elliott Scholarship,/Toolkit/Training/find-scholarships-detail.aspx?lang=en&pagesize=2191&curPage=1&studyLevelfilter=High School&scholarshipId=9991717,High School,N/A,March
Webb – Faye and Rendell C Webb JR Scholarship,/Toolkit/Training/find-scholarships-detail.aspx?lang=en&pagesize=2191&curPage=1&studyLevelfilter=High School&scholarshipId=9997346,High School,N/A,March
Weissbuch Family Scholarship,/Toolkit/Training/find-scholarships-detail.aspx?lang=en&pagesize=2191&curPage=1&studyLevelfilter=High School&scholarshipId=9990855,High School,N/A,March
West Virginia Nurses Association District No. 3 Professional Nursing,/Toolkit/Training/find-scholarships-detail.aspx?lang=en&pagesize=2191&curPage=1&studyLevelfilter=High School&scholarshipId=9991716,High School,N/A,March
Whitaker-Minard Memorial Scholarship,/Toolkit/Training/find-scholarships-detail.aspx?lang=en&pagesize=2191&curPage=1&studyLevelfilter=High School&scholarshipId=9991714,High School,N/A,March
Whitney Laine Gallahar Memorial Scholarship Fund,/Toolkit/Training/find-scholarships-detail.aspx?lang=en&pagesize=2191&curPage=1&studyLevelfilter=High School&scholarshipId=9996884,High School,N/A,March
William (Billbo) Boston/Harold Knopp Scholarship,/Toolkit/Training/find-scholarships-detail.aspx?lang=en&pagesize=2191&curPage=1&studyLevelfilter=High School&scholarshipId=9991847,High School,N/A,March
William A. and Ann M. Brothers Scholarship,/Toolkit/Training/find-scholarships-detail.aspx?lang=en&pagesize=2191&curPage=1&studyLevelfilter=High School&scholarshipId=9998775,High School,"$6,000",March
William C. Rogers Scholarship,/Toolkit/Training/find-scholarships-detail.aspx?lang=en&pagesize=2191&curPage=1&studyLevelfilter=High School&scholarshipId=9995493,High School,"$1,500",March
"William E. ""Bill"" Gallagher Scholarship",/Toolkit/Training/find-scholarships-detail.aspx?lang=en&pagesize=2191&curPage=1&studyLevelfilter=High School&scholarshipId=9991812,High School,N/A,March
William F. Carl Scholarship,/Toolkit/Training/find-scholarships-detail.aspx?lang=en&pagesize=2191&curPage=1&studyLevelfilter=High School&scholarshipId=9992279,High School,"$3,500",March
William R. Pfalzgraf Memorial Scholarship,/Toolkit/Training/find-scholarships-detail.aspx?lang=en&pagesize=2191&curPage=1&studyLevelfilter=High School&scholarshipId=9991756,High School,N/A,March
William R. Reaser Scholarship,/Toolkit/Training/find-scholarships-detail.aspx?lang=en&pagesize=2191&curPage=1&studyLevelfilter=High School&scholarshipId=9991752,High School,N/A,March
Williams Chorale Bacardi Fallon Scholarships,/Toolkit/Training/find-scholarships-detail.aspx?lang=en&pagesize=2191&curPage=1&studyLevelfilter=High School&scholarshipId=9989126,High School,N/A,March
Williamstown High School Scholarship,/Toolkit/Training/find-scholarships-detail.aspx?lang=en&pagesize=2191&curPage=1&studyLevelfilter=High School&scholarshipId=9991711,High School,N/A,March
Women’s Opportunity Fund – Linda H. Culp Memorial,/Toolkit/Training/find-scholarships-detail.aspx?lang=en&pagesize=2191&curPage=1&studyLevelfilter=High School&scholarshipId=9991709,High School,N/A,March
Women's Italian Club of Boston Scholarships,/Toolkit/Training/find-scholarships-detail.aspx?lang=en&pagesize=2191&curPage=1&studyLevelfilter=High School&scholarshipId=9995520,High School,"$1,000",March
Wood County Bar Association Memorial Scholarship,/Toolkit/Training/find-scholarships-detail.aspx?lang=en&pagesize=2191&curPage=1&studyLevelfilter=High School&scholarshipId=9991708,High School,N/A,March
Wood County Technical/Caperton Center Scholarship,/Toolkit/Training/find-scholarships-detail.aspx?lang=en&pagesize=2191&curPage=1&studyLevelfilter=High School&scholarshipId=9991707,High School,N/A,March
Your First Scholarship,/Toolkit/Training/find-scholarships-detail.aspx?lang=en&pagesize=2191&curPage=1&studyLevelfilter=High School&scholarshipId=9992733,High School,$500,March
Youth Forward Scholarship Opportunity,/Toolkit/Training/find-scholarships-detail.aspx?lang=en&pagesize=2191&curPage=1&studyLevelfilter=High School&scholarshipId=9992951,High School,$500,March
173rd Airborne Brigade Combat Team Honorary Scholarship,/Toolkit/Training/find-scholarships-detail.aspx?lang=en&pagesize=2191&curPage=1&studyLevelfilter=High School&scholarshipId=9998596,High School,$500,April
A Daring Spirit 3 Sentence Scholarship,/Toolkit/Training/find-scholarships-detail.aspx?lang=en&pagesize=2191&curPage=1&studyLevelfilter=High School&scholarshipId=2015333,High School,"$1,000",April
AAFSW “Twice Exceptional” Merit Scholarship for High,/Toolkit/Training/find-scholarships-detail.aspx?lang=en&pagesize=2191&curPage=1&studyLevelfilter=High School&scholarshipId=9998431,High School,"$2,500",April
Abramson Scholarship,/Toolkit/Training/find-scholarships-detail.aspx?lang=en&pagesize=2191&curPage=1&studyLevelfilter=High School&scholarshipId=9999973,High School,"$1,000",April
AGWT Baroid Scholarship,/Toolkit/Training/find-scholarships-detail.aspx?lang=en&pagesize=2191&curPage=1&studyLevelfilter=High School&scholarshipId=9999335,High School,"$2,000",April
AGWT Thomas M. Stetson Scholarship,/Toolkit/Training/find-scholarships-detail.aspx?lang=en&pagesize=2191&curPage=1&studyLevelfilter=High School&scholarshipId=9999334,High School,"$2,000",April
AIIrS Persian Language Study in Tehran Fellowship,/Toolkit/Training/find-scholarships-detail.aspx?lang=en&pagesize=2191&curPage=1&studyLevelfilter=High School&scholarshipId=9999279,High School,N/A,April
AIST Northern Pacific Member Chapter Scholarships,/Toolkit/Training/find-scholarships-detail.aspx?lang=en&pagesize=2191&curPage=1&studyLevelfilter=High School&scholarshipId=9998306,High School,$500,April
Ajay Ojha Memorial Scholarship,/Toolkit/Training/find-scholarships-detail.aspx?lang=en&pagesize=2191&curPage=1&studyLevelfilter=High School&scholarshipId=9989443,High School,"$2,000",April
Alan Robert and Veronica Lenox Cotariu Memorial Scholarship,/Toolkit/Training/find-scholarships-detail.aspx?lang=en&pagesize=2191&curPage=1&studyLevelfilter=High School&scholarshipId=9998589,High School,$500,April
Albert and Alice Nacinovich Music Scholarship Fund,/Toolkit/Training/find-scholarships-detail.aspx?lang=en&pagesize=2191&curPage=1&studyLevelfilter=High School&scholarshipId=9995762,High School,N/A,April
Alice Conger Patterson Scholarship,/Toolkit/Training/find-scholarships-detail.aspx?lang=en&pagesize=2191&curPage=1&studyLevelfilter=High School&scholarshipId=9989097,High School,N/A,April
Alice J. Foit Scholarship Fund,/Toolkit/Training/find-scholarships-detail.aspx?lang=en&pagesize=2191&curPage=1&studyLevelfilter=High School&scholarshipId=9990136,High School,$500,April
All Smiles Dental Group Scholarship,/Toolkit/Training/find-scholarships-detail.aspx?lang=en&pagesize=2191&curPage=1&studyLevelfilter=High School&scholarshipId=9999755,High School,"$2,000",April
American Association of Blacks in Energy Scholarships,/Toolkit/Training/find-scholarships-detail.aspx?lang=en&pagesize=2191&curPage=1&studyLevelfilter=High School&scholarshipId=9999638,High School,"$3,000",April
American Foreign Service Association Scholarship Fund Program,/Toolkit/Training/find-scholarships-detail.aspx?lang=en&pagesize=2191&curPage=1&studyLevelfilter=High School&scholarshipId=9999357,High School,N/A,April
"American Marketing Association-Connecticut Chapter, Anna C. Klune",/Toolkit/Training/find-scholarships-detail.aspx?lang=en&pagesize=2191&curPage=1&studyLevelfilter=High School&scholarshipId=9995072,High School,"$1,000",April
AMVETS Children and Grandchildren Scholarships,/Toolkit/Training/find-scholarships-detail.aspx?lang=en&pagesize=2191&curPage=1&studyLevelfilter=High School&scholarshipId=9998764,High School,"$1,000",April
"AMVETS Veteran, Active Duty & Guard/Reserve Scholarships",/Toolkit/Training/find-scholarships-detail.aspx?lang=en&pagesize=2191&curPage=1&studyLevelfilter=High School&scholarshipId=9998762,High School,"$4,000",April
Amy E. Ray Memorial Scholarship Endowment Fund,/Toolkit/Training/find-scholarships-detail.aspx?lang=en&pagesize=2191&curPage=1&studyLevelfilter=High School&scholarshipId=9995643,High School,N/A,April
Anderson Cummings AC Scholarship for Higher Education,/Toolkit/Training/find-scholarships-detail.aspx?lang=en&pagesize=2191&curPage=1&studyLevelfilter=High School&scholarshipId=9998755,High School,$500,April
Androscoggin County Chamber of Commerce Adult Scholarships,/Toolkit/Training/find-scholarships-detail.aspx?lang=en&pagesize=2191&curPage=1&studyLevelfilter=High School&scholarshipId=9993756,High School,"$1,000",April
Anne Ford Scholarships,/Toolkit/Training/find-scholarships-detail.aspx?lang=en&pagesize=2191&curPage=1&studyLevelfilter=High School&scholarshipId=9993004,High School,"$10,000",April
Anne L. “Annie” Alexander and Blaise Robert “B,/Toolkit/Training/find-scholarships-detail.aspx?lang=en&pagesize=2191&curPage=1&studyLevelfilter=High School&scholarshipId=9995775,High School,N/A,April
Ansys Scholarship,/Toolkit/Training/find-scholarships-detail.aspx?lang=en&pagesize=2191&curPage=1&studyLevelfilter=High School&scholarshipId=9990518,High School,"$6,000",April
Art and Dannie Weber Scholarship,/Toolkit/Training/find-scholarships-detail.aspx?lang=en&pagesize=2191&curPage=1&studyLevelfilter=High School&scholarshipId=9989085,High School,N/A,April
Arthur and Theresa MacDonald Charitable Trust Scholarship,/Toolkit/Training/find-scholarships-detail.aspx?lang=en&pagesize=2191&curPage=1&studyLevelfilter=High School&scholarshipId=9996828,High School,N/A,April
Arup Scholarship,/Toolkit/Training/find-scholarships-detail.aspx?lang=en&pagesize=2191&curPage=1&studyLevelfilter=High School&scholarshipId=9990517,High School,"$5,000",April
Asian Pacific American Heritage Association Scholarships,/Toolkit/Training/find-scholarships-detail.aspx?lang=en&pagesize=2191&curPage=1&studyLevelfilter=High School&scholarshipId=9998455,High School,"$1,000",April
Association of the United States Navy Scholarships,/Toolkit/Training/find-scholarships-detail.aspx?lang=en&pagesize=2191&curPage=1&studyLevelfilter=High School&scholarshipId=9998242,High School,"$1,000",April
ATA Research Grants,/Toolkit/Training/find-scholarships-detail.aspx?lang=en&pagesize=2191&curPage=1&studyLevelfilter=High School&scholarshipId=9998816,High School,"$50,000",April
Aubrey L. Williams Research Travel Fellowship,/Toolkit/Training/find-scholarships-detail.aspx?lang=en&pagesize=2191&curPage=1&studyLevelfilter=High School&scholarshipId=9998958,High School,"$1,500",April
Audria M. Edwards Scholarship,/Toolkit/Training/find-scholarships-detail.aspx?lang=en&pagesize=2191&curPage=1&studyLevelfilter=High School&scholarshipId=9991540,High School,"$1,000",April
August M. Rocco Scholarship Fund,/Toolkit/Training/find-scholarships-detail.aspx?lang=en&pagesize=2191&curPage=1&studyLevelfilter=High School&scholarshipId=9990099,High School,$500,April
BAE Systems Honorary Scholarship,/Toolkit/Training/find-scholarships-detail.aspx?lang=en&pagesize=2191&curPage=1&studyLevelfilter=High School&scholarshipId=9998594,High School,$500,April
"Barnes W. Rose, Jr. and Eva Rose Nichol Scholarship Fund",/Toolkit/Training/find-scholarships-detail.aspx?lang=en&pagesize=2191&curPage=1&studyLevelfilter=High School&scholarshipId=9999777,High School,$800,April
Bell Helicopter Honorary Scholarship,/Toolkit/Training/find-scholarships-detail.aspx?lang=en&pagesize=2191&curPage=1&studyLevelfilter=High School&scholarshipId=9998593,High School,$500,April
Benbrook Scholarship,/Toolkit/Training/find-scholarships-detail.aspx?lang=en&pagesize=2191&curPage=1&studyLevelfilter=High School&scholarshipId=9998662,High School,N/A,April
Berkshire Hathaway Energy Foundation CARES Scholarship,/Toolkit/Training/find-scholarships-detail.aspx?lang=en&pagesize=2191&curPage=1&studyLevelfilter=High School&scholarshipId=9990516,High School,"$5,000",April
Bill McCarthy Boy Scout Scholarship Fund,/Toolkit/Training/find-scholarships-detail.aspx?lang=en&pagesize=2191&curPage=1&studyLevelfilter=High School&scholarshipId=9990134,High School,$500,April
Bowties and Books Scholarship,/Toolkit/Training/find-scholarships-detail.aspx?lang=en&pagesize=2191&curPage=1&studyLevelfilter=High School&scholarshipId=9997980,High School,"$1,000",April
Brent R. Churchill Memorial Scholarship,/Toolkit/Training/find-scholarships-detail.aspx?lang=en&pagesize=2191&curPage=1&studyLevelfilter=High School&scholarshipId=9993661,High School,N/A,April
Brian A. Aselton Memorial Scholarship,/Toolkit/Training/find-scholarships-detail.aspx?lang=en&pagesize=2191&curPage=1&studyLevelfilter=High School&scholarshipId=9995071,High School,N/A,April
Brian Tarwater Memorial Scholarship,/Toolkit/Training/find-scholarships-detail.aspx?lang=en&pagesize=2191&curPage=1&studyLevelfilter=High School&scholarshipId=9995128,High School,"$2,500",April
Brodie McCarthy Memorial Leadership Scholarship,/Toolkit/Training/find-scholarships-detail.aspx?lang=en&pagesize=2191&curPage=1&studyLevelfilter=High School&scholarshipId=9996826,High School,N/A,April
Bruce Shelton Scholarship Fund,/Toolkit/Training/find-scholarships-detail.aspx?lang=en&pagesize=2191&curPage=1&studyLevelfilter=High School&scholarshipId=9989090,High School,N/A,April
Care Throughout The Ages Scholarship 2023,/Toolkit/Training/find-scholarships-detail.aspx?lang=en&pagesize=2191&curPage=1&studyLevelfilter=High School&scholarshipId=2015350,High School,"$1,000",April
CareerVillage Scholarship,/Toolkit/Training/find-scholarships-detail.aspx?lang=en&pagesize=2191&curPage=1&studyLevelfilter=High School&scholarshipId=2015542,High School,"$1,500",April
Carl & Lucille Jarrett Scholarship Fund,/Toolkit/Training/find-scholarships-detail.aspx?lang=en&pagesize=2191&curPage=1&studyLevelfilter=High School&scholarshipId=9995767,High School,N/A,April
Carl F. Scott Scholarship Fund for Tucumcari Lodge #27 A.F. &,/Toolkit/Training/find-scholarships-detail.aspx?lang=en&pagesize=2191&curPage=1&studyLevelfilter=High School&scholarshipId=9999776,High School,$750,April
Catherine & Helena Yeo Scholarship,/Toolkit/Training/find-scholarships-detail.aspx?lang=en&pagesize=2191&curPage=1&studyLevelfilter=High School&scholarshipId=9996814,High School,N/A,April
CBC Spouses Education Scholarship,/Toolkit/Training/find-scholarships-detail.aspx?lang=en&pagesize=2191&curPage=1&studyLevelfilter=High School&scholarshipId=9996499,High School,"$2,500",April
Charles & Ethel McCardle Scholarship,/Toolkit/Training/find-scholarships-detail.aspx?lang=en&pagesize=2191&curPage=1&studyLevelfilter=High School&scholarshipId=9996827,High School,N/A,April
Chartway Federal Credit Union Director's Memorial Scholarship,/Toolkit/Training/find-scholarships-detail.aspx?lang=en&pagesize=2191&curPage=1&studyLevelfilter=High School&scholarshipId=9997563,High School,"$3,000",April
Chester Arzell and Helen Miller Montgomery Scholarship,/Toolkit/Training/find-scholarships-detail.aspx?lang=en&pagesize=2191&curPage=1&studyLevelfilter=High School&scholarshipId=9989099,High School,N/A,April
Chuck Pezzano Scholarship,/Toolkit/Training/find-scholarships-detail.aspx?lang=en&pagesize=2191&curPage=1&studyLevelfilter=High School&scholarshipId=9994399,High School,"$5,000",April
Claude B. Hart Memorial Scholarship,/Toolkit/Training/find-scholarships-detail.aspx?lang=en&pagesize=2191&curPage=1&studyLevelfilter=High School&scholarshipId=9989103,High School,N/A,April
Coast Fork Scholarship,/Toolkit/Training/find-scholarships-detail.aspx?lang=en&pagesize=2191&curPage=1&studyLevelfilter=High School&scholarshipId=9991940,High School,N/A,April
Community Involvement Scholarship,/Toolkit/Training/find-scholarships-detail.aspx?lang=en&pagesize=2191&curPage=1&studyLevelfilter=High School&scholarshipId=9997539,High School,$500,April
Connecticut Mortgage Bankers Social Affairs Fund,/Toolkit/Training/find-scholarships-detail.aspx?lang=en&pagesize=2191&curPage=1&studyLevelfilter=High School&scholarshipId=9995065,High School,"$3,000",April
Creative Soul Music School Scholarship,/Toolkit/Training/find-scholarships-detail.aspx?lang=en&pagesize=2191&curPage=1&studyLevelfilter=High School&scholarshipId=9996391,High School,$500,April
D.C. Cornelius Memorial Scholarship,/Toolkit/Training/find-scholarships-detail.aspx?lang=en&pagesize=2191&curPage=1&studyLevelfilter=High School&scholarshipId=9989112,High School,N/A,April
Daniel G. and Helen I. Fultz Scholarship Fund,/Toolkit/Training/find-scholarships-detail.aspx?lang=en&pagesize=2191&curPage=1&studyLevelfilter=High School&scholarshipId=9995770,High School,N/A,April
Dave Sauer Memorial College Scholarship,/Toolkit/Training/find-scholarships-detail.aspx?lang=en&pagesize=2191&curPage=1&studyLevelfilter=High School&scholarshipId=9999895,High School,$500,April
David A. and Pamela A. Gault Charitable Fund,/Toolkit/Training/find-scholarships-detail.aspx?lang=en&pagesize=2191&curPage=1&studyLevelfilter=High School&scholarshipId=9990126,High School,N/A,April
David A. Kaiser Memorial Scholarship Fund,/Toolkit/Training/find-scholarships-detail.aspx?lang=en&pagesize=2191&curPage=1&studyLevelfilter=High School&scholarshipId=9990115,High School,N/A,April
Davis-Kozoll Scholarship,/Toolkit/Training/find-scholarships-detail.aspx?lang=en&pagesize=2191&curPage=1&studyLevelfilter=High School&scholarshipId=9999786,High School,"$1,000",April
Dean Prim Scholarship Fund,/Toolkit/Training/find-scholarships-detail.aspx?lang=en&pagesize=2191&curPage=1&studyLevelfilter=High School&scholarshipId=9989093,High School,N/A,April
Dimitri J. Ververelli Memorial Scholarship for Architecture and/or,/Toolkit/Training/find-scholarships-detail.aspx?lang=en&pagesize=2191&curPage=1&studyLevelfilter=High School&scholarshipId=9994677,High School,"$3,000",April
Donald H. Bernstein and John B. Talbert Jr. Scholarship,/Toolkit/Training/find-scholarships-detail.aspx?lang=en&pagesize=2191&curPage=1&studyLevelfilter=High School&scholarshipId=9995672,High School,N/A,April
Dondiego Family Youth Scholarship Fund,/Toolkit/Training/find-scholarships-detail.aspx?lang=en&pagesize=2191&curPage=1&studyLevelfilter=High School&scholarshipId=9992910,High School,$500,April
Dorothea E. Allen Scholarship,/Toolkit/Training/find-scholarships-detail.aspx?lang=en&pagesize=2191&curPage=1&studyLevelfilter=High School&scholarshipId=9995470,High School,N/A,April
Dorothy E. Hofmann Pembroke Scholarship,/Toolkit/Training/find-scholarships-detail.aspx?lang=en&pagesize=2191&curPage=1&studyLevelfilter=High School&scholarshipId=9995052,High School,N/A,April
Douglas Faust Blackledge Memorial Scholarship,/Toolkit/Training/find-scholarships-detail.aspx?lang=en&pagesize=2191&curPage=1&studyLevelfilter=High School&scholarshipId=9999788,High School,N/A,April
Douglas Gray Kimel Scholarship Fund,/Toolkit/Training/find-scholarships-detail.aspx?lang=en&pagesize=2191&curPage=1&studyLevelfilter=High School&scholarshipId=9989101,High School,N/A,April
Dr. Frank and Florence Marino Scholarship,/Toolkit/Training/find-scholarships-detail.aspx?lang=en&pagesize=2191&curPage=1&studyLevelfilter=High School&scholarshipId=9995054,High School,"$1,000",April
Dr. Gerry Barrett Dental Association of PEI Legacy Fund Scholarship,/Toolkit/Training/find-scholarships-detail.aspx?lang=en&pagesize=2191&curPage=1&studyLevelfilter=High School&scholarshipId=9996837,High School,N/A,April
Dr. James H. Heckman Memorial Scholarship Fund,/Toolkit/Training/find-scholarships-detail.aspx?lang=en&pagesize=2191&curPage=1&studyLevelfilter=High School&scholarshipId=9990122,High School,N/A,April
Dr. Nicholas J. Piergrossi Memorial Scholarship,/Toolkit/Training/find-scholarships-detail.aspx?lang=en&pagesize=2191&curPage=1&studyLevelfilter=High School&scholarshipId=9995051,High School,"$1,000",April
Dr. Sidney Rafal Memorial Scholarship,/Toolkit/Training/find-scholarships-detail.aspx?lang=en&pagesize=2191&curPage=1&studyLevelfilter=High School&scholarshipId=9995050,High School,$500,April
Dr. Wayne F. Rose Scholarship Fund,/Toolkit/Training/find-scholarships-detail.aspx?lang=en&pagesize=2191&curPage=1&studyLevelfilter=High School&scholarshipId=9995758,High School,N/A,April
Duane V. Puerde Memorial Scholarship Fund,/Toolkit/Training/find-scholarships-detail.aspx?lang=en&pagesize=2191&curPage=1&studyLevelfilter=High School&scholarshipId=9997243,High School,$500,April
Dwight Teed Scholarship Fund,/Toolkit/Training/find-scholarships-detail.aspx?lang=en&pagesize=2191&curPage=1&studyLevelfilter=High School&scholarshipId=9990024,High School,"$1,500",April
E-Waste Scholarship,/Toolkit/Training/find-scholarships-detail.aspx?lang=en&pagesize=2191&curPage=1&studyLevelfilter=High School&scholarshipId=9996258,High School,"$1,000",April
Eagle Credit Union 2023 College Scholarship,/Toolkit/Training/find-scholarships-detail.aspx?lang=en&pagesize=2191&curPage=1&studyLevelfilter=High School&scholarshipId=2015338,High School,"$4,000",April
Earl and Jane Ferguson Scholarship Fund,/Toolkit/Training/find-scholarships-detail.aspx?lang=en&pagesize=2191&curPage=1&studyLevelfilter=High School&scholarshipId=9991938,High School,N/A,April
Earl W. Kintner Public Service Scholarship,/Toolkit/Training/find-scholarships-detail.aspx?lang=en&pagesize=2191&curPage=1&studyLevelfilter=High School&scholarshipId=9995619,High School,"$5,000",April
Edon Farmers Cooperative Scholarships,/Toolkit/Training/find-scholarships-detail.aspx?lang=en&pagesize=2191&curPage=1&studyLevelfilter=High School&scholarshipId=9996062,High School,"$1,000",April
Education Matter Scholarship 2023,/Toolkit/Training/find-scholarships-detail.aspx?lang=en&pagesize=2191&curPage=1&studyLevelfilter=High School&scholarshipId=2015349,High School,"$1,000",April
Edward Kent Welch Memorial Scholarship,/Toolkit/Training/find-scholarships-detail.aspx?lang=en&pagesize=2191&curPage=1&studyLevelfilter=High School&scholarshipId=9989084,High School,$500,April
Edwin H. and Louise N. Williamson Endowed Scholarship,/Toolkit/Training/find-scholarships-detail.aspx?lang=en&pagesize=2191&curPage=1&studyLevelfilter=High School&scholarshipId=9989082,High School,N/A,April
Eileen Harrison Education Scholarships,/Toolkit/Training/find-scholarships-detail.aspx?lang=en&pagesize=2191&curPage=1&studyLevelfilter=High School&scholarshipId=9995691,High School,N/A,April
Elbit Systems of America Honorary Scholarships,/Toolkit/Training/find-scholarships-detail.aspx?lang=en&pagesize=2191&curPage=1&studyLevelfilter=High School&scholarshipId=9998588,High School,$500,April
Eleanor M. Wolfson Memorial Scholarship Fund,/Toolkit/Training/find-scholarships-detail.aspx?lang=en&pagesize=2191&curPage=1&studyLevelfilter=High School&scholarshipId=9995754,High School,N/A,April
Elizabeth T. Williams Memorial Scholarship,/Toolkit/Training/find-scholarships-detail.aspx?lang=en&pagesize=2191&curPage=1&studyLevelfilter=High School&scholarshipId=9989083,High School,N/A,April
Elmer and Rosa Lee Collins Scholarship,/Toolkit/Training/find-scholarships-detail.aspx?lang=en&pagesize=2191&curPage=1&studyLevelfilter=High School&scholarshipId=9989107,High School,"$3,000",April
Elmer Cooke Young-Ethel Taylor Young Scholarship Fund,/Toolkit/Training/find-scholarships-detail.aspx?lang=en&pagesize=2191&curPage=1&studyLevelfilter=High School&scholarshipId=9995047,High School,"$3,000",April
ESA Foundation Esports Scholarship,/Toolkit/Training/find-scholarships-detail.aspx?lang=en&pagesize=2191&curPage=1&studyLevelfilter=High School&scholarshipId=9995974,High School,N/A,April
ESA Foundation LGBTQ+ Service Scholarship,/Toolkit/Training/find-scholarships-detail.aspx?lang=en&pagesize=2191&curPage=1&studyLevelfilter=High School&scholarshipId=9995973,High School,N/A,April
ESA Foundation Scholarships 2024,/Toolkit/Training/find-scholarships-detail.aspx?lang=en&pagesize=2191&curPage=1&studyLevelfilter=High School&scholarshipId=2015419,High School,N/A,April
Esther M. Smith Scholarship Fund,/Toolkit/Training/find-scholarships-detail.aspx?lang=en&pagesize=2191&curPage=1&studyLevelfilter=High School&scholarshipId=9997239,High School,"$1,000",April
Eugene Northrup Scholarship,/Toolkit/Training/find-scholarships-detail.aspx?lang=en&pagesize=2191&curPage=1&studyLevelfilter=High School&scholarshipId=9993765,High School,"$1,000",April
F.A. and Charlotte Blount Scholarship,/Toolkit/Training/find-scholarships-detail.aspx?lang=en&pagesize=2191&curPage=1&studyLevelfilter=High School&scholarshipId=9989116,High School,"$4,000",April
Farmington UNICO Scholarship Fund,/Toolkit/Training/find-scholarships-detail.aspx?lang=en&pagesize=2191&curPage=1&studyLevelfilter=High School&scholarshipId=9995063,High School,N/A,April
Federalsburg Rotary Club Scholarship,/Toolkit/Training/find-scholarships-detail.aspx?lang=en&pagesize=2191&curPage=1&studyLevelfilter=High School&scholarshipId=9997252,High School,$500,April
Fluor Honorary Scholarship,/Toolkit/Training/find-scholarships-detail.aspx?lang=en&pagesize=2191&curPage=1&studyLevelfilter=High School&scholarshipId=9998587,High School,$500,April
Forsyth County Nursing Scholarship,/Toolkit/Training/find-scholarships-detail.aspx?lang=en&pagesize=2191&curPage=1&studyLevelfilter=High School&scholarshipId=9989106,High School,N/A,April
Frank L. Weil Memorial Eagle Scout Scholarship,/Toolkit/Training/find-scholarships-detail.aspx?lang=en&pagesize=2191&curPage=1&studyLevelfilter=High School&scholarshipId=9992859,High School,$500,April
Frank S. Land Scholarship,/Toolkit/Training/find-scholarships-detail.aspx?lang=en&pagesize=2191&curPage=1&studyLevelfilter=High School&scholarshipId=9996288,High School,N/A,April
Frederick G. Adams Scholarship Fund,/Toolkit/Training/find-scholarships-detail.aspx?lang=en&pagesize=2191&curPage=1&studyLevelfilter=High School&scholarshipId=9995073,High School,"$3,000",April
GE Scholarship,/Toolkit/Training/find-scholarships-detail.aspx?lang=en&pagesize=2191&curPage=1&studyLevelfilter=High School&scholarshipId=9990513,High School,"$10,000",April
General Dynamics Honorary Scholarship,/Toolkit/Training/find-scholarships-detail.aspx?lang=en&pagesize=2191&curPage=1&studyLevelfilter=High School&scholarshipId=9998586,High School,$500,April
GJEC Dissertation Completion Fellowship,/Toolkit/Training/find-scholarships-detail.aspx?lang=en&pagesize=2191&curPage=1&studyLevelfilter=High School&scholarshipId=9993293,High School,"$8,500",April
Glenn Miller Scholarship,/Toolkit/Training/find-scholarships-detail.aspx?lang=en&pagesize=2191&curPage=1&studyLevelfilter=High School&scholarshipId=9995462,High School,"$1,000",April
Gordon Doughart Memorial Award,/Toolkit/Training/find-scholarships-detail.aspx?lang=en&pagesize=2191&curPage=1&studyLevelfilter=High School&scholarshipId=9996832,High School,N/A,April
Green Hill Country Club Scholarship,/Toolkit/Training/find-scholarships-detail.aspx?lang=en&pagesize=2191&curPage=1&studyLevelfilter=High School&scholarshipId=9997250,High School,$500,April
Guy P. Gannett Scholarship Fund,/Toolkit/Training/find-scholarships-detail.aspx?lang=en&pagesize=2191&curPage=1&studyLevelfilter=High School&scholarshipId=9993658,High School,N/A,April
Harry A. Donn Scholarship,/Toolkit/Training/find-scholarships-detail.aspx?lang=en&pagesize=2191&curPage=1&studyLevelfilter=High School&scholarshipId=9995064,High School,"$3,000",April
Hartford Grammar School Scholarship Fund,/Toolkit/Training/find-scholarships-detail.aspx?lang=en&pagesize=2191&curPage=1&studyLevelfilter=High School&scholarshipId=9995059,High School,"$3,000",April
Helen Cuesta Scholarship,/Toolkit/Training/find-scholarships-detail.aspx?lang=en&pagesize=2191&curPage=1&studyLevelfilter=High School&scholarshipId=9990514,High School,"$2,000",April
Hellenic University Club of Philadelphia Founders Scholarship,/Toolkit/Training/find-scholarships-detail.aspx?lang=en&pagesize=2191&curPage=1&studyLevelfilter=High School&scholarshipId=9994685,High School,"$5,000",April
Herb and Ann Fincher Scholarship Fund,/Toolkit/Training/find-scholarships-detail.aspx?lang=en&pagesize=2191&curPage=1&studyLevelfilter=High School&scholarshipId=9997251,High School,"$1,500",April
Herbert Hoover Uncommon Student Award,/Toolkit/Training/find-scholarships-detail.aspx?lang=en&pagesize=2191&curPage=1&studyLevelfilter=High School&scholarshipId=9994627,High School,"$1,500",April
Herman P. Kopplemann Fund,/Toolkit/Training/find-scholarships-detail.aspx?lang=en&pagesize=2191&curPage=1&studyLevelfilter=High School&scholarshipId=9995055,High School,"$3,000",April
Hope Through Learning Award,/Toolkit/Training/find-scholarships-detail.aspx?lang=en&pagesize=2191&curPage=1&studyLevelfilter=High School&scholarshipId=9994630,High School,"$2,500",April
Hubert K. and JoAnn Seymour Scholarship,/Toolkit/Training/find-scholarships-detail.aspx?lang=en&pagesize=2191&curPage=1&studyLevelfilter=High School&scholarshipId=9992933,High School,"$1,000",April
Hudson-Chouinard Fund,/Toolkit/Training/find-scholarships-detail.aspx?lang=en&pagesize=2191&curPage=1&studyLevelfilter=High School&scholarshipId=9996831,High School,N/A,April
Idaho Opportunity Scholarship,/Toolkit/Training/find-scholarships-detail.aspx?lang=en&pagesize=2191&curPage=1&studyLevelfilter=High School&scholarshipId=9990084,High School,"$3,500",April
IHSI Scholarship,/Toolkit/Training/find-scholarships-detail.aspx?lang=en&pagesize=2191&curPage=1&studyLevelfilter=High School&scholarshipId=9994247,High School,"$5,000",April
Intermountain Medical Imaging Scholarship,/Toolkit/Training/find-scholarships-detail.aspx?lang=en&pagesize=2191&curPage=1&studyLevelfilter=High School&scholarshipId=9994436,High School,"$1,000",April
IPSA Scholarship Awards,/Toolkit/Training/find-scholarships-detail.aspx?lang=en&pagesize=2191&curPage=1&studyLevelfilter=High School&scholarshipId=9994522,High School,"$2,000",April
ISCALC International Scholarship Fund,/Toolkit/Training/find-scholarships-detail.aspx?lang=en&pagesize=2191&curPage=1&studyLevelfilter=High School&scholarshipId=9995768,High School,N/A,April
Jack B. Fisher Scholarship Fund,/Toolkit/Training/find-scholarships-detail.aspx?lang=en&pagesize=2191&curPage=1&studyLevelfilter=High School&scholarshipId=9990127,High School,N/A,April
Jacob Simmons Sports Scholarship,/Toolkit/Training/find-scholarships-detail.aspx?lang=en&pagesize=2191&curPage=1&studyLevelfilter=High School&scholarshipId=9996819,High School,N/A,April
James H. and Shirley L. Green Scholarship Fund,/Toolkit/Training/find-scholarships-detail.aspx?lang=en&pagesize=2191&curPage=1&studyLevelfilter=High School&scholarshipId=9990124,High School,$500,April
James Knott Memorial Scholarship Fund Sponsored by the New Mexico,/Toolkit/Training/find-scholarships-detail.aspx?lang=en&pagesize=2191&curPage=1&studyLevelfilter=High School&scholarshipId=9999783,High School,"$1,000",April
James R. and Mary Jane Drury Scholarship,/Toolkit/Training/find-scholarships-detail.aspx?lang=en&pagesize=2191&curPage=1&studyLevelfilter=High School&scholarshipId=9991939,High School,N/A,April
Jay C. and B. Nadine Leggett Charitable Fund,/Toolkit/Training/find-scholarships-detail.aspx?lang=en&pagesize=2191&curPage=1&studyLevelfilter=High School&scholarshipId=9990117,High School,N/A,April
Jeff Turner-Forsyth Audubon Society Scholarship,/Toolkit/Training/find-scholarships-detail.aspx?lang=en&pagesize=2191&curPage=1&studyLevelfilter=High School&scholarshipId=9989087,High School,N/A,April
Jeffrery Tyler Sweitzer Wrestling Memorial Scholarship Fund,/Toolkit/Training/find-scholarships-detail.aspx?lang=en&pagesize=2191&curPage=1&studyLevelfilter=High School&scholarshipId=9990093,High School,$500,April
Joan Auld Scholarship,/Toolkit/Training/find-scholarships-detail.aspx?lang=en&pagesize=2191&curPage=1&studyLevelfilter=High School&scholarshipId=9996838,High School,$200,April
Joe “Isi” Trujillo Scholarship,/Toolkit/Training/find-scholarships-detail.aspx?lang=en&pagesize=2191&curPage=1&studyLevelfilter=High School&scholarshipId=9999773,High School,"$2,000",April
"Joe E. Gaddy, Jr. and Margaret W. Gaddy Scholarship",/Toolkit/Training/find-scholarships-detail.aspx?lang=en&pagesize=2191&curPage=1&studyLevelfilter=High School&scholarshipId=9989105,High School,N/A,April
John A. Savoy Scholarship Fund,/Toolkit/Training/find-scholarships-detail.aspx?lang=en&pagesize=2191&curPage=1&studyLevelfilter=High School&scholarshipId=9995757,High School,"$2,000",April
John R. Mott Scholarships,/Toolkit/Training/find-scholarships-detail.aspx?lang=en&pagesize=2191&curPage=1&studyLevelfilter=High School&scholarshipId=9994080,High School,"$10,000",April
Johnny Lineberry Memorial Scholarship,/Toolkit/Training/find-scholarships-detail.aspx?lang=en&pagesize=2191&curPage=1&studyLevelfilter=High School&scholarshipId=9989100,High School,N/A,April
Johnny Mac Soldiers Fund Scholarships,/Toolkit/Training/find-scholarships-detail.aspx?lang=en&pagesize=2191&curPage=1&studyLevelfilter=High School&scholarshipId=9998584,High School,$500,April
"Joseph R. Calder, Jr., MD Scholarship Fund",/Toolkit/Training/find-scholarships-detail.aspx?lang=en&pagesize=2191&curPage=1&studyLevelfilter=High School&scholarshipId=9995774,High School,N/A,April
Joseph Spriet Scholarship,/Toolkit/Training/find-scholarships-detail.aspx?lang=en&pagesize=2191&curPage=1&studyLevelfilter=High School&scholarshipId=9996818,High School,N/A,April
Joyce Paynter Memorial Education Award,/Toolkit/Training/find-scholarships-detail.aspx?lang=en&pagesize=2191&curPage=1&studyLevelfilter=High School&scholarshipId=9996824,High School,N/A,April
Judge and Mrs. Robert D. Horowitz Legal Scholarship Fund,/Toolkit/Training/find-scholarships-detail.aspx?lang=en&pagesize=2191&curPage=1&studyLevelfilter=High School&scholarshipId=9990119,High School,$500,April
Judge Sidney M. Aronovitz Memorial Scholarship Fund,/Toolkit/Training/find-scholarships-detail.aspx?lang=en&pagesize=2191&curPage=1&studyLevelfilter=High School&scholarshipId=9993321,High School,"$1,000",April
Julia T. Pingree Student Scholarship,/Toolkit/Training/find-scholarships-detail.aspx?lang=en&pagesize=2191&curPage=1&studyLevelfilter=High School&scholarshipId=9992588,High School,N/A,April
KBR Honorary Scholarship,/Toolkit/Training/find-scholarships-detail.aspx?lang=en&pagesize=2191&curPage=1&studyLevelfilter=High School&scholarshipId=9998583,High School,$500,April
Keren Goldenberg Public Defender Scholarship,/Toolkit/Training/find-scholarships-detail.aspx?lang=en&pagesize=2191&curPage=1&studyLevelfilter=High School&scholarshipId=9993840,High School,"$1,000",April
Kimberly Marie Rogers Memorial Scholarship Fund,/Toolkit/Training/find-scholarships-detail.aspx?lang=en&pagesize=2191&curPage=1&studyLevelfilter=High School&scholarshipId=9995759,High School,N/A,April
Kip Dental and Orthodontics Scholarship,/Toolkit/Training/find-scholarships-detail.aspx?lang=en&pagesize=2191&curPage=1&studyLevelfilter=High School&scholarshipId=9993916,High School,"$2,000",April
Kiwanis Club of Albuquerque Scholarship,/Toolkit/Training/find-scholarships-detail.aspx?lang=en&pagesize=2191&curPage=1&studyLevelfilter=High School&scholarshipId=9999784,High School,"$1,000",April
"L. Gordon, Jr. and June D. Pfefferkorn Scholarship",/Toolkit/Training/find-scholarships-detail.aspx?lang=en&pagesize=2191&curPage=1&studyLevelfilter=High School&scholarshipId=9989094,High School,N/A,April
Lanford Family Highway Worker Memorial Scholarship Program,/Toolkit/Training/find-scholarships-detail.aspx?lang=en&pagesize=2191&curPage=1&studyLevelfilter=High School&scholarshipId=9999001,High School,"$10,000",April
Laurel Hester Memorial Scholarship,/Toolkit/Training/find-scholarships-detail.aspx?lang=en&pagesize=2191&curPage=1&studyLevelfilter=High School&scholarshipId=9993812,High School,"$2,000",April
LEAGUE Foundation Scholarships,/Toolkit/Training/find-scholarships-detail.aspx?lang=en&pagesize=2191&curPage=1&studyLevelfilter=High School&scholarshipId=9993811,High School,"$1,500",April
Lebbeus F. Bissell Scholarship Fund,/Toolkit/Training/find-scholarships-detail.aspx?lang=en&pagesize=2191&curPage=1&studyLevelfilter=High School&scholarshipId=9995069,High School,"$3,000",April
Lester and Eleanor Webster Foundation Fund,/Toolkit/Training/find-scholarships-detail.aspx?lang=en&pagesize=2191&curPage=1&studyLevelfilter=High School&scholarshipId=9990112,High School,$500,April
Letitia B. Carter Scholarship,/Toolkit/Training/find-scholarships-detail.aspx?lang=en&pagesize=2191&curPage=1&studyLevelfilter=High School&scholarshipId=9991010,High School,$500,April
Lieutenant Colonel Henry Bessemer Richmond III Memorial Scholarship,/Toolkit/Training/find-scholarships-detail.aspx?lang=en&pagesize=2191&curPage=1&studyLevelfilter=High School&scholarshipId=9998577,High School,$500,April
Lieutenant General Jack Costello Memorial Scholarship,/Toolkit/Training/find-scholarships-detail.aspx?lang=en&pagesize=2191&curPage=1&studyLevelfilter=High School&scholarshipId=9998590,High School,$500,April
Lieutenant J. Allan Green Memorial Scholarship,/Toolkit/Training/find-scholarships-detail.aspx?lang=en&pagesize=2191&curPage=1&studyLevelfilter=High School&scholarshipId=9998585,High School,$500,April
Lieutenant Keirn C. Brown Memorial Scholarship,/Toolkit/Training/find-scholarships-detail.aspx?lang=en&pagesize=2191&curPage=1&studyLevelfilter=High School&scholarshipId=9998591,High School,$500,April
Lime Connect Pathways Scholarship for High School Seniors with,/Toolkit/Training/find-scholarships-detail.aspx?lang=en&pagesize=2191&curPage=1&studyLevelfilter=High School&scholarshipId=9993737,High School,"$1,000",April
Lindsay M. Entz Memorial Scholarship Fund,/Toolkit/Training/find-scholarships-detail.aspx?lang=en&pagesize=2191&curPage=1&studyLevelfilter=High School&scholarshipId=9995766,High School,N/A,April
Living with a Sense of Purpose Scholarship,/Toolkit/Training/find-scholarships-detail.aspx?lang=en&pagesize=2191&curPage=1&studyLevelfilter=High School&scholarshipId=2015319,High School,"$2,000",April
Lloyd E. and Rachel S. Collins Scholarship,/Toolkit/Training/find-scholarships-detail.aspx?lang=en&pagesize=2191&curPage=1&studyLevelfilter=High School&scholarshipId=9989113,High School,N/A,April
Lowell Phillips Scholarship,/Toolkit/Training/find-scholarships-detail.aspx?lang=en&pagesize=2191&curPage=1&studyLevelfilter=High School&scholarshipId=9996821,High School,N/A,April
Manning & Zimmerman Distracted Driving Scholarship,/Toolkit/Training/find-scholarships-detail.aspx?lang=en&pagesize=2191&curPage=1&studyLevelfilter=High School&scholarshipId=9993839,High School,"$1,000",April
Marcia S. Harris Legacy Fund Scholarship,/Toolkit/Training/find-scholarships-detail.aspx?lang=en&pagesize=2191&curPage=1&studyLevelfilter=High School&scholarshipId=9991009,High School,$500,April
Margaret E. Waldron Memorial Fund,/Toolkit/Training/find-scholarships-detail.aspx?lang=en&pagesize=2191&curPage=1&studyLevelfilter=High School&scholarshipId=9995765,High School,"$3,000",April
Margaret Pemberton Scholarships,/Toolkit/Training/find-scholarships-detail.aspx?lang=en&pagesize=2191&curPage=1&studyLevelfilter=High School&scholarshipId=9998017,High School,"$2,000",April
Maria Gonzalez Borrero Scholarship Fund,/Toolkit/Training/find-scholarships-detail.aspx?lang=en&pagesize=2191&curPage=1&studyLevelfilter=High School&scholarshipId=9995068,High School,"$3,000",April
Marion Jones Donaldson Scholarship Fund,/Toolkit/Training/find-scholarships-detail.aspx?lang=en&pagesize=2191&curPage=1&studyLevelfilter=High School&scholarshipId=9995773,High School,N/A,April
Martha Meade Memorial Scholarship,/Toolkit/Training/find-scholarships-detail.aspx?lang=en&pagesize=2191&curPage=1&studyLevelfilter=High School&scholarshipId=9990650,High School,"$5,000",April
"Maryland Building Industry Association, Eastern Shore Chapter",/Toolkit/Training/find-scholarships-detail.aspx?lang=en&pagesize=2191&curPage=1&studyLevelfilter=High School&scholarshipId=9997246,High School,$500,April
Masonic-Range Science Scholarship,/Toolkit/Training/find-scholarships-detail.aspx?lang=en&pagesize=2191&curPage=1&studyLevelfilter=High School&scholarshipId=9990371,High School,N/A,April
Matt Stager Memorial Scholarship,/Toolkit/Training/find-scholarships-detail.aspx?lang=en&pagesize=2191&curPage=1&studyLevelfilter=High School&scholarshipId=9989203,High School,"$1,000",April
Matthew Shepard Memorial Scholarship,/Toolkit/Training/find-scholarships-detail.aspx?lang=en&pagesize=2191&curPage=1&studyLevelfilter=High School&scholarshipId=9993810,High School,N/A,April
Medtronic Foundation Scholarship,/Toolkit/Training/find-scholarships-detail.aspx?lang=en&pagesize=2191&curPage=1&studyLevelfilter=High School&scholarshipId=9990512,High School,"$25,000",April
Mill Creek Chamber of Commerce Scholarship,/Toolkit/Training/find-scholarships-detail.aspx?lang=en&pagesize=2191&curPage=1&studyLevelfilter=High School&scholarshipId=9993257,High School,"$2,000",April
Monica M. Weaver Memorial Fund,/Toolkit/Training/find-scholarships-detail.aspx?lang=en&pagesize=2191&curPage=1&studyLevelfilter=High School&scholarshipId=9995755,High School,N/A,April
Morton and Beatrice Harrison Scholarship Fund,/Toolkit/Training/find-scholarships-detail.aspx?lang=en&pagesize=2191&curPage=1&studyLevelfilter=High School&scholarshipId=9995769,High School,N/A,April
Morton Cure Paralysis Fund Research Grants,/Toolkit/Training/find-scholarships-detail.aspx?lang=en&pagesize=2191&curPage=1&studyLevelfilter=High School&scholarshipId=9993211,High School,N/A,April
Muncy Rotary Club Scholarship Fund,/Toolkit/Training/find-scholarships-detail.aspx?lang=en&pagesize=2191&curPage=1&studyLevelfilter=High School&scholarshipId=9995764,High School,N/A,April
Muncy Scholars Awards Fund,/Toolkit/Training/find-scholarships-detail.aspx?lang=en&pagesize=2191&curPage=1&studyLevelfilter=High School&scholarshipId=9995763,High School,N/A,April
NASE Dependent Scholarships,/Toolkit/Training/find-scholarships-detail.aspx?lang=en&pagesize=2191&curPage=1&studyLevelfilter=High School&scholarshipId=9993071,High School,"$3,000",April
National Merit Scholarship Program,/Toolkit/Training/find-scholarships-detail.aspx?lang=en&pagesize=2191&curPage=1&studyLevelfilter=High School&scholarshipId=9992824,High School,"$2,500",April
National Poultry and Food Distributors Association Scholarships,/Toolkit/Training/find-scholarships-detail.aspx?lang=en&pagesize=2191&curPage=1&studyLevelfilter=High School&scholarshipId=9992809,High School,"$20,000",April
NDSGC Summer Faculty Fellowship,/Toolkit/Training/find-scholarships-detail.aspx?lang=en&pagesize=2191&curPage=1&studyLevelfilter=High School&scholarshipId=9992263,High School,"$4,500",April
Nell and Spencer Waggoner Scholarship,/Toolkit/Training/find-scholarships-detail.aspx?lang=en&pagesize=2191&curPage=1&studyLevelfilter=High School&scholarshipId=9989086,High School,N/A,April
New York State Association of Agricultural Fairs Scholarship,/Toolkit/Training/find-scholarships-detail.aspx?lang=en&pagesize=2191&curPage=1&studyLevelfilter=High School&scholarshipId=9992540,High School,"$1,000",April
"Nicholas S. Hetos, DDS, and Maria Galanos Hetos, EdD, Memorial",/Toolkit/Training/find-scholarships-detail.aspx?lang=en&pagesize=2191&curPage=1&studyLevelfilter=High School&scholarshipId=9994684,High School,"$5,000",April
Nolan W. Feeser Scholarship Fund,/Toolkit/Training/find-scholarships-detail.aspx?lang=en&pagesize=2191&curPage=1&studyLevelfilter=High School&scholarshipId=9995772,High School,N/A,April
Noreen and George Corrigan Learning Disability Scholarship,/Toolkit/Training/find-scholarships-detail.aspx?lang=en&pagesize=2191&curPage=1&studyLevelfilter=High School&scholarshipId=9996834,High School,N/A,April
North Texas Relocation Professionals Scholarship,/Toolkit/Training/find-scholarships-detail.aspx?lang=en&pagesize=2191&curPage=1&studyLevelfilter=High School&scholarshipId=9992255,High School,"$1,000",April
"Notre Dame Club of Canton, Ohio Scholarship Fund",/Toolkit/Training/find-scholarships-detail.aspx?lang=en&pagesize=2191&curPage=1&studyLevelfilter=High School&scholarshipId=9990102,High School,$500,April
NTHA Community Forests Scholarship,/Toolkit/Training/find-scholarships-detail.aspx?lang=en&pagesize=2191&curPage=1&studyLevelfilter=High School&scholarshipId=9992093,High School,"$1,500",April
O'Jay's Scholarship Fund,/Toolkit/Training/find-scholarships-detail.aspx?lang=en&pagesize=2191&curPage=1&studyLevelfilter=High School&scholarshipId=9990101,High School,$500,April
Oliver Joel and Ellen Pell Denny Healthcare Scholarship,/Toolkit/Training/find-scholarships-detail.aspx?lang=en&pagesize=2191&curPage=1&studyLevelfilter=High School&scholarshipId=9989110,High School,N/A,April
Olympia Tumwater Foundation Traditional Scholarships,/Toolkit/Training/find-scholarships-detail.aspx?lang=en&pagesize=2191&curPage=1&studyLevelfilter=High School&scholarshipId=9992011,High School,"$5,000",April
Oregon College Savings Plan’s Diversity in Leadership,/Toolkit/Training/find-scholarships-detail.aspx?lang=en&pagesize=2191&curPage=1&studyLevelfilter=High School&scholarshipId=9991936,High School,N/A,April
Orthopaedic Specialists of the Carolinas Nursing Scholarship,/Toolkit/Training/find-scholarships-detail.aspx?lang=en&pagesize=2191&curPage=1&studyLevelfilter=High School&scholarshipId=9989098,High School,N/A,April
Pedro and Mateo SandovalStrong Memorial Scholarship,/Toolkit/Training/find-scholarships-detail.aspx?lang=en&pagesize=2191&curPage=1&studyLevelfilter=High School&scholarshipId=9999779,High School,N/A,April
PEI Protestant Children’s Trust Bursary,/Toolkit/Training/find-scholarships-detail.aspx?lang=en&pagesize=2191&curPage=1&studyLevelfilter=High School&scholarshipId=9996823,High School,N/A,April
Perot Family Scholarship,/Toolkit/Training/find-scholarships-detail.aspx?lang=en&pagesize=2191&curPage=1&studyLevelfilter=High School&scholarshipId=9998579,High School,$500,April
Perry Township School Memorial Scholarship Fund,/Toolkit/Training/find-scholarships-detail.aspx?lang=en&pagesize=2191&curPage=1&studyLevelfilter=High School&scholarshipId=9990100,High School,$500,April
Pete and Ellen Bensley Memorial Scholarship Fund,/Toolkit/Training/find-scholarships-detail.aspx?lang=en&pagesize=2191&curPage=1&studyLevelfilter=High School&scholarshipId=9995673,High School,N/A,April
Peter T. Steinwedell Scholarship,/Toolkit/Training/find-scholarships-detail.aspx?lang=en&pagesize=2191&curPage=1&studyLevelfilter=High School&scholarshipId=9995049,High School,"$1,000",April
Pfafftown Jaycees/Lynn Canada Memorial Scholarship,/Toolkit/Training/find-scholarships-detail.aspx?lang=en&pagesize=2191&curPage=1&studyLevelfilter=High School&scholarshipId=9989095,High School,N/A,April
Pretty Lightroom Presets Annual Scholarship,/Toolkit/Training/find-scholarships-detail.aspx?lang=en&pagesize=2191&curPage=1&studyLevelfilter=High School&scholarshipId=9991303,High School,$500,April
Progress Lane Scholarship Fund,/Toolkit/Training/find-scholarships-detail.aspx?lang=en&pagesize=2191&curPage=1&studyLevelfilter=High School&scholarshipId=9997244,High School,$500,April
PulteGroup Build Your Future SkillPointe Scholarship,/Toolkit/Training/find-scholarships-detail.aspx?lang=en&pagesize=2191&curPage=1&studyLevelfilter=High School&scholarshipId=2015472,High School,"$3,000",April
Ralph and Josephine Smith Fund,/Toolkit/Training/find-scholarships-detail.aspx?lang=en&pagesize=2191&curPage=1&studyLevelfilter=High School&scholarshipId=9995761,High School,N/A,April
Ray and Pearl Sams Scholarship Fund,/Toolkit/Training/find-scholarships-detail.aspx?lang=en&pagesize=2191&curPage=1&studyLevelfilter=High School&scholarshipId=9989091,High School,N/A,April
Raymond T. Hoge Scholarship Fund,/Toolkit/Training/find-scholarships-detail.aspx?lang=en&pagesize=2191&curPage=1&studyLevelfilter=High School&scholarshipId=9990120,High School,N/A,April
Raytheon Honorary Scholarship,/Toolkit/Training/find-scholarships-detail.aspx?lang=en&pagesize=2191&curPage=1&studyLevelfilter=High School&scholarshipId=9998578,High School,$500,April
RealtyHop Scholarship,/Toolkit/Training/find-scholarships-detail.aspx?lang=en&pagesize=2191&curPage=1&studyLevelfilter=High School&scholarshipId=9991109,High School,"$1,000",April
Renardo A. Matteucci Family Scholarship,/Toolkit/Training/find-scholarships-detail.aspx?lang=en&pagesize=2191&curPage=1&studyLevelfilter=High School&scholarshipId=9996999,High School,"$1,000",April
RentHop Scholarship,/Toolkit/Training/find-scholarships-detail.aspx?lang=en&pagesize=2191&curPage=1&studyLevelfilter=High School&scholarshipId=9991016,High School,"$1,000",April
Rhode Island Association of Former Legislators Scholarship,/Toolkit/Training/find-scholarships-detail.aspx?lang=en&pagesize=2191&curPage=1&studyLevelfilter=High School&scholarshipId=9990988,High School,"$1,000",April
Rhode Island Commission on Women/Freda H. Goldman Education Award,/Toolkit/Training/find-scholarships-detail.aspx?lang=en&pagesize=2191&curPage=1&studyLevelfilter=High School&scholarshipId=9990987,High School,$500,April
Rider Family Scholarship,/Toolkit/Training/find-scholarships-detail.aspx?lang=en&pagesize=2191&curPage=1&studyLevelfilter=High School&scholarshipId=9989092,High School,N/A,April
Riding Into the Future,/Toolkit/Training/find-scholarships-detail.aspx?lang=en&pagesize=2191&curPage=1&studyLevelfilter=High School&scholarshipId=9993795,High School,$500,April
Riggs Cove Foundation Scholarship,/Toolkit/Training/find-scholarships-detail.aspx?lang=en&pagesize=2191&curPage=1&studyLevelfilter=High School&scholarshipId=9995505,High School,N/A,April
Robby Baker Memorial Scholarship,/Toolkit/Training/find-scholarships-detail.aspx?lang=en&pagesize=2191&curPage=1&studyLevelfilter=High School&scholarshipId=9999790,High School,"$1,000",April
Robert and Judy More Scholarship Fund,/Toolkit/Training/find-scholarships-detail.aspx?lang=en&pagesize=2191&curPage=1&studyLevelfilter=High School&scholarshipId=9995760,High School,N/A,April
Robert G. and Joyce Andrew College Scholarship Fund,/Toolkit/Training/find-scholarships-detail.aspx?lang=en&pagesize=2191&curPage=1&studyLevelfilter=High School&scholarshipId=9991001,High School,N/A,April
Robert Martz DiGiacomo Memorial Scholarship Fund,/Toolkit/Training/find-scholarships-detail.aspx?lang=en&pagesize=2191&curPage=1&studyLevelfilter=High School&scholarshipId=9990129,High School,$500,April
Rotary Club of Annapolis Scholarship,/Toolkit/Training/find-scholarships-detail.aspx?lang=en&pagesize=2191&curPage=1&studyLevelfilter=High School&scholarshipId=9998746,High School,"$1,500",April
Ruth D. Adams Fund,/Toolkit/Training/find-scholarships-detail.aspx?lang=en&pagesize=2191&curPage=1&studyLevelfilter=High School&scholarshipId=9995776,High School,N/A,April
Ruth Skeeles Memorial Scholarship Fund,/Toolkit/Training/find-scholarships-detail.aspx?lang=en&pagesize=2191&curPage=1&studyLevelfilter=High School&scholarshipId=9990096,High School,$500,April
Sally Cole Visual Arts Scholarship Program,/Toolkit/Training/find-scholarships-detail.aspx?lang=en&pagesize=2191&curPage=1&studyLevelfilter=High School&scholarshipId=9995661,High School,N/A,April
"Sam L. Booke, Sr. Scholarship Fund",/Toolkit/Training/find-scholarships-detail.aspx?lang=en&pagesize=2191&curPage=1&studyLevelfilter=High School&scholarshipId=9989115,High School,N/A,April
Samuel Krugliak Legal Scholarship Fund,/Toolkit/Training/find-scholarships-detail.aspx?lang=en&pagesize=2191&curPage=1&studyLevelfilter=High School&scholarshipId=9990114,High School,N/A,April
Seabee Memorial Scholarship Association - Four Year Renewable,/Toolkit/Training/find-scholarships-detail.aspx?lang=en&pagesize=2191&curPage=1&studyLevelfilter=High School&scholarshipId=9990760,High School,N/A,April
Serena D. Dalton Scholarship,/Toolkit/Training/find-scholarships-detail.aspx?lang=en&pagesize=2191&curPage=1&studyLevelfilter=High School&scholarshipId=9989111,High School,N/A,April
Sergeant Andrew Edmund Topham Memorial Scholarship,/Toolkit/Training/find-scholarships-detail.aspx?lang=en&pagesize=2191&curPage=1&studyLevelfilter=High School&scholarshipId=9998576,High School,$500,April
Service League Volunteer Scholarships,/Toolkit/Training/find-scholarships-detail.aspx?lang=en&pagesize=2191&curPage=1&studyLevelfilter=High School&scholarshipId=9989232,High School,"$1,000",April
Sheriff W. Bruce Umpleby Law Enforcement Memorial Scholarship Fund,/Toolkit/Training/find-scholarships-detail.aspx?lang=en&pagesize=2191&curPage=1&studyLevelfilter=High School&scholarshipId=9990097,High School,N/A,April
SHPE Pride Scholarship,/Toolkit/Training/find-scholarships-detail.aspx?lang=en&pagesize=2191&curPage=1&studyLevelfilter=High School&scholarshipId=9990510,High School,"$2,000",April
SHPE Professional Scholarship,/Toolkit/Training/find-scholarships-detail.aspx?lang=en&pagesize=2191&curPage=1&studyLevelfilter=High School&scholarshipId=9990509,High School,"$2,000",April
Sibyl Jennings Vorheis Memorial Scholarship,/Toolkit/Training/find-scholarships-detail.aspx?lang=en&pagesize=2191&curPage=1&studyLevelfilter=High School&scholarshipId=9995637,High School,N/A,April
SPHE Graduating High School Senior Scholarship,/Toolkit/Training/find-scholarships-detail.aspx?lang=en&pagesize=2191&curPage=1&studyLevelfilter=High School&scholarshipId=9990507,High School,"$1,000",April
Staff Sergeant John F. Kusior Memorial Scholarship,/Toolkit/Training/find-scholarships-detail.aspx?lang=en&pagesize=2191&curPage=1&studyLevelfilter=High School&scholarshipId=9998582,High School,$500,April
Stanley Moore FUI Foundation Regional Scholarship,/Toolkit/Training/find-scholarships-detail.aspx?lang=en&pagesize=2191&curPage=1&studyLevelfilter=High School&scholarshipId=9992269,High School,"$1,500",April
Stanley Moore National Scholarships,/Toolkit/Training/find-scholarships-detail.aspx?lang=en&pagesize=2191&curPage=1&studyLevelfilter=High School&scholarshipId=9992934,High School,"$1,500",April
Stark County Bar Association Scholarship Fund,/Toolkit/Training/find-scholarships-detail.aspx?lang=en&pagesize=2191&curPage=1&studyLevelfilter=High School&scholarshipId=9990095,High School,$500,April
Stella B. Johnson Scholarship Fund,/Toolkit/Training/find-scholarships-detail.aspx?lang=en&pagesize=2191&curPage=1&studyLevelfilter=High School&scholarshipId=9989102,High School,N/A,April
Stephen Turner Scholarship,/Toolkit/Training/find-scholarships-detail.aspx?lang=en&pagesize=2191&curPage=1&studyLevelfilter=High School&scholarshipId=9996815,High School,N/A,April
Stephenson Rife Scholarship,/Toolkit/Training/find-scholarships-detail.aspx?lang=en&pagesize=2191&curPage=1&studyLevelfilter=High School&scholarshipId=9990073,High School,"$1,000",April
Steve Bayless Undergraduate Scholarship,/Toolkit/Training/find-scholarships-detail.aspx?lang=en&pagesize=2191&curPage=1&studyLevelfilter=High School&scholarshipId=9990193,High School,$500,April
Student Mini-Grant,/Toolkit/Training/find-scholarships-detail.aspx?lang=en&pagesize=2191&curPage=1&studyLevelfilter=High School&scholarshipId=2015402,High School,$300,April
Susie Kubié Symphonic Music Scholarship,/Toolkit/Training/find-scholarships-detail.aspx?lang=en&pagesize=2191&curPage=1&studyLevelfilter=High School&scholarshipId=9999782,High School,"$4,000",April
Sylvia Parkinson Fund,/Toolkit/Training/find-scholarships-detail.aspx?lang=en&pagesize=2191&curPage=1&studyLevelfilter=High School&scholarshipId=9995053,High School,"$2,000",April
Symee Ruth Feinberg Memorial Scholarship Fund,/Toolkit/Training/find-scholarships-detail.aspx?lang=en&pagesize=2191&curPage=1&studyLevelfilter=High School&scholarshipId=9995062,High School,"$3,000",April
Tech Mastery Scholarships,/Toolkit/Training/find-scholarships-detail.aspx?lang=en&pagesize=2191&curPage=1&studyLevelfilter=High School&scholarshipId=9991017,High School,$500,April
The Aaron and Rita Slom Scholarships,/Toolkit/Training/find-scholarships-detail.aspx?lang=en&pagesize=2191&curPage=1&studyLevelfilter=High School&scholarshipId=9989919,High School,N/A,April
The American Legion Legacy Scholarship,/Toolkit/Training/find-scholarships-detail.aspx?lang=en&pagesize=2191&curPage=1&studyLevelfilter=High School&scholarshipId=9999252,High School,"$20,000",April
The Captain Jennifer Shafer Odom Memorial Scholarship,/Toolkit/Training/find-scholarships-detail.aspx?lang=en&pagesize=2191&curPage=1&studyLevelfilter=High School&scholarshipId=9998580,High School,$500,April
The Colonel Urey Woodson Alexander Memorial Scholarship,/Toolkit/Training/find-scholarships-detail.aspx?lang=en&pagesize=2191&curPage=1&studyLevelfilter=High School&scholarshipId=9998595,High School,$500,April
The DamagedCars.com Summer Scholarship,/Toolkit/Training/find-scholarships-detail.aspx?lang=en&pagesize=2191&curPage=1&studyLevelfilter=High School&scholarshipId=9997635,High School,"$1,000",April
The First Lieutenant Scott McClean Love Memorial Scholarship,/Toolkit/Training/find-scholarships-detail.aspx?lang=en&pagesize=2191&curPage=1&studyLevelfilter=High School&scholarshipId=9998581,High School,$500,April
The Garden Club Council of Winston-Salem and Forsyth County,/Toolkit/Training/find-scholarships-detail.aspx?lang=en&pagesize=2191&curPage=1&studyLevelfilter=High School&scholarshipId=9989104,High School,N/A,April
The Herbert Lehman Education Fund Scholarship,/Toolkit/Training/find-scholarships-detail.aspx?lang=en&pagesize=2191&curPage=1&studyLevelfilter=High School&scholarshipId=9993174,High School,"$3,000",April
The Interracial Scholarship Fund of Greater Hartford,/Toolkit/Training/find-scholarships-detail.aspx?lang=en&pagesize=2191&curPage=1&studyLevelfilter=High School&scholarshipId=9995057,High School,"$3,000",April
The Judge Ralph Fisch Police Explorer Scholarship Program,/Toolkit/Training/find-scholarships-detail.aspx?lang=en&pagesize=2191&curPage=1&studyLevelfilter=High School&scholarshipId=9995716,High School,"$1,000",April
The Lieutenant Colonel Walter R. Bowie Memorial Scholarship,/Toolkit/Training/find-scholarships-detail.aspx?lang=en&pagesize=2191&curPage=1&studyLevelfilter=High School&scholarshipId=9998592,High School,$500,April
The Pittsburgh Foundation College/County Renewable Awards,/Toolkit/Training/find-scholarships-detail.aspx?lang=en&pagesize=2191&curPage=1&studyLevelfilter=High School&scholarshipId=2015527,High School,"$5,000",April
The Pittsburgh Foundation College/County Single Year Awards,/Toolkit/Training/find-scholarships-detail.aspx?lang=en&pagesize=2191&curPage=1&studyLevelfilter=High School&scholarshipId=2015528,High School,"$5,000",April
The Pittsburgh Foundation Employer/Membership Programs,/Toolkit/Training/find-scholarships-detail.aspx?lang=en&pagesize=2191&curPage=1&studyLevelfilter=High School&scholarshipId=2015525,High School,"$5,000",April
The Pittsburgh Foundation Renewable Scholarships,/Toolkit/Training/find-scholarships-detail.aspx?lang=en&pagesize=2191&curPage=1&studyLevelfilter=High School&scholarshipId=2015524,High School,"$5,000",April
The Pittsburgh Foundation Single Year Awards (Group 1),/Toolkit/Training/find-scholarships-detail.aspx?lang=en&pagesize=2191&curPage=1&studyLevelfilter=High School&scholarshipId=2015522,High School,"$5,000",April
The Pittsburgh Foundation Single Year Awards (Group 2),/Toolkit/Training/find-scholarships-detail.aspx?lang=en&pagesize=2191&curPage=1&studyLevelfilter=High School&scholarshipId=2015523,High School,"$5,000",April
The Tang Scholarship,/Toolkit/Training/find-scholarships-detail.aspx?lang=en&pagesize=2191&curPage=1&studyLevelfilter=High School&scholarshipId=9990642,High School,"$60,000",April
The Thelma S. Hoge Memorial Scholarship,/Toolkit/Training/find-scholarships-detail.aspx?lang=en&pagesize=2191&curPage=1&studyLevelfilter=High School&scholarshipId=9997000,High School,"$2,000",April
"The Turner Maurice Gauntt, Jr. Exemplary Citizen Award",/Toolkit/Training/find-scholarships-detail.aspx?lang=en&pagesize=2191&curPage=1&studyLevelfilter=High School&scholarshipId=2015418,High School,"$4,540",April
The Walter S. Kapala Scholarship Trust,/Toolkit/Training/find-scholarships-detail.aspx?lang=en&pagesize=2191&curPage=1&studyLevelfilter=High School&scholarshipId=9995056,High School,"$3,000",April
The Winston-Salem Foundation Scholarship,/Toolkit/Training/find-scholarships-detail.aspx?lang=en&pagesize=2191&curPage=1&studyLevelfilter=High School&scholarshipId=9989081,High School,N/A,April
"Thomas E. Shown, M.D. Memorial Scholarship Fund",/Toolkit/Training/find-scholarships-detail.aspx?lang=en&pagesize=2191&curPage=1&studyLevelfilter=High School&scholarshipId=9989089,High School,N/A,April
Thomas W. Gallagher Scholarship Fund,/Toolkit/Training/find-scholarships-detail.aspx?lang=en&pagesize=2191&curPage=1&studyLevelfilter=High School&scholarshipId=9990091,High School,N/A,April
Tim Triner Letter Carriers Scholarship Fund,/Toolkit/Training/find-scholarships-detail.aspx?lang=en&pagesize=2191&curPage=1&studyLevelfilter=High School&scholarshipId=9990090,High School,N/A,April
Timothy S. Sweterlitsch Memorial Scholarship Fund,/Toolkit/Training/find-scholarships-detail.aspx?lang=en&pagesize=2191&curPage=1&studyLevelfilter=High School&scholarshipId=9990092,High School,N/A,April
TRH Duke and Duchess of Cambridge Legacy Scholarship Fund,/Toolkit/Training/find-scholarships-detail.aspx?lang=en&pagesize=2191&curPage=1&studyLevelfilter=High School&scholarshipId=9996816,High School,N/A,April
Tyler Clementi Memorial Scholarship,/Toolkit/Training/find-scholarships-detail.aspx?lang=en&pagesize=2191&curPage=1&studyLevelfilter=High School&scholarshipId=9993813,High School,N/A,April
Upakar Foundation Community College Scholarships,/Toolkit/Training/find-scholarships-detail.aspx?lang=en&pagesize=2191&curPage=1&studyLevelfilter=High School&scholarshipId=9989442,High School,$500,April
US Acute Care Solutions Employee Dependent Scholarship Fund,/Toolkit/Training/find-scholarships-detail.aspx?lang=en&pagesize=2191&curPage=1&studyLevelfilter=High School&scholarshipId=9990088,High School,$500,April
USGIF Scholarship Program,/Toolkit/Training/find-scholarships-detail.aspx?lang=en&pagesize=2191&curPage=1&studyLevelfilter=High School&scholarshipId=2014706,High School,"$11,000",April
Utility Workers Union of America Scholarship Program,/Toolkit/Training/find-scholarships-detail.aspx?lang=en&pagesize=2191&curPage=1&studyLevelfilter=High School&scholarshipId=9989424,High School,"$2,500",April
Velma Shotwell Griffin Memorial Scholarship Fund,/Toolkit/Training/find-scholarships-detail.aspx?lang=en&pagesize=2191&curPage=1&studyLevelfilter=High School&scholarshipId=9990123,High School,$500,April
Virginia Elizabeth and Alma Vane Taylor Nursing Scholarship,/Toolkit/Training/find-scholarships-detail.aspx?lang=en&pagesize=2191&curPage=1&studyLevelfilter=High School&scholarshipId=9989108,High School,N/A,April
Wade and Marcelene Duncan Scholarship,/Toolkit/Training/find-scholarships-detail.aspx?lang=en&pagesize=2191&curPage=1&studyLevelfilter=High School&scholarshipId=9989109,High School,$500,April
"Walter ""Doc"" Hurley Scholarship Fund of Greater Hartford",/Toolkit/Training/find-scholarships-detail.aspx?lang=en&pagesize=2191&curPage=1&studyLevelfilter=High School&scholarshipId=9995058,High School,"$3,000",April
Walter Samek III Memorial Scholarship,/Toolkit/Training/find-scholarships-detail.aspx?lang=en&pagesize=2191&curPage=1&studyLevelfilter=High School&scholarshipId=9996998,High School,N/A,April
"Warren E. ""Whitey"" Cole A.S.H.E. Scholarship Fund",/Toolkit/Training/find-scholarships-detail.aspx?lang=en&pagesize=2191&curPage=1&studyLevelfilter=High School&scholarshipId=9995756,High School,N/A,April
Wayne D. Ackerman Family Scholarship Fund,/Toolkit/Training/find-scholarships-detail.aspx?lang=en&pagesize=2191&curPage=1&studyLevelfilter=High School&scholarshipId=9990137,High School,N/A,April
Wendy Y. Wolfson Memorial Scholarship Fund,/Toolkit/Training/find-scholarships-detail.aspx?lang=en&pagesize=2191&curPage=1&studyLevelfilter=High School&scholarshipId=9995753,High School,N/A,April
Wes Burton Memorial Scholarship,/Toolkit/Training/find-scholarships-detail.aspx?lang=en&pagesize=2191&curPage=1&studyLevelfilter=High School&scholarshipId=9989114,High School,N/A,April
"Western Governors' Association ""Celebrate the West"" High School Art",/Toolkit/Training/find-scholarships-detail.aspx?lang=en&pagesize=2191&curPage=1&studyLevelfilter=High School&scholarshipId=9989159,High School,$200,April
Wilbert and Zora Holmes Scholarship Endowment Fund,/Toolkit/Training/find-scholarships-detail.aspx?lang=en&pagesize=2191&curPage=1&studyLevelfilter=High School&scholarshipId=9995655,High School,$500,April
Willard F. Cameron Scholarship,/Toolkit/Training/find-scholarships-detail.aspx?lang=en&pagesize=2191&curPage=1&studyLevelfilter=High School&scholarshipId=9996836,High School,N/A,April
William H. and Lena M. Petree Scholarship,/Toolkit/Training/find-scholarships-detail.aspx?lang=en&pagesize=2191&curPage=1&studyLevelfilter=High School&scholarshipId=9989096,High School,N/A,April
William H. Andrews/HAWS Scholarship,/Toolkit/Training/find-scholarships-detail.aspx?lang=en&pagesize=2191&curPage=1&studyLevelfilter=High School&scholarshipId=9989117,High School,N/A,April
"William H. Davis, Jr. Scholarship",/Toolkit/Training/find-scholarships-detail.aspx?lang=en&pagesize=2191&curPage=1&studyLevelfilter=High School&scholarshipId=9996997,High School,"$1,000",April
William R. Bowen Scholarship,/Toolkit/Training/find-scholarships-detail.aspx?lang=en&pagesize=2191&curPage=1&studyLevelfilter=High School&scholarshipId=9997254,High School,N/A,April
WSGC at UW - Scholarships for Community College Transfer Students,/Toolkit/Training/find-scholarships-detail.aspx?lang=en&pagesize=2191&curPage=1&studyLevelfilter=High School&scholarshipId=9989225,High School,"$2,000",April
Zumper Apartments Scholarship,/Toolkit/Training/find-scholarships-detail.aspx?lang=en&pagesize=2191&curPage=1&studyLevelfilter=High School&scholarshipId=9988842,High School,"$1,000",April
1Dental Scholarship,/Toolkit/Training/find-scholarships-detail.aspx?lang=en&pagesize=2191&curPage=1&studyLevelfilter=High School&scholarshipId=9999993,High School,$500,May
2024 Triumph Through Family Adversity Scholarship,/Toolkit/Training/find-scholarships-detail.aspx?lang=en&pagesize=2191&curPage=1&studyLevelfilter=High School&scholarshipId=2015401,High School,N/A,May
ACTFL Future Teacher Scholarship,/Toolkit/Training/find-scholarships-detail.aspx?lang=en&pagesize=2191&curPage=1&studyLevelfilter=High School&scholarshipId=2015564,High School,"$6,000",May
AIA Silicon Valley William R. Hawley Scholarship,/Toolkit/Training/find-scholarships-detail.aspx?lang=en&pagesize=2191&curPage=1&studyLevelfilter=High School&scholarshipId=9990667,High School,"$5,000",May
Alexis Mackenzie Memorial Scholarship for the Arts,/Toolkit/Training/find-scholarships-detail.aspx?lang=en&pagesize=2191&curPage=1&studyLevelfilter=High School&scholarshipId=9997996,High School,"$9,350",May
ALOA Scholarship Foundation,/Toolkit/Training/find-scholarships-detail.aspx?lang=en&pagesize=2191&curPage=1&studyLevelfilter=High School&scholarshipId=9999733,High School,N/A,May
Altruism and All Good Deeds Scholarship,/Toolkit/Training/find-scholarships-detail.aspx?lang=en&pagesize=2191&curPage=1&studyLevelfilter=High School&scholarshipId=2015576,High School,"$1,000",May
Amy G Injury Firm Access to Education Scholarship,/Toolkit/Training/find-scholarships-detail.aspx?lang=en&pagesize=2191&curPage=1&studyLevelfilter=High School&scholarshipId=2015237,High School,"$1,000",May
Angus Foundation Undergraduate Scholarships,/Toolkit/Training/find-scholarships-detail.aspx?lang=en&pagesize=2191&curPage=1&studyLevelfilter=High School&scholarshipId=9992857,High School,"$1,000",May
Anthony Munoz Scholarship Fund,/Toolkit/Training/find-scholarships-detail.aspx?lang=en&pagesize=2191&curPage=1&studyLevelfilter=High School&scholarshipId=9998774,High School,"$20,000",May
APF Professional Development Awards for High School Psychology,/Toolkit/Training/find-scholarships-detail.aspx?lang=en&pagesize=2191&curPage=1&studyLevelfilter=High School&scholarshipId=9999073,High School,"$1,000",May
Ashby B. Carter/J. Leon Henderson Memorial Scholarship Fund,/Toolkit/Training/find-scholarships-detail.aspx?lang=en&pagesize=2191&curPage=1&studyLevelfilter=High School&scholarshipId=9993145,High School,"$5,000",May
Aspiring Pennsylvania Attorneys Scholarship,/Toolkit/Training/find-scholarships-detail.aspx?lang=en&pagesize=2191&curPage=1&studyLevelfilter=High School&scholarshipId=9991539,High School,"$1,500",May
Betty Bell Scholarship Fund,/Toolkit/Training/find-scholarships-detail.aspx?lang=en&pagesize=2191&curPage=1&studyLevelfilter=High School&scholarshipId=9994633,High School,$500,May
Bruce Wolfe Memorial Scholarship,/Toolkit/Training/find-scholarships-detail.aspx?lang=en&pagesize=2191&curPage=1&studyLevelfilter=High School&scholarshipId=9997906,High School,"$5,000",May
"Buzzell, Welsh & Hill College Scholarship Program",/Toolkit/Training/find-scholarships-detail.aspx?lang=en&pagesize=2191&curPage=1&studyLevelfilter=High School&scholarshipId=9997917,High School,"$2,500",May
CareerFitTest.coms Annual $500 Scholarship,/Toolkit/Training/find-scholarships-detail.aspx?lang=en&pagesize=2191&curPage=1&studyLevelfilter=High School&scholarshipId=2015438,High School,$500,May
Catherine G. Jurgemeyer Memorial Scholarship,/Toolkit/Training/find-scholarships-detail.aspx?lang=en&pagesize=2191&curPage=1&studyLevelfilter=High School&scholarshipId=2015388,High School,"$10,000",May
Cathy Hopper Memorial Scholarship,/Toolkit/Training/find-scholarships-detail.aspx?lang=en&pagesize=2191&curPage=1&studyLevelfilter=High School&scholarshipId=9990898,High School,"$5,000",May
CCD Law Spokane Community Scholarship,/Toolkit/Training/find-scholarships-detail.aspx?lang=en&pagesize=2191&curPage=1&studyLevelfilter=High School&scholarshipId=9997611,High School,$500,May
CFF Pilot and Feasibility Awards,/Toolkit/Training/find-scholarships-detail.aspx?lang=en&pagesize=2191&curPage=1&studyLevelfilter=High School&scholarshipId=9996364,High School,"$50,000",May
Concrete Rose Scholarship Award,/Toolkit/Training/find-scholarships-detail.aspx?lang=en&pagesize=2191&curPage=1&studyLevelfilter=High School&scholarshipId=9997994,High School,"$2,300",May
Daggy Youth/Student Scholarships,/Toolkit/Training/find-scholarships-detail.aspx?lang=en&pagesize=2191&curPage=1&studyLevelfilter=High School&scholarshipId=9994279,High School,N/A,May
Davis Levin Livingston Public Interest Law Scholarships,/Toolkit/Training/find-scholarships-detail.aspx?lang=en&pagesize=2191&curPage=1&studyLevelfilter=High School&scholarshipId=9996337,High School,"$3,000",May
Distracted Driving Scholarship,/Toolkit/Training/find-scholarships-detail.aspx?lang=en&pagesize=2191&curPage=1&studyLevelfilter=High School&scholarshipId=9994243,High School,"$1,000",May
Dwight F. Davis Memorial Scholarship,/Toolkit/Training/find-scholarships-detail.aspx?lang=en&pagesize=2191&curPage=1&studyLevelfilter=High School&scholarshipId=9989719,High School,"$2,500",May
Dwight Mosley Scholarship Award,/Toolkit/Training/find-scholarships-detail.aspx?lang=en&pagesize=2191&curPage=1&studyLevelfilter=High School&scholarshipId=9989718,High School,"$2,500",May
EAA Seniors Tuition Scholarship,/Toolkit/Training/find-scholarships-detail.aspx?lang=en&pagesize=2191&curPage=1&studyLevelfilter=High School&scholarshipId=9995977,High School,"$1,000",May
Edwina Foye Award for Outstanding Graduate Student,/Toolkit/Training/find-scholarships-detail.aspx?lang=en&pagesize=2191&curPage=1&studyLevelfilter=High School&scholarshipId=9995607,High School,"$5,000",May
Elijah's Helping Hand Scholarship Award,/Toolkit/Training/find-scholarships-detail.aspx?lang=en&pagesize=2191&curPage=1&studyLevelfilter=High School&scholarshipId=9997992,High School,$500,May
Eve Kraft Education & College Scholarship,/Toolkit/Training/find-scholarships-detail.aspx?lang=en&pagesize=2191&curPage=1&studyLevelfilter=High School&scholarshipId=9989717,High School,"$2,500",May
Exploring Cryptocurrency and Blockchain Adoption in Various Industries,/Toolkit/Training/find-scholarships-detail.aspx?lang=en&pagesize=2191&curPage=1&studyLevelfilter=High School&scholarshipId=2015414,High School,"$1,000",May
Fifth Month Scholarship,/Toolkit/Training/find-scholarships-detail.aspx?lang=en&pagesize=2191&curPage=1&studyLevelfilter=High School&scholarshipId=9989816,High School,"$1,500",May
For A Bright Future - Creative Arts Scholarship,/Toolkit/Training/find-scholarships-detail.aspx?lang=en&pagesize=2191&curPage=1&studyLevelfilter=High School&scholarshipId=2015573,High School,$2,May
For A Bright Future - Dr. Emma Lerew Scholarship,/Toolkit/Training/find-scholarships-detail.aspx?lang=en&pagesize=2191&curPage=1&studyLevelfilter=High School&scholarshipId=2015572,High School,$2,May
For A Bright Future - Fintech Innovation Scholarship,/Toolkit/Training/find-scholarships-detail.aspx?lang=en&pagesize=2191&curPage=1&studyLevelfilter=High School&scholarshipId=2015569,High School,$2,May
For A Bright Future - Healthcare Scholarship,/Toolkit/Training/find-scholarships-detail.aspx?lang=en&pagesize=2191&curPage=1&studyLevelfilter=High School&scholarshipId=2015568,High School,$2,May
For A Bright Future - Single Parent Household Scholarship,/Toolkit/Training/find-scholarships-detail.aspx?lang=en&pagesize=2191&curPage=1&studyLevelfilter=High School&scholarshipId=2015571,High School,$2,May
For A Bright Future - Veterans and Families Scholarship,/Toolkit/Training/find-scholarships-detail.aspx?lang=en&pagesize=2191&curPage=1&studyLevelfilter=High School&scholarshipId=2015570,High School,$2,May
Foundation for Your Future Scholarship,/Toolkit/Training/find-scholarships-detail.aspx?lang=en&pagesize=2191&curPage=1&studyLevelfilter=High School&scholarshipId=9989119,High School,"$2,500",May
Gabrial A. Hartl Scholarship,/Toolkit/Training/find-scholarships-detail.aspx?lang=en&pagesize=2191&curPage=1&studyLevelfilter=High School&scholarshipId=9999903,High School,N/A,May
Gene Henson Scholarship,/Toolkit/Training/find-scholarships-detail.aspx?lang=en&pagesize=2191&curPage=1&studyLevelfilter=High School&scholarshipId=9998222,High School,"$10,000",May
Gioles Scholarship,/Toolkit/Training/find-scholarships-detail.aspx?lang=en&pagesize=2191&curPage=1&studyLevelfilter=High School&scholarshipId=9995114,High School,N/A,May
Glazing Industry Scholarship,/Toolkit/Training/find-scholarships-detail.aspx?lang=en&pagesize=2191&curPage=1&studyLevelfilter=High School&scholarshipId=9991192,High School,"$1,000",May
Green Knight Economic Development Corporation Scholarships,/Toolkit/Training/find-scholarships-detail.aspx?lang=en&pagesize=2191&curPage=1&studyLevelfilter=High School&scholarshipId=9995108,High School,"$4,000",May
Helen and Bob Brill Scholarship,/Toolkit/Training/find-scholarships-detail.aspx?lang=en&pagesize=2191&curPage=1&studyLevelfilter=High School&scholarshipId=9991456,High School,"$1,000",May
Honor A Hero Scholarship,/Toolkit/Training/find-scholarships-detail.aspx?lang=en&pagesize=2191&curPage=1&studyLevelfilter=High School&scholarshipId=2015346,High School,"$1,000",May
Horch Roofing Trade School Scholarship,/Toolkit/Training/find-scholarships-detail.aspx?lang=en&pagesize=2191&curPage=1&studyLevelfilter=High School&scholarshipId=9994604,High School,"$1,000",May
Hospital Safety Awareness Scholarship,/Toolkit/Training/find-scholarships-detail.aspx?lang=en&pagesize=2191&curPage=1&studyLevelfilter=High School&scholarshipId=9993705,High School,"$1,000",May
Hugh and Elizabeth Montgomery Scholarship Fund,/Toolkit/Training/find-scholarships-detail.aspx?lang=en&pagesize=2191&curPage=1&studyLevelfilter=High School&scholarshipId=9993649,High School,N/A,May
INIA Scholarship Program,/Toolkit/Training/find-scholarships-detail.aspx?lang=en&pagesize=2191&curPage=1&studyLevelfilter=High School&scholarshipId=9994342,High School,"$1,000",May
Jack Kent Cooke Foundation Young Scholars Program,/Toolkit/Training/find-scholarships-detail.aspx?lang=en&pagesize=2191&curPage=1&studyLevelfilter=High School&scholarshipId=9994238,High School,N/A,May
"James A. Wells, Sr. Veterans Scholarship",/Toolkit/Training/find-scholarships-detail.aspx?lang=en&pagesize=2191&curPage=1&studyLevelfilter=High School&scholarshipId=9993941,High School,"$1,000",May
John L. Calhoun Memorial Scholarship,/Toolkit/Training/find-scholarships-detail.aspx?lang=en&pagesize=2191&curPage=1&studyLevelfilter=High School&scholarshipId=9993915,High School,"$1,000",May
Joseph A. Holmes Safety Association Scholarship,/Toolkit/Training/find-scholarships-detail.aspx?lang=en&pagesize=2191&curPage=1&studyLevelfilter=High School&scholarshipId=9994061,High School,N/A,May
Joseph W. Mayo ALS Scholarship Fund,/Toolkit/Training/find-scholarships-detail.aspx?lang=en&pagesize=2191&curPage=1&studyLevelfilter=High School&scholarshipId=9993652,High School,N/A,May
"Kaufman & Stigger, PLLC, Alberta C. Kaufman Scholarship",/Toolkit/Training/find-scholarships-detail.aspx?lang=en&pagesize=2191&curPage=1&studyLevelfilter=High School&scholarshipId=9993942,High School,"$1,000",May
Kenneth E. Schwartz Memorial Farm Bureau Fund,/Toolkit/Training/find-scholarships-detail.aspx?lang=en&pagesize=2191&curPage=1&studyLevelfilter=High School&scholarshipId=9992633,High School,"$1,000",May
Lawrence Madeiros Scholarship,/Toolkit/Training/find-scholarships-detail.aspx?lang=en&pagesize=2191&curPage=1&studyLevelfilter=High School&scholarshipId=9993025,High School,N/A,May
Lowenthal & Abrams Hospital Safety Awareness Scholarship,/Toolkit/Training/find-scholarships-detail.aspx?lang=en&pagesize=2191&curPage=1&studyLevelfilter=High School&scholarshipId=2015256,High School,"$1,000",May
Male and Female Positive Athlete of the Year,/Toolkit/Training/find-scholarships-detail.aspx?lang=en&pagesize=2191&curPage=1&studyLevelfilter=High School&scholarshipId=2015557,High School,"$2,500",May
Malta Scholarship,/Toolkit/Training/find-scholarships-detail.aspx?lang=en&pagesize=2191&curPage=1&studyLevelfilter=High School&scholarshipId=9995113,High School,"$1,000",May
Marian Wood Baird Scholarship,/Toolkit/Training/find-scholarships-detail.aspx?lang=en&pagesize=2191&curPage=1&studyLevelfilter=High School&scholarshipId=9989720,High School,"$15,000",May
Marvin Arnold and Irene Jaquetta Heye Scholarship,/Toolkit/Training/find-scholarships-detail.aspx?lang=en&pagesize=2191&curPage=1&studyLevelfilter=High School&scholarshipId=9990885,High School,N/A,May
"Mary Stewart and William T. Covington, Jr. Scholarship Fund",/Toolkit/Training/find-scholarships-detail.aspx?lang=en&pagesize=2191&curPage=1&studyLevelfilter=High School&scholarshipId=9995639,High School,N/A,May
Medina County Retired Teachers Association Scholarship,/Toolkit/Training/find-scholarships-detail.aspx?lang=en&pagesize=2191&curPage=1&studyLevelfilter=High School&scholarshipId=9993353,High School,N/A,May
NBCUniversal Tony Coelho Media Scholarship,/Toolkit/Training/find-scholarships-detail.aspx?lang=en&pagesize=2191&curPage=1&studyLevelfilter=High School&scholarshipId=9999573,High School,"$5,625",May
NDIA Picatinny Chapter Scholarships,/Toolkit/Training/find-scholarships-detail.aspx?lang=en&pagesize=2191&curPage=1&studyLevelfilter=High School&scholarshipId=9992954,High School,"$5,000",May
New York Ramblers Scholarship,/Toolkit/Training/find-scholarships-detail.aspx?lang=en&pagesize=2191&curPage=1&studyLevelfilter=High School&scholarshipId=9992542,High School,"$2,500",May
Ohio Newspaper Association Minority Journalism Scholarship,/Toolkit/Training/find-scholarships-detail.aspx?lang=en&pagesize=2191&curPage=1&studyLevelfilter=High School&scholarshipId=9992027,High School,"$1,500",May
Pan Pacific Law Enforcement Scholarships,/Toolkit/Training/find-scholarships-detail.aspx?lang=en&pagesize=2191&curPage=1&studyLevelfilter=High School&scholarshipId=9990852,High School,N/A,May
Paula Joan Riehl Memorial Scholarship,/Toolkit/Training/find-scholarships-detail.aspx?lang=en&pagesize=2191&curPage=1&studyLevelfilter=High School&scholarshipId=9988890,High School,N/A,May
Polish American Club of North Jersey Scholarships,/Toolkit/Training/find-scholarships-detail.aspx?lang=en&pagesize=2191&curPage=1&studyLevelfilter=High School&scholarshipId=9993890,High School,N/A,May
PPC Member Student Scholarships,/Toolkit/Training/find-scholarships-detail.aspx?lang=en&pagesize=2191&curPage=1&studyLevelfilter=High School&scholarshipId=9991460,High School,"$3,500",May
Providence Fire Fighters Local 799 Scholarship Fund,/Toolkit/Training/find-scholarships-detail.aspx?lang=en&pagesize=2191&curPage=1&studyLevelfilter=High School&scholarshipId=9990989,High School,N/A,May
Rice Scholarship Fund,/Toolkit/Training/find-scholarships-detail.aspx?lang=en&pagesize=2191&curPage=1&studyLevelfilter=High School&scholarshipId=9993645,High School,N/A,May
Rick Chace Foundation Scholarships,/Toolkit/Training/find-scholarships-detail.aspx?lang=en&pagesize=2191&curPage=1&studyLevelfilter=High School&scholarshipId=9998283,High School,"$4,000",May
ROFL Scholarship,/Toolkit/Training/find-scholarships-detail.aspx?lang=en&pagesize=2191&curPage=1&studyLevelfilter=High School&scholarshipId=9991323,High School,$500,May
Rotary Club of South Whidbey Island Scholarships,/Toolkit/Training/find-scholarships-detail.aspx?lang=en&pagesize=2191&curPage=1&studyLevelfilter=High School&scholarshipId=9990944,High School,N/A,May
Shirley Williams Scholarship,/Toolkit/Training/find-scholarships-detail.aspx?lang=en&pagesize=2191&curPage=1&studyLevelfilter=High School&scholarshipId=9988862,High School,N/A,May
Silent Servant Scholarship,/Toolkit/Training/find-scholarships-detail.aspx?lang=en&pagesize=2191&curPage=1&studyLevelfilter=High School&scholarshipId=9991463,High School,$500,May
Silent Servant Scholarship,/Toolkit/Training/find-scholarships-detail.aspx?lang=en&pagesize=2191&curPage=1&studyLevelfilter=High School&scholarshipId=2015358,High School,$500,May
SKECHERS Athletic Performance Scholarship,/Toolkit/Training/find-scholarships-detail.aspx?lang=en&pagesize=2191&curPage=1&studyLevelfilter=High School&scholarshipId=2015424,High School,"$5,000",May
Students of History Scholarship,/Toolkit/Training/find-scholarships-detail.aspx?lang=en&pagesize=2191&curPage=1&studyLevelfilter=High School&scholarshipId=9990033,High School,"$1,000",May
Tad Nelson Law Firm Scholarships,/Toolkit/Training/find-scholarships-detail.aspx?lang=en&pagesize=2191&curPage=1&studyLevelfilter=High School&scholarshipId=9993828,High School,$500,May
Text=Wrecks Scholarship,/Toolkit/Training/find-scholarships-detail.aspx?lang=en&pagesize=2191&curPage=1&studyLevelfilter=High School&scholarshipId=9995472,High School,"$1,000",May
The Charles B. Staat Memorial Scholarship,/Toolkit/Training/find-scholarships-detail.aspx?lang=en&pagesize=2191&curPage=1&studyLevelfilter=High School&scholarshipId=9997567,High School,"$2,000",May
The George N. Boulukos EOCS Scholarship,/Toolkit/Training/find-scholarships-detail.aspx?lang=en&pagesize=2191&curPage=1&studyLevelfilter=High School&scholarshipId=9996074,High School,"$1,000",May
The Michael J. Quill Scholarship,/Toolkit/Training/find-scholarships-detail.aspx?lang=en&pagesize=2191&curPage=1&studyLevelfilter=High School&scholarshipId=9989915,High School,"$1,200",May
The Pearce Law Firm – Empowering Women In Law Scholarship,/Toolkit/Training/find-scholarships-detail.aspx?lang=en&pagesize=2191&curPage=1&studyLevelfilter=High School&scholarshipId=9991538,High School,"$1,500",May
Tommy Bright Scholarship Fund,/Toolkit/Training/find-scholarships-detail.aspx?lang=en&pagesize=2191&curPage=1&studyLevelfilter=High School&scholarshipId=9994632,High School,"$1,000",May
Triumph Through Family Adversity Scholarship 2024,/Toolkit/Training/find-scholarships-detail.aspx?lang=en&pagesize=2191&curPage=1&studyLevelfilter=High School&scholarshipId=2015403,High School,N/A,May
USAWOASF Regular Scholarship,/Toolkit/Training/find-scholarships-detail.aspx?lang=en&pagesize=2191&curPage=1&studyLevelfilter=High School&scholarshipId=9989773,High School,N/A,May
USAWOASF/Grantham University On-Line Scholarship,/Toolkit/Training/find-scholarships-detail.aspx?lang=en&pagesize=2191&curPage=1&studyLevelfilter=High School&scholarshipId=9989774,High School,N/A,May
VPPPA June Brothers Scholarship,/Toolkit/Training/find-scholarships-detail.aspx?lang=en&pagesize=2191&curPage=1&studyLevelfilter=High School&scholarshipId=9989268,High School,"$3,500",May
VPPPA Stephen Brown Scholarship,/Toolkit/Training/find-scholarships-detail.aspx?lang=en&pagesize=2191&curPage=1&studyLevelfilter=High School&scholarshipId=9989267,High School,"$3,500",May
We the Future Contest,/Toolkit/Training/find-scholarships-detail.aspx?lang=en&pagesize=2191&curPage=1&studyLevelfilter=High School&scholarshipId=2015417,High School,"$5,000",May
West Coast Trial Lawyers Scholarship,/Toolkit/Training/find-scholarships-detail.aspx?lang=en&pagesize=2191&curPage=1&studyLevelfilter=High School&scholarshipId=2015062,High School,"$1,000",May
Whitehorse Copper Mines Scholarship,/Toolkit/Training/find-scholarships-detail.aspx?lang=en&pagesize=2191&curPage=1&studyLevelfilter=High School&scholarshipId=9988867,High School,N/A,May
William R. Stanitz/AROY Scholarship,/Toolkit/Training/find-scholarships-detail.aspx?lang=en&pagesize=2191&curPage=1&studyLevelfilter=High School&scholarshipId=9998996,High School,"$1,000",May
Wolfe Law Group Comeback Scholarship,/Toolkit/Training/find-scholarships-detail.aspx?lang=en&pagesize=2191&curPage=1&studyLevelfilter=High School&scholarshipId=2015304,High School,"$1,000",May
Youth Environmental Scholarship,/Toolkit/Training/find-scholarships-detail.aspx?lang=en&pagesize=2191&curPage=1&studyLevelfilter=High School&scholarshipId=9989188,High School,$250,May
AACC International Travel Grants,/Toolkit/Training/find-scholarships-detail.aspx?lang=en&pagesize=2191&curPage=1&studyLevelfilter=High School&scholarshipId=9998352,High School,"$2,500",
Aaron Edward Arnoldsen Memorial Scholarship,/Toolkit/Training/find-scholarships-detail.aspx?lang=en&pagesize=2191&curPage=1&studyLevelfilter=High School&scholarshipId=9999984,High School,"$200,000",
Accenture Native American Scholarship Fund,/Toolkit/Training/find-scholarships-detail.aspx?lang=en&pagesize=2191&curPage=1&studyLevelfilter=High School&scholarshipId=9992686,High School,N/A,
Adrienne Zoe Fedok Art and Music Scholarship,/Toolkit/Training/find-scholarships-detail.aspx?lang=en&pagesize=2191&curPage=1&studyLevelfilter=High School&scholarshipId=9995626,High School,"$1,000",
Aeppel/Sorensen Scholarship,/Toolkit/Training/find-scholarships-detail.aspx?lang=en&pagesize=2191&curPage=1&studyLevelfilter=High School&scholarshipId=9995290,High School,N/A,
Agriculture Future of America Scholarships,/Toolkit/Training/find-scholarships-detail.aspx?lang=en&pagesize=2191&curPage=1&studyLevelfilter=High School&scholarshipId=9999916,High School,N/A,
Alabama Scholarships for Dependents of Blind Parents/Textbook,/Toolkit/Training/find-scholarships-detail.aspx?lang=en&pagesize=2191&curPage=1&studyLevelfilter=High School&scholarshipId=9999869,High School,N/A,
Alabama State Grants and Scholarships,/Toolkit/Training/find-scholarships-detail.aspx?lang=en&pagesize=2191&curPage=1&studyLevelfilter=High School&scholarshipId=2014307,High School,N/A,
Alaska Sea Service Scholarship,/Toolkit/Training/find-scholarships-detail.aspx?lang=en&pagesize=2191&curPage=1&studyLevelfilter=High School&scholarshipId=9992663,High School,"$1,000",
Alaska State Grants and Scholarships,/Toolkit/Training/find-scholarships-detail.aspx?lang=en&pagesize=2191&curPage=1&studyLevelfilter=High School&scholarshipId=2014310,High School,N/A,
Albert Levinson Scholarship,/Toolkit/Training/find-scholarships-detail.aspx?lang=en&pagesize=2191&curPage=1&studyLevelfilter=High School&scholarshipId=9992656,High School,"$10,000",
Alda J. Gunn Scholarship,/Toolkit/Training/find-scholarships-detail.aspx?lang=en&pagesize=2191&curPage=1&studyLevelfilter=High School&scholarshipId=9995263,High School,N/A,
American Acne and Rosacea Society Mentorship Grant,/Toolkit/Training/find-scholarships-detail.aspx?lang=en&pagesize=2191&curPage=1&studyLevelfilter=High School&scholarshipId=9999669,High School,N/A,
American GI Forum of San Jose Scholarships,/Toolkit/Training/find-scholarships-detail.aspx?lang=en&pagesize=2191&curPage=1&studyLevelfilter=High School&scholarshipId=9990848,High School,"$1,000",
Amur-Maggie Larchick Memorial Scholarship,/Toolkit/Training/find-scholarships-detail.aspx?lang=en&pagesize=2191&curPage=1&studyLevelfilter=High School&scholarshipId=9995247,High School,N/A,
Amy A. Ross Scholarship in Bioscience,/Toolkit/Training/find-scholarships-detail.aspx?lang=en&pagesize=2191&curPage=1&studyLevelfilter=High School&scholarshipId=9991887,High School,"$2,000",
Ann E. Clark Scholarship,/Toolkit/Training/find-scholarships-detail.aspx?lang=en&pagesize=2191&curPage=1&studyLevelfilter=High School&scholarshipId=9992659,High School,"$10,000",
Anne Sturrock Nursing Scholarship Fund,/Toolkit/Training/find-scholarships-detail.aspx?lang=en&pagesize=2191&curPage=1&studyLevelfilter=High School&scholarshipId=9997307,High School,"$7,800",
AOK Ladies Scholarship,/Toolkit/Training/find-scholarships-detail.aspx?lang=en&pagesize=2191&curPage=1&studyLevelfilter=High School&scholarshipId=9995288,High School,N/A,
APF High School Psychology Outreach Grants,/Toolkit/Training/find-scholarships-detail.aspx?lang=en&pagesize=2191&curPage=1&studyLevelfilter=High School&scholarshipId=9999074,High School,$500,
Arizona State Grants and Scholarships,/Toolkit/Training/find-scholarships-detail.aspx?lang=en&pagesize=2191&curPage=1&studyLevelfilter=High School&scholarshipId=2014311,High School,N/A,
Arkansas State Grants and Scholarships,/Toolkit/Training/find-scholarships-detail.aspx?lang=en&pagesize=2191&curPage=1&studyLevelfilter=High School&scholarshipId=2014312,High School,N/A,
Arline Clark Scholarship,/Toolkit/Training/find-scholarships-detail.aspx?lang=en&pagesize=2191&curPage=1&studyLevelfilter=High School&scholarshipId=9995278,High School,N/A,
Arthur H. Goodman Memorial Scholarship,/Toolkit/Training/find-scholarships-detail.aspx?lang=en&pagesize=2191&curPage=1&studyLevelfilter=High School&scholarshipId=9990903,High School,N/A,
Arthur Klinkacek Scholarship-Centura,/Toolkit/Training/find-scholarships-detail.aspx?lang=en&pagesize=2191&curPage=1&studyLevelfilter=High School&scholarshipId=9995250,High School,N/A,
ASCPA High School Scholarships,/Toolkit/Training/find-scholarships-detail.aspx?lang=en&pagesize=2191&curPage=1&studyLevelfilter=High School&scholarshipId=9998677,High School,"$1,000",
ASCPA Private University Scholarships,/Toolkit/Training/find-scholarships-detail.aspx?lang=en&pagesize=2191&curPage=1&studyLevelfilter=High School&scholarshipId=9998676,High School,"$2,000",
ASLMS Educational Grants,/Toolkit/Training/find-scholarships-detail.aspx?lang=en&pagesize=2191&curPage=1&studyLevelfilter=High School&scholarshipId=9998909,High School,N/A,
Associated Staffing Skilled Trades Scholarship,/Toolkit/Training/find-scholarships-detail.aspx?lang=en&pagesize=2191&curPage=1&studyLevelfilter=High School&scholarshipId=9995287,High School,N/A,
Aurelia Varallo Mariani Scholarship,/Toolkit/Training/find-scholarships-detail.aspx?lang=en&pagesize=2191&curPage=1&studyLevelfilter=High School&scholarshipId=9993168,High School,N/A,
Ball Corporation Trades SkillPointe Scholarship,/Toolkit/Training/find-scholarships-detail.aspx?lang=en&pagesize=2191&curPage=1&studyLevelfilter=High School&scholarshipId=2015467,High School,"$5,000",
Bernard and JoAnn Kisner Scholarship,/Toolkit/Training/find-scholarships-detail.aspx?lang=en&pagesize=2191&curPage=1&studyLevelfilter=High School&scholarshipId=9995252,High School,N/A,
Betty J. and Jack B. Adams Memorial Scholarship,/Toolkit/Training/find-scholarships-detail.aspx?lang=en&pagesize=2191&curPage=1&studyLevelfilter=High School&scholarshipId=9995292,High School,N/A,
Bill Marshall Academic/Athletic Scholarship,/Toolkit/Training/find-scholarships-detail.aspx?lang=en&pagesize=2191&curPage=1&studyLevelfilter=High School&scholarshipId=9995241,High School,N/A,
Bobette Bibo Gugliotta Memorial Scholarships for Creative Writing,/Toolkit/Training/find-scholarships-detail.aspx?lang=en&pagesize=2191&curPage=1&studyLevelfilter=High School&scholarshipId=9990660,High School,"$1,000",
Bonnie Sorenson Scudder Memorial Scholarship,/Toolkit/Training/find-scholarships-detail.aspx?lang=en&pagesize=2191&curPage=1&studyLevelfilter=High School&scholarshipId=9996845,High School,N/A,
Bruce and Betty Alberts Endowed Scholarship in Physiology,/Toolkit/Training/find-scholarships-detail.aspx?lang=en&pagesize=2191&curPage=1&studyLevelfilter=High School&scholarshipId=9993616,High School,N/A,
BSF General Scholarship Awards,/Toolkit/Training/find-scholarships-detail.aspx?lang=en&pagesize=2191&curPage=1&studyLevelfilter=High School&scholarshipId=9998160,High School,N/A,
CAA National Capital Region Writing Contest,/Toolkit/Training/find-scholarships-detail.aspx?lang=en&pagesize=2191&curPage=1&studyLevelfilter=High School&scholarshipId=9997812,High School,$100,
California State Grants and Scholarships,/Toolkit/Training/find-scholarships-detail.aspx?lang=en&pagesize=2191&curPage=1&studyLevelfilter=High School&scholarshipId=2014313,High School,N/A,
"CAPT Ernest G. ""Scotty"" Campbell, USN (Ret) and Renee Campbell",/Toolkit/Training/find-scholarships-detail.aspx?lang=en&pagesize=2191&curPage=1&studyLevelfilter=High School&scholarshipId=9992660,High School,"$10,000",
Carl E. Brooks Scholarship Fund,/Toolkit/Training/find-scholarships-detail.aspx?lang=en&pagesize=2191&curPage=1&studyLevelfilter=High School&scholarshipId=9997337,High School,"$2,000",
Casey & Vivian Damratowski Scholarship,/Toolkit/Training/find-scholarships-detail.aspx?lang=en&pagesize=2191&curPage=1&studyLevelfilter=High School&scholarshipId=9995275,High School,N/A,
CDA Foundation Dental Student Scholarship,/Toolkit/Training/find-scholarships-detail.aspx?lang=en&pagesize=2191&curPage=1&studyLevelfilter=High School&scholarshipId=9997608,High School,"$5,000",
Charles Fred Wonson Scholarship,/Toolkit/Training/find-scholarships-detail.aspx?lang=en&pagesize=2191&curPage=1&studyLevelfilter=High School&scholarshipId=9989477,High School,N/A,
Chet And Janett Perry Rotary Club Of Fort Myers Scholarship Fund,/Toolkit/Training/find-scholarships-detail.aspx?lang=en&pagesize=2191&curPage=1&studyLevelfilter=High School&scholarshipId=9997336,High School,N/A,
Cheyenne High School Desert Shields Scholarship,/Toolkit/Training/find-scholarships-detail.aspx?lang=en&pagesize=2191&curPage=1&studyLevelfilter=High School&scholarshipId=9991200,High School,"$1,000",
Chicana Latina Foundation Scholarship Program,/Toolkit/Training/find-scholarships-detail.aspx?lang=en&pagesize=2191&curPage=1&studyLevelfilter=High School&scholarshipId=9997559,High School,"$1,500",
Children of Members Scholarship,/Toolkit/Training/find-scholarships-detail.aspx?lang=en&pagesize=2191&curPage=1&studyLevelfilter=High School&scholarshipId=9992016,High School,"$1,400",
Chip Johnson Memorial Scholarship Fund,/Toolkit/Training/find-scholarships-detail.aspx?lang=en&pagesize=2191&curPage=1&studyLevelfilter=High School&scholarshipId=9997334,High School,"$4,000",
Chris Hiatt Scholarship,/Toolkit/Training/find-scholarships-detail.aspx?lang=en&pagesize=2191&curPage=1&studyLevelfilter=High School&scholarshipId=9995256,High School,N/A,
Christmas Tree Chapter Scholarship Awards,/Toolkit/Training/find-scholarships-detail.aspx?lang=en&pagesize=2191&curPage=1&studyLevelfilter=High School&scholarshipId=9991953,High School,$500,
Chuck Peacock Memorial Scholarship,/Toolkit/Training/find-scholarships-detail.aspx?lang=en&pagesize=2191&curPage=1&studyLevelfilter=High School&scholarshipId=9999887,High School,"$1,000",
Clark High School Academy of Finance Scholarship,/Toolkit/Training/find-scholarships-detail.aspx?lang=en&pagesize=2191&curPage=1&studyLevelfilter=High School&scholarshipId=9991198,High School,"$1,000",
Clayton L and Verna G Robb Memorial Scholarship,/Toolkit/Training/find-scholarships-detail.aspx?lang=en&pagesize=2191&curPage=1&studyLevelfilter=High School&scholarshipId=9995230,High School,N/A,
Colorado State Grants and Scholarships,/Toolkit/Training/find-scholarships-detail.aspx?lang=en&pagesize=2191&curPage=1&studyLevelfilter=High School&scholarshipId=2014314,High School,N/A,
Columbus Citizens Foundation College Scholarships,/Toolkit/Training/find-scholarships-detail.aspx?lang=en&pagesize=2191&curPage=1&studyLevelfilter=High School&scholarshipId=9997268,High School,N/A,
Columbus Citizens Foundation High School Scholarships,/Toolkit/Training/find-scholarships-detail.aspx?lang=en&pagesize=2191&curPage=1&studyLevelfilter=High School&scholarshipId=9997267,High School,N/A,
Connecticut State Grants and Scholarships,/Toolkit/Training/find-scholarships-detail.aspx?lang=en&pagesize=2191&curPage=1&studyLevelfilter=High School&scholarshipId=2014315,High School,N/A,
COUSE-Gram Scholarship Fund,/Toolkit/Training/find-scholarships-detail.aspx?lang=en&pagesize=2191&curPage=1&studyLevelfilter=High School&scholarshipId=9997332,High School,"$5,000",
Craig Robertshaw Memorial Scholarship,/Toolkit/Training/find-scholarships-detail.aspx?lang=en&pagesize=2191&curPage=1&studyLevelfilter=High School&scholarshipId=9995229,High School,N/A,
Crain Scholarship Program,/Toolkit/Training/find-scholarships-detail.aspx?lang=en&pagesize=2191&curPage=1&studyLevelfilter=High School&scholarshipId=9990664,High School,"$5,000",
CTSI Collaborative Translational Pilot Project Program,/Toolkit/Training/find-scholarships-detail.aspx?lang=en&pagesize=2191&curPage=1&studyLevelfilter=High School&scholarshipId=9992514,High School,"$50,000",
Curry Awards for Girls and Young Women,/Toolkit/Training/find-scholarships-detail.aspx?lang=en&pagesize=2191&curPage=1&studyLevelfilter=High School&scholarshipId=9990663,High School,"$1,000",
David Arver Memorial Scholarship,/Toolkit/Training/find-scholarships-detail.aspx?lang=en&pagesize=2191&curPage=1&studyLevelfilter=High School&scholarshipId=9999894,High School,"$1,000",
David G. Robinson Arts Scholarship Fund,/Toolkit/Training/find-scholarships-detail.aspx?lang=en&pagesize=2191&curPage=1&studyLevelfilter=High School&scholarshipId=9997330,High School,"$2,350",
David J. Moynihan Scholarships,/Toolkit/Training/find-scholarships-detail.aspx?lang=en&pagesize=2191&curPage=1&studyLevelfilter=High School&scholarshipId=9992532,High School,"$1,250",
Delaware State Grants and Scholarships,/Toolkit/Training/find-scholarships-detail.aspx?lang=en&pagesize=2191&curPage=1&studyLevelfilter=High School&scholarshipId=2014316,High School,N/A,
Distinguished Young Women - Cash Scholarships,/Toolkit/Training/find-scholarships-detail.aspx?lang=en&pagesize=2191&curPage=1&studyLevelfilter=High School&scholarshipId=9996240,High School,N/A,
District of Columbia Grants and Scholarships,/Toolkit/Training/find-scholarships-detail.aspx?lang=en&pagesize=2191&curPage=1&studyLevelfilter=High School&scholarshipId=2014359,High School,N/A,
Doc Keen Memorial Scholarship Fund,/Toolkit/Training/find-scholarships-detail.aspx?lang=en&pagesize=2191&curPage=1&studyLevelfilter=High School&scholarshipId=9997329,High School,$750,
Doniphan Community Foundation Scholarships,/Toolkit/Training/find-scholarships-detail.aspx?lang=en&pagesize=2191&curPage=1&studyLevelfilter=High School&scholarshipId=9995274,High School,N/A,
Doniphan Veterans Memorial Park Scholarship,/Toolkit/Training/find-scholarships-detail.aspx?lang=en&pagesize=2191&curPage=1&studyLevelfilter=High School&scholarshipId=9995273,High School,N/A,
Doris W. Frey Memorial Scholarship Fund,/Toolkit/Training/find-scholarships-detail.aspx?lang=en&pagesize=2191&curPage=1&studyLevelfilter=High School&scholarshipId=9997324,High School,N/A,
Dorothy Schulz Scholarship,/Toolkit/Training/find-scholarships-detail.aspx?lang=en&pagesize=2191&curPage=1&studyLevelfilter=High School&scholarshipId=9995227,High School,N/A,
Dunbar Heritage Scholarship Fund,/Toolkit/Training/find-scholarships-detail.aspx?lang=en&pagesize=2191&curPage=1&studyLevelfilter=High School&scholarshipId=9997327,High School,"$1,900",
Dutch and Ginger Arver Scholarship,/Toolkit/Training/find-scholarships-detail.aspx?lang=en&pagesize=2191&curPage=1&studyLevelfilter=High School&scholarshipId=9999893,High School,"$1,000",
Dystonia Medical Research Foundation Clinical Fellowships,/Toolkit/Training/find-scholarships-detail.aspx?lang=en&pagesize=2191&curPage=1&studyLevelfilter=High School&scholarshipId=9996093,High School,N/A,
Edgar Barge Memorial Scholarship,/Toolkit/Training/find-scholarships-detail.aspx?lang=en&pagesize=2191&curPage=1&studyLevelfilter=High School&scholarshipId=9995284,High School,N/A,
Edsel Newman Scholarships,/Toolkit/Training/find-scholarships-detail.aspx?lang=en&pagesize=2191&curPage=1&studyLevelfilter=High School&scholarshipId=9993752,High School,"$2,000",
Edward Yoshiharu Sakuma & Kay Kubo Sakuma Early Childhood,/Toolkit/Training/find-scholarships-detail.aspx?lang=en&pagesize=2191&curPage=1&studyLevelfilter=High School&scholarshipId=9994810,High School,N/A,
Emerald Empire Chapter Scholarship Awards,/Toolkit/Training/find-scholarships-detail.aspx?lang=en&pagesize=2191&curPage=1&studyLevelfilter=High School&scholarshipId=9991949,High School,N/A,
Employment Boost College Scholarship,/Toolkit/Training/find-scholarships-detail.aspx?lang=en&pagesize=2191&curPage=1&studyLevelfilter=High School&scholarshipId=9995982,High School,"$1,000",
Ernest M. and Ethel L. Lepin Scholarship,/Toolkit/Training/find-scholarships-detail.aspx?lang=en&pagesize=2191&curPage=1&studyLevelfilter=High School&scholarshipId=9995244,High School,N/A,
Escondido High School (EHS) Class of '56 Scholarship,/Toolkit/Training/find-scholarships-detail.aspx?lang=en&pagesize=2191&curPage=1&studyLevelfilter=High School&scholarshipId=9990905,High School,N/A,
Eugene Billesbach Scholarship,/Toolkit/Training/find-scholarships-detail.aspx?lang=en&pagesize=2191&curPage=1&studyLevelfilter=High School&scholarshipId=9995281,High School,N/A,
Fallen Heroes Scholarship Fund,/Toolkit/Training/find-scholarships-detail.aspx?lang=en&pagesize=2191&curPage=1&studyLevelfilter=High School&scholarshipId=9997427,High School,N/A,
FAMU Presidential Special Scholarship,/Toolkit/Training/find-scholarships-detail.aspx?lang=en&pagesize=2191&curPage=1&studyLevelfilter=High School&scholarshipId=9995744,High School,N/A,
Faye Lynn Roberts Education Scholarship Fund,/Toolkit/Training/find-scholarships-detail.aspx?lang=en&pagesize=2191&curPage=1&studyLevelfilter=High School&scholarshipId=9997309,High School,$750,
Federal Court Bench and Bar Scholarship,/Toolkit/Training/find-scholarships-detail.aspx?lang=en&pagesize=2191&curPage=1&studyLevelfilter=High School&scholarshipId=9989564,High School,N/A,
Field Aviation Co. Inc. Scholarship,/Toolkit/Training/find-scholarships-detail.aspx?lang=en&pagesize=2191&curPage=1&studyLevelfilter=High School&scholarshipId=9999890,High School,"$1,000",
Florida State Grants and Scholarships,/Toolkit/Training/find-scholarships-detail.aspx?lang=en&pagesize=2191&curPage=1&studyLevelfilter=High School&scholarshipId=2014319,High School,N/A,
Francis Harris Gresham Scholarship Fund,/Toolkit/Training/find-scholarships-detail.aspx?lang=en&pagesize=2191&curPage=1&studyLevelfilter=High School&scholarshipId=9997325,High School,"$1,500",
Frederick Burkhardt Residential Fellowships for Recently Tenured,/Toolkit/Training/find-scholarships-detail.aspx?lang=en&pagesize=2191&curPage=1&studyLevelfilter=High School&scholarshipId=9999420,High School,"$3,000",
Fritz and Nora Obermiller Memorial Scholarship,/Toolkit/Training/find-scholarships-detail.aspx?lang=en&pagesize=2191&curPage=1&studyLevelfilter=High School&scholarshipId=9995236,High School,N/A,
George Cowton Rotary Scholarship,/Toolkit/Training/find-scholarships-detail.aspx?lang=en&pagesize=2191&curPage=1&studyLevelfilter=High School&scholarshipId=9995276,High School,N/A,
George E. Judd Scholarship Fund,/Toolkit/Training/find-scholarships-detail.aspx?lang=en&pagesize=2191&curPage=1&studyLevelfilter=High School&scholarshipId=9997323,High School,"$5,300",
George Wanitschke Family Scholarship,/Toolkit/Training/find-scholarships-detail.aspx?lang=en&pagesize=2191&curPage=1&studyLevelfilter=High School&scholarshipId=9995218,High School,N/A,
Georgia State Grants and Scholarships,/Toolkit/Training/find-scholarships-detail.aspx?lang=en&pagesize=2191&curPage=1&studyLevelfilter=High School&scholarshipId=2014320,High School,N/A,
GI Area Retired School Personnel/Susan Wiese Educational Memorial,/Toolkit/Training/find-scholarships-detail.aspx?lang=en&pagesize=2191&curPage=1&studyLevelfilter=High School&scholarshipId=9995267,High School,N/A,
Gloria and J. Michael McGrath Scholarship,/Toolkit/Training/find-scholarships-detail.aspx?lang=en&pagesize=2191&curPage=1&studyLevelfilter=High School&scholarshipId=9992655,High School,"$10,000",
Goodfellow Memorial Senior Operatic Scholarship,/Toolkit/Training/find-scholarships-detail.aspx?lang=en&pagesize=2191&curPage=1&studyLevelfilter=High School&scholarshipId=9990827,High School,N/A,
GRACE Cancer Foundation Scholarship,/Toolkit/Training/find-scholarships-detail.aspx?lang=en&pagesize=2191&curPage=1&studyLevelfilter=High School&scholarshipId=9995265,High School,N/A,
Grand Canyon Historical Society Scholarships,/Toolkit/Training/find-scholarships-detail.aspx?lang=en&pagesize=2191&curPage=1&studyLevelfilter=High School&scholarshipId=9995426,High School,"$1,500",
Grand Island Board of Realtors Scholarship,/Toolkit/Training/find-scholarships-detail.aspx?lang=en&pagesize=2191&curPage=1&studyLevelfilter=High School&scholarshipId=9995264,High School,N/A,
Gwynedd Mercy University Presidential Scholarship,/Toolkit/Training/find-scholarships-detail.aspx?lang=en&pagesize=2191&curPage=1&studyLevelfilter=High School&scholarshipId=9995102,High School,N/A,
Habitat for Humanity Scholarship,/Toolkit/Training/find-scholarships-detail.aspx?lang=en&pagesize=2191&curPage=1&studyLevelfilter=High School&scholarshipId=9995262,High School,N/A,
Hall County Medical Society Scholarship,/Toolkit/Training/find-scholarships-detail.aspx?lang=en&pagesize=2191&curPage=1&studyLevelfilter=High School&scholarshipId=9995261,High School,N/A,
Harold B. Halter Memorial Scholarship,/Toolkit/Training/find-scholarships-detail.aspx?lang=en&pagesize=2191&curPage=1&studyLevelfilter=High School&scholarshipId=9995848,High School,"$1,000",
Harold Wirth Scholarship,/Toolkit/Training/find-scholarships-detail.aspx?lang=en&pagesize=2191&curPage=1&studyLevelfilter=High School&scholarshipId=9992645,High School,"$10,000",
Hawaii State Grants and Scholarships,/Toolkit/Training/find-scholarships-detail.aspx?lang=en&pagesize=2191&curPage=1&studyLevelfilter=High School&scholarshipId=2014321,High School,N/A,
Helen R. (Finley) Loescher and Stephen B. Loescher Scholarship,/Toolkit/Training/find-scholarships-detail.aspx?lang=en&pagesize=2191&curPage=1&studyLevelfilter=High School&scholarshipId=9996863,High School,N/A,
Herman J. Smith Scholarship,/Toolkit/Training/find-scholarships-detail.aspx?lang=en&pagesize=2191&curPage=1&studyLevelfilter=High School&scholarshipId=9992892,High School,N/A,
Howard and Gladys Eakes Memorial Scholarship,/Toolkit/Training/find-scholarships-detail.aspx?lang=en&pagesize=2191&curPage=1&studyLevelfilter=High School&scholarshipId=9995272,High School,N/A,
IACP University and College Police Section Scholarship,/Toolkit/Training/find-scholarships-detail.aspx?lang=en&pagesize=2191&curPage=1&studyLevelfilter=High School&scholarshipId=9994426,High School,"$1,000",
Idaho State Grants and Scholarships,/Toolkit/Training/find-scholarships-detail.aspx?lang=en&pagesize=2191&curPage=1&studyLevelfilter=High School&scholarshipId=2014322,High School,N/A,
Illinois State Grants and Scholarships,/Toolkit/Training/find-scholarships-detail.aspx?lang=en&pagesize=2191&curPage=1&studyLevelfilter=High School&scholarshipId=2014323,High School,N/A,
Imagine America College Scholarships for High School Students,/Toolkit/Training/find-scholarships-detail.aspx?lang=en&pagesize=2191&curPage=1&studyLevelfilter=High School&scholarshipId=9994532,High School,"$1,000",
Imagine America Scholarships for Adults,/Toolkit/Training/find-scholarships-detail.aspx?lang=en&pagesize=2191&curPage=1&studyLevelfilter=High School&scholarshipId=9994530,High School,"$1,000",
Indiana State Grants and Scholarships,/Toolkit/Training/find-scholarships-detail.aspx?lang=en&pagesize=2191&curPage=1&studyLevelfilter=High School&scholarshipId=2014324,High School,N/A,
Institute Andrew W. Mellon Postdoctoral Research Fellowships,/Toolkit/Training/find-scholarships-detail.aspx?lang=en&pagesize=2191&curPage=1&studyLevelfilter=High School&scholarshipId=9992008,High School,N/A,
Iowa State Grants and Scholarships,/Toolkit/Training/find-scholarships-detail.aspx?lang=en&pagesize=2191&curPage=1&studyLevelfilter=High School&scholarshipId=2014325,High School,N/A,
Isabel Mayer Kirkpatrick Scholarship Fund,/Toolkit/Training/find-scholarships-detail.aspx?lang=en&pagesize=2191&curPage=1&studyLevelfilter=High School&scholarshipId=9997322,High School,"$5,600",
James A. Gembala Scholarship,/Toolkit/Training/find-scholarships-detail.aspx?lang=en&pagesize=2191&curPage=1&studyLevelfilter=High School&scholarshipId=9995268,High School,N/A,
James P. and Joy Y. Zana Scholarship,/Toolkit/Training/find-scholarships-detail.aspx?lang=en&pagesize=2191&curPage=1&studyLevelfilter=High School&scholarshipId=9995213,High School,N/A,
James P. Irish Scholarship,/Toolkit/Training/find-scholarships-detail.aspx?lang=en&pagesize=2191&curPage=1&studyLevelfilter=High School&scholarshipId=9996202,High School,N/A,
Jami Harper Nebraska Children's Groundwater Festival Scholarship,/Toolkit/Training/find-scholarships-detail.aspx?lang=en&pagesize=2191&curPage=1&studyLevelfilter=High School&scholarshipId=9995258,High School,N/A,
Jami Harper Youth Leadership Tomorrow Scholarship,/Toolkit/Training/find-scholarships-detail.aspx?lang=en&pagesize=2191&curPage=1&studyLevelfilter=High School&scholarshipId=9995257,High School,N/A,
Jennifer Curtis Byler Scholarship,/Toolkit/Training/find-scholarships-detail.aspx?lang=en&pagesize=2191&curPage=1&studyLevelfilter=High School&scholarshipId=9992706,High School,"$5,000",
Jerome and Linda Lobner Scholarship,/Toolkit/Training/find-scholarships-detail.aspx?lang=en&pagesize=2191&curPage=1&studyLevelfilter=High School&scholarshipId=9995243,High School,N/A,
Jewell H. Bonner Scholarship,/Toolkit/Training/find-scholarships-detail.aspx?lang=en&pagesize=2191&curPage=1&studyLevelfilter=High School&scholarshipId=9992662,High School,"$10,000",
Jim and Dee Price Family Scholarship,/Toolkit/Training/find-scholarships-detail.aspx?lang=en&pagesize=2191&curPage=1&studyLevelfilter=High School&scholarshipId=9995234,High School,N/A,
Joan Lau Memorial Scholarship,/Toolkit/Training/find-scholarships-detail.aspx?lang=en&pagesize=2191&curPage=1&studyLevelfilter=High School&scholarshipId=9995246,High School,N/A,
JoAnne Adams Scholarship,/Toolkit/Training/find-scholarships-detail.aspx?lang=en&pagesize=2191&curPage=1&studyLevelfilter=High School&scholarshipId=9995291,High School,N/A,
John & Ruth Childe Scholarship Fund,/Toolkit/Training/find-scholarships-detail.aspx?lang=en&pagesize=2191&curPage=1&studyLevelfilter=High School&scholarshipId=9997335,High School,N/A,
John G. Brokaw Scholarship,/Toolkit/Training/find-scholarships-detail.aspx?lang=en&pagesize=2191&curPage=1&studyLevelfilter=High School&scholarshipId=9992657,High School,"$10,000",
John I. & Madeleine R. Taeni Scholarship Fund,/Toolkit/Training/find-scholarships-detail.aspx?lang=en&pagesize=2191&curPage=1&studyLevelfilter=High School&scholarshipId=9997320,High School,"$5,150",
"John J. Schiff, Sr. Scholarship",/Toolkit/Training/find-scholarships-detail.aspx?lang=en&pagesize=2191&curPage=1&studyLevelfilter=High School&scholarshipId=9992651,High School,"$10,000",
John Lewis Writing Grants,/Toolkit/Training/find-scholarships-detail.aspx?lang=en&pagesize=2191&curPage=1&studyLevelfilter=High School&scholarshipId=9995492,High School,$500,
Johnny Davis Memorial Scholarship,/Toolkit/Training/find-scholarships-detail.aspx?lang=en&pagesize=2191&curPage=1&studyLevelfilter=High School&scholarshipId=9999892,High School,"$1,000",
Jonathan Alan Scholarship,/Toolkit/Training/find-scholarships-detail.aspx?lang=en&pagesize=2191&curPage=1&studyLevelfilter=High School&scholarshipId=9989200,High School,N/A,
Jordan Abdo Memorial Scholarship Fund,/Toolkit/Training/find-scholarships-detail.aspx?lang=en&pagesize=2191&curPage=1&studyLevelfilter=High School&scholarshipId=9997318,High School,"$1,400",
Josephine Ringold Scholarship,/Toolkit/Training/find-scholarships-detail.aspx?lang=en&pagesize=2191&curPage=1&studyLevelfilter=High School&scholarshipId=9995331,High School,N/A,
Judge William J. Nelson Scholarship Fund,/Toolkit/Training/find-scholarships-detail.aspx?lang=en&pagesize=2191&curPage=1&studyLevelfilter=High School&scholarshipId=9997317,High School,"$1,200",
Kansas State Grants and Scholarships,/Toolkit/Training/find-scholarships-detail.aspx?lang=en&pagesize=2191&curPage=1&studyLevelfilter=High School&scholarshipId=2014326,High School,N/A,
Karen A. Connick Memorial Scholarship,/Toolkit/Training/find-scholarships-detail.aspx?lang=en&pagesize=2191&curPage=1&studyLevelfilter=High School&scholarshipId=9995277,High School,N/A,
Keith C. and Doris M. Moeller Memorial Scholarship,/Toolkit/Training/find-scholarships-detail.aspx?lang=en&pagesize=2191&curPage=1&studyLevelfilter=High School&scholarshipId=9995237,High School,N/A,
Ken and Jalaine Leetch Trade Scholarship,/Toolkit/Training/find-scholarships-detail.aspx?lang=en&pagesize=2191&curPage=1&studyLevelfilter=High School&scholarshipId=9995245,High School,N/A,
Kentucky State Grants and Scholarships,/Toolkit/Training/find-scholarships-detail.aspx?lang=en&pagesize=2191&curPage=1&studyLevelfilter=High School&scholarshipId=2014327,High School,N/A,
Knights of Columbus Council No. 5455 Scholarship,/Toolkit/Training/find-scholarships-detail.aspx?lang=en&pagesize=2191&curPage=1&studyLevelfilter=High School&scholarshipId=9995249,High School,N/A,
LA Tutors 123 Innovation in Education Scholarship,/Toolkit/Training/find-scholarships-detail.aspx?lang=en&pagesize=2191&curPage=1&studyLevelfilter=High School&scholarshipId=9993881,High School,$500,
Lee Tarbox Memorial Scholarship,/Toolkit/Training/find-scholarships-detail.aspx?lang=en&pagesize=2191&curPage=1&studyLevelfilter=High School&scholarshipId=9999885,High School,"$2,500",
Lee Womack Scholarship,/Toolkit/Training/find-scholarships-detail.aspx?lang=en&pagesize=2191&curPage=1&studyLevelfilter=High School&scholarshipId=9993233,High School,N/A,
Lester G. Benz Memorial Scholarship for College Journalism Study,/Toolkit/Training/find-scholarships-detail.aspx?lang=en&pagesize=2191&curPage=1&studyLevelfilter=High School&scholarshipId=9991140,High School,$500,
Lewis B. Barber Memorial Scholarship Fund,/Toolkit/Training/find-scholarships-detail.aspx?lang=en&pagesize=2191&curPage=1&studyLevelfilter=High School&scholarshipId=9997338,High School,"$5,000",
Live Out Loud Young Trailblazers Scholarship,/Toolkit/Training/find-scholarships-detail.aspx?lang=en&pagesize=2191&curPage=1&studyLevelfilter=High School&scholarshipId=9993731,High School,"$5,000",
Lloyd F. Hutt Scholarship,/Toolkit/Training/find-scholarships-detail.aspx?lang=en&pagesize=2191&curPage=1&studyLevelfilter=High School&scholarshipId=9993877,High School,"$2,000",
Lois and Harold Hanshew Scholarship,/Toolkit/Training/find-scholarships-detail.aspx?lang=en&pagesize=2191&curPage=1&studyLevelfilter=High School&scholarshipId=9995260,High School,N/A,
Lois L. Badura/Kaminski Scholarship,/Toolkit/Training/find-scholarships-detail.aspx?lang=en&pagesize=2191&curPage=1&studyLevelfilter=High School&scholarshipId=9995286,High School,N/A,
Lori Lee Kondo Scholarship Fund,/Toolkit/Training/find-scholarships-detail.aspx?lang=en&pagesize=2191&curPage=1&studyLevelfilter=High School&scholarshipId=9994877,High School,N/A,
Louis B. Sohn Fellowships in Human Rights and Environment,/Toolkit/Training/find-scholarships-detail.aspx?lang=en&pagesize=2191&curPage=1&studyLevelfilter=High School&scholarshipId=9997598,High School,N/A,
Louisiana State Grants and Scholarships,/Toolkit/Training/find-scholarships-detail.aspx?lang=en&pagesize=2191&curPage=1&studyLevelfilter=High School&scholarshipId=2014328,High School,N/A,
Loup City Schools - Charles and Mildred Peterson Scholarship,/Toolkit/Training/find-scholarships-detail.aspx?lang=en&pagesize=2191&curPage=1&studyLevelfilter=High School&scholarshipId=9995242,High School,N/A,
Love Of Bonita Empowerment Scholarship Fund,/Toolkit/Training/find-scholarships-detail.aspx?lang=en&pagesize=2191&curPage=1&studyLevelfilter=High School&scholarshipId=9997316,High School,"$1,000",
Lucille Toczek Schuett Memorial Scholarship,/Toolkit/Training/find-scholarships-detail.aspx?lang=en&pagesize=2191&curPage=1&studyLevelfilter=High School&scholarshipId=9995228,High School,N/A,
Lydia Cruz and Sandra Maria Ramos Scholarships,/Toolkit/Training/find-scholarships-detail.aspx?lang=en&pagesize=2191&curPage=1&studyLevelfilter=High School&scholarshipId=9996301,High School,N/A,
Maine State Grants and Scholarships,/Toolkit/Training/find-scholarships-detail.aspx?lang=en&pagesize=2191&curPage=1&studyLevelfilter=High School&scholarshipId=2014329,High School,N/A,
Mansfield Soccer Association Scholarship,/Toolkit/Training/find-scholarships-detail.aspx?lang=en&pagesize=2191&curPage=1&studyLevelfilter=High School&scholarshipId=9993625,High School,"$1,000",
Marion Maccarrell Scott Scholarship,/Toolkit/Training/find-scholarships-detail.aspx?lang=en&pagesize=2191&curPage=1&studyLevelfilter=High School&scholarshipId=9994800,High School,N/A,
Mary Pickford Scholarships,/Toolkit/Training/find-scholarships-detail.aspx?lang=en&pagesize=2191&curPage=1&studyLevelfilter=High School&scholarshipId=9998281,High School,N/A,
Maryland State Grants and Scholarships,/Toolkit/Training/find-scholarships-detail.aspx?lang=en&pagesize=2191&curPage=1&studyLevelfilter=High School&scholarshipId=2014330,High School,N/A,
Massachusetts State Grants and Scholarships,/Toolkit/Training/find-scholarships-detail.aspx?lang=en&pagesize=2191&curPage=1&studyLevelfilter=High School&scholarshipId=2014331,High School,N/A,
Matt Harmon Memorial Scholarship Fund,/Toolkit/Training/find-scholarships-detail.aspx?lang=en&pagesize=2191&curPage=1&studyLevelfilter=High School&scholarshipId=9997315,High School,$900,
McCleary Law Fellows Program,/Toolkit/Training/find-scholarships-detail.aspx?lang=en&pagesize=2191&curPage=1&studyLevelfilter=High School&scholarshipId=9994576,High School,N/A,
MCRTA Book Scholarships,/Toolkit/Training/find-scholarships-detail.aspx?lang=en&pagesize=2191&curPage=1&studyLevelfilter=High School&scholarshipId=9993322,High School,$250,
Michael and Audrey Pitcher Scholarship,/Toolkit/Training/find-scholarships-detail.aspx?lang=en&pagesize=2191&curPage=1&studyLevelfilter=High School&scholarshipId=9995235,High School,N/A,
Michigan State Grants and Scholarships,/Toolkit/Training/find-scholarships-detail.aspx?lang=en&pagesize=2191&curPage=1&studyLevelfilter=High School&scholarshipId=2014640,High School,N/A,
Mickey Donnelly Memorial Scholarship,/Toolkit/Training/find-scholarships-detail.aspx?lang=en&pagesize=2191&curPage=1&studyLevelfilter=High School&scholarshipId=9991184,High School,"$1,000",
Mid-Continent Instruments and Avionics Scholarship,/Toolkit/Training/find-scholarships-detail.aspx?lang=en&pagesize=2191&curPage=1&studyLevelfilter=High School&scholarshipId=9999889,High School,"$1,000",
Mike and Betty Ben Paddling Scholarship Fund,/Toolkit/Training/find-scholarships-detail.aspx?lang=en&pagesize=2191&curPage=1&studyLevelfilter=High School&scholarshipId=9995001,High School,N/A,
Mina Schumann Scholarship,/Toolkit/Training/find-scholarships-detail.aspx?lang=en&pagesize=2191&curPage=1&studyLevelfilter=High School&scholarshipId=9995226,High School,N/A,
Minnesota State Grants and Scholarships,/Toolkit/Training/find-scholarships-detail.aspx?lang=en&pagesize=2191&curPage=1&studyLevelfilter=High School&scholarshipId=2014332,High School,N/A,
Minton-Spidell-Jackowski Point Scholarship,/Toolkit/Training/find-scholarships-detail.aspx?lang=en&pagesize=2191&curPage=1&studyLevelfilter=High School&scholarshipId=9991331,High School,N/A,
Mississippi State Grants and Scholarships,/Toolkit/Training/find-scholarships-detail.aspx?lang=en&pagesize=2191&curPage=1&studyLevelfilter=High School&scholarshipId=2014333,High School,N/A,
Missouri State Grants and Scholarships,/Toolkit/Training/find-scholarships-detail.aspx?lang=en&pagesize=2191&curPage=1&studyLevelfilter=High School&scholarshipId=2014334,High School,N/A,
Montana State Grants and Scholarships,/Toolkit/Training/find-scholarships-detail.aspx?lang=en&pagesize=2191&curPage=1&studyLevelfilter=High School&scholarshipId=2014335,High School,N/A,
Morris L. and Rebecca Ziskind Memorial Scholarship,/Toolkit/Training/find-scholarships-detail.aspx?lang=en&pagesize=2191&curPage=1&studyLevelfilter=High School&scholarshipId=9994562,High School,"$1,000",
Mu Alpha Theta Summer Grants,/Toolkit/Training/find-scholarships-detail.aspx?lang=en&pagesize=2191&curPage=1&studyLevelfilter=High School&scholarshipId=9993205,High School,"$2,000",
NALS of Michigan Scholarship,/Toolkit/Training/find-scholarships-detail.aspx?lang=en&pagesize=2191&curPage=1&studyLevelfilter=High School&scholarshipId=9993171,High School,"$2,500",
National Geographic Level II Grants Program - Conservation,/Toolkit/Training/find-scholarships-detail.aspx?lang=en&pagesize=2191&curPage=1&studyLevelfilter=High School&scholarshipId=9992904,High School,"$100,000",
Navy League Foundation Scholarship,/Toolkit/Training/find-scholarships-detail.aspx?lang=en&pagesize=2191&curPage=1&studyLevelfilter=High School&scholarshipId=9992654,High School,"$20,000",
Nebraska State Grants and Scholarships,/Toolkit/Training/find-scholarships-detail.aspx?lang=en&pagesize=2191&curPage=1&studyLevelfilter=High School&scholarshipId=2014336,High School,N/A,
Nevada State Grants and Scholarships,/Toolkit/Training/find-scholarships-detail.aspx?lang=en&pagesize=2191&curPage=1&studyLevelfilter=High School&scholarshipId=2014337,High School,N/A,
New Hampshire State Grants and Scholarships,/Toolkit/Training/find-scholarships-detail.aspx?lang=en&pagesize=2191&curPage=1&studyLevelfilter=High School&scholarshipId=2014338,High School,N/A,
New Jersey State Grants and Scholarships,/Toolkit/Training/find-scholarships-detail.aspx?lang=en&pagesize=2191&curPage=1&studyLevelfilter=High School&scholarshipId=2014339,High School,N/A,
New Mexico State Grants and Scholarships,/Toolkit/Training/find-scholarships-detail.aspx?lang=en&pagesize=2191&curPage=1&studyLevelfilter=High School&scholarshipId=2014340,High School,N/A,
New York State Grants and Scholarships,/Toolkit/Training/find-scholarships-detail.aspx?lang=en&pagesize=2191&curPage=1&studyLevelfilter=High School&scholarshipId=2014341,High School,N/A,
NLBRA/Wrangler Academic Scholarships,/Toolkit/Training/find-scholarships-detail.aspx?lang=en&pagesize=2191&curPage=1&studyLevelfilter=High School&scholarshipId=9992827,High School,"$1,000",
NMFA Military Spouse Scholarships,/Toolkit/Training/find-scholarships-detail.aspx?lang=en&pagesize=2191&curPage=1&studyLevelfilter=High School&scholarshipId=9992820,High School,N/A,
NMSC National Achievement Scholarship Program,/Toolkit/Training/find-scholarships-detail.aspx?lang=en&pagesize=2191&curPage=1&studyLevelfilter=High School&scholarshipId=9992822,High School,N/A,
North Carolina State Grants and Scholarships,/Toolkit/Training/find-scholarships-detail.aspx?lang=en&pagesize=2191&curPage=1&studyLevelfilter=High School&scholarshipId=2014342,High School,N/A,
North Dakota State Grants and Scholarships,/Toolkit/Training/find-scholarships-detail.aspx?lang=en&pagesize=2191&curPage=1&studyLevelfilter=High School&scholarshipId=2014343,High School,N/A,
Novus Biologicals Scholarship Program,/Toolkit/Training/find-scholarships-detail.aspx?lang=en&pagesize=2191&curPage=1&studyLevelfilter=High School&scholarshipId=9992054,High School,"$1,500",
NSHSS Ambassador Awards,/Toolkit/Training/find-scholarships-detail.aspx?lang=en&pagesize=2191&curPage=1&studyLevelfilter=High School&scholarshipId=9992760,High School,"$1,000",
NSHSS Foundation Emerging Leader Scholarship,/Toolkit/Training/find-scholarships-detail.aspx?lang=en&pagesize=2191&curPage=1&studyLevelfilter=High School&scholarshipId=9992753,High School,"$1,000",
O.K. and Lillian B. Winn Scholarship,/Toolkit/Training/find-scholarships-detail.aspx?lang=en&pagesize=2191&curPage=1&studyLevelfilter=High School&scholarshipId=9995216,High School,N/A,
OAB Kids Scholarships,/Toolkit/Training/find-scholarships-detail.aspx?lang=en&pagesize=2191&curPage=1&studyLevelfilter=High School&scholarshipId=9992034,High School,"$2,500",
OGIA President’s Scholarship,/Toolkit/Training/find-scholarships-detail.aspx?lang=en&pagesize=2191&curPage=1&studyLevelfilter=High School&scholarshipId=9992029,High School,"$3,000",
Ohio State Grants and Scholarships,/Toolkit/Training/find-scholarships-detail.aspx?lang=en&pagesize=2191&curPage=1&studyLevelfilter=High School&scholarshipId=2014344,High School,N/A,
Oklahoma State Grants and Scholarships,/Toolkit/Training/find-scholarships-detail.aspx?lang=en&pagesize=2191&curPage=1&studyLevelfilter=High School&scholarshipId=2014345,High School,N/A,
Operation Jump Start Scholars,/Toolkit/Training/find-scholarships-detail.aspx?lang=en&pagesize=2191&curPage=1&studyLevelfilter=High School&scholarshipId=9991974,High School,N/A,
OptimizeMyFirm Legal Marketing Scholarship,/Toolkit/Training/find-scholarships-detail.aspx?lang=en&pagesize=2191&curPage=1&studyLevelfilter=High School&scholarshipId=9991966,High School,$500,
Oregon State Grants and Scholarships,/Toolkit/Training/find-scholarships-detail.aspx?lang=en&pagesize=2191&curPage=1&studyLevelfilter=High School&scholarshipId=2014346,High School,N/A,
Organization of Chinese Americans Scholarships,/Toolkit/Training/find-scholarships-detail.aspx?lang=en&pagesize=2191&curPage=1&studyLevelfilter=High School&scholarshipId=9992037,High School,N/A,
Out to Innovate™ Scholarships - BHE Foundation Scholarships,/Toolkit/Training/find-scholarships-detail.aspx?lang=en&pagesize=2191&curPage=1&studyLevelfilter=High School&scholarshipId=9991888,High School,"$5,000",
Paul B. & Aline Flynn Scholarship Fund,/Toolkit/Training/find-scholarships-detail.aspx?lang=en&pagesize=2191&curPage=1&studyLevelfilter=High School&scholarshipId=9997313,High School,"$2,950",
Paul D. Good Memorial Scholarship,/Toolkit/Training/find-scholarships-detail.aspx?lang=en&pagesize=2191&curPage=1&studyLevelfilter=High School&scholarshipId=9995266,High School,N/A,
Peace Dissertation Prize Grant,/Toolkit/Training/find-scholarships-detail.aspx?lang=en&pagesize=2191&curPage=1&studyLevelfilter=High School&scholarshipId=9989734,High School,"$1,000",
Pennsylvania Engineering Foundation (PEF) Grants: Undergraduate,/Toolkit/Training/find-scholarships-detail.aspx?lang=en&pagesize=2191&curPage=1&studyLevelfilter=High School&scholarshipId=9991521,High School,"$1,000",
Pennsylvania State Grants and Scholarships,/Toolkit/Training/find-scholarships-detail.aspx?lang=en&pagesize=2191&curPage=1&studyLevelfilter=High School&scholarshipId=2014347,High School,N/A,
Peter J. and Rose Ann Kowalski Scholarship,/Toolkit/Training/find-scholarships-detail.aspx?lang=en&pagesize=2191&curPage=1&studyLevelfilter=High School&scholarshipId=9995248,High School,N/A,
Phil Kozel Memorial Scholarship,/Toolkit/Training/find-scholarships-detail.aspx?lang=en&pagesize=2191&curPage=1&studyLevelfilter=High School&scholarshipId=9992030,High School,"$2,000",
Phoenix Pride Scholarship Program,/Toolkit/Training/find-scholarships-detail.aspx?lang=en&pagesize=2191&curPage=1&studyLevelfilter=High School&scholarshipId=9998683,High School,N/A,
Phoenix Pride Scholarship Program,/Toolkit/Training/find-scholarships-detail.aspx?lang=en&pagesize=2191&curPage=1&studyLevelfilter=High School&scholarshipId=9991388,High School,N/A,
Planning Systems Incorporated and Engineering Scholarship,/Toolkit/Training/find-scholarships-detail.aspx?lang=en&pagesize=2191&curPage=1&studyLevelfilter=High School&scholarshipId=9992653,High School,"$10,000",
Portfolio Award,/Toolkit/Training/find-scholarships-detail.aspx?lang=en&pagesize=2191&curPage=1&studyLevelfilter=High School&scholarshipId=9999736,High School,"$1,000",
Power to Continue Learning Scholarships,/Toolkit/Training/find-scholarships-detail.aspx?lang=en&pagesize=2191&curPage=1&studyLevelfilter=High School&scholarshipId=9998437,High School,"$1,000",
PSAI Scholarship Fund,/Toolkit/Training/find-scholarships-detail.aspx?lang=en&pagesize=2191&curPage=1&studyLevelfilter=High School&scholarshipId=9991313,High School,"$5,000",
Public University Senior and Master's Program Scholarships,/Toolkit/Training/find-scholarships-detail.aspx?lang=en&pagesize=2191&curPage=1&studyLevelfilter=High School&scholarshipId=9998675,High School,"$2,000",
R&D Systems Scholarship,/Toolkit/Training/find-scholarships-detail.aspx?lang=en&pagesize=2191&curPage=1&studyLevelfilter=High School&scholarshipId=9991115,High School,"$1,500",
Ralph Burkhardt Scholarship Fund,/Toolkit/Training/find-scholarships-detail.aspx?lang=en&pagesize=2191&curPage=1&studyLevelfilter=High School&scholarshipId=9989199,High School,$300,
Rena Uhlig Trust Scholarship,/Toolkit/Training/find-scholarships-detail.aspx?lang=en&pagesize=2191&curPage=1&studyLevelfilter=High School&scholarshipId=9995219,High School,N/A,
Rhode Island State Grants and Scholarships,/Toolkit/Training/find-scholarships-detail.aspx?lang=en&pagesize=2191&curPage=1&studyLevelfilter=High School&scholarshipId=2014348,High School,N/A,
Rick Smith Memorial Scholarship,/Toolkit/Training/find-scholarships-detail.aspx?lang=en&pagesize=2191&curPage=1&studyLevelfilter=High School&scholarshipId=9995224,High School,N/A,
Robert A. Kleckner Scholarship Fund,/Toolkit/Training/find-scholarships-detail.aspx?lang=en&pagesize=2191&curPage=1&studyLevelfilter=High School&scholarshipId=9997311,High School,"$2,300",
Robert B. And Dorothy Pence Scholarship Fund,/Toolkit/Training/find-scholarships-detail.aspx?lang=en&pagesize=2191&curPage=1&studyLevelfilter=High School&scholarshipId=9997312,High School,"$1,500",
Robert C. & Margaret A. Schikora Scholarship Fund,/Toolkit/Training/find-scholarships-detail.aspx?lang=en&pagesize=2191&curPage=1&studyLevelfilter=High School&scholarshipId=9997310,High School,"$1,300",
Robert L. and Marcella C. Jablonski Family Scholarship,/Toolkit/Training/find-scholarships-detail.aspx?lang=en&pagesize=2191&curPage=1&studyLevelfilter=High School&scholarshipId=9995254,High School,N/A,
Roman and Patricia Badura Scholarship,/Toolkit/Training/find-scholarships-detail.aspx?lang=en&pagesize=2191&curPage=1&studyLevelfilter=High School&scholarshipId=9995285,High School,N/A,
Ron Hanson Collegiate Leader Scholarship,/Toolkit/Training/find-scholarships-detail.aspx?lang=en&pagesize=2191&curPage=1&studyLevelfilter=High School&scholarshipId=9992637,High School,"$1,500",
Ron Setlik Memorial Scholarship,/Toolkit/Training/find-scholarships-detail.aspx?lang=en&pagesize=2191&curPage=1&studyLevelfilter=High School&scholarshipId=9995225,High School,N/A,
Russell and Mabel Geer Scholarship,/Toolkit/Training/find-scholarships-detail.aspx?lang=en&pagesize=2191&curPage=1&studyLevelfilter=High School&scholarshipId=9995269,High School,N/A,
S.N. (Bud) and Gloria Wolbach Scholarship,/Toolkit/Training/find-scholarships-detail.aspx?lang=en&pagesize=2191&curPage=1&studyLevelfilter=High School&scholarshipId=9995215,High School,N/A,
Samsung American Legion Scholarship,/Toolkit/Training/find-scholarships-detail.aspx?lang=en&pagesize=2191&curPage=1&studyLevelfilter=High School&scholarshipId=9999250,High School,"$1,250",
Science History Institute Travel Grants,/Toolkit/Training/find-scholarships-detail.aspx?lang=en&pagesize=2191&curPage=1&studyLevelfilter=High School&scholarshipId=9990776,High School,N/A,
Scott Brownlee Memorial Scholarship,/Toolkit/Training/find-scholarships-detail.aspx?lang=en&pagesize=2191&curPage=1&studyLevelfilter=High School&scholarshipId=9993223,High School,"$1,000",
SEO Optimizers Scholarships,/Toolkit/Training/find-scholarships-detail.aspx?lang=en&pagesize=2191&curPage=1&studyLevelfilter=High School&scholarshipId=9990747,High School,$500,
Sharon and Lynos Rerucha / Big Brothers Big Sisters Scholarship,/Toolkit/Training/find-scholarships-detail.aspx?lang=en&pagesize=2191&curPage=1&studyLevelfilter=High School&scholarshipId=9995231,High School,N/A,
Shigeo and Winifred Ito Scholarship Fund,/Toolkit/Training/find-scholarships-detail.aspx?lang=en&pagesize=2191&curPage=1&studyLevelfilter=High School&scholarshipId=9994902,High School,N/A,
SMA Foundation Scholarship Program,/Toolkit/Training/find-scholarships-detail.aspx?lang=en&pagesize=2191&curPage=1&studyLevelfilter=High School&scholarshipId=9990173,High School,"$2,500",
SMARTTRACK® College Funding Scholarship for NSHSS Members,/Toolkit/Training/find-scholarships-detail.aspx?lang=en&pagesize=2191&curPage=1&studyLevelfilter=High School&scholarshipId=9992735,High School,"$2,500",
Soldotna Chamber of Commerce/Vera Howarth Memorial Scholarship,/Toolkit/Training/find-scholarships-detail.aspx?lang=en&pagesize=2191&curPage=1&studyLevelfilter=High School&scholarshipId=9990226,High School,"$19,000",
South Carolina State Grants and Scholarships,/Toolkit/Training/find-scholarships-detail.aspx?lang=en&pagesize=2191&curPage=1&studyLevelfilter=High School&scholarshipId=2014349,High School,N/A,
South Dakota State Grants and Scholarships,/Toolkit/Training/find-scholarships-detail.aspx?lang=en&pagesize=2191&curPage=1&studyLevelfilter=High School&scholarshipId=2014350,High School,N/A,
Southwest Florida Deputy Sheriffs Association Fund,/Toolkit/Training/find-scholarships-detail.aspx?lang=en&pagesize=2191&curPage=1&studyLevelfilter=High School&scholarshipId=9997308,High School,"$1,500",
Southwest Ohio Environmental Horticulture Association (SOEHA) Lloyd,/Toolkit/Training/find-scholarships-detail.aspx?lang=en&pagesize=2191&curPage=1&studyLevelfilter=High School&scholarshipId=9992031,High School,$500,
Southwire SkillPointe Scholarship 12 for Life,/Toolkit/Training/find-scholarships-detail.aspx?lang=en&pagesize=2191&curPage=1&studyLevelfilter=High School&scholarshipId=2015476,High School,"$10,000",
St. James Armenian Apostolic Church Scholarships,/Toolkit/Training/find-scholarships-detail.aspx?lang=en&pagesize=2191&curPage=1&studyLevelfilter=High School&scholarshipId=9990927,High School,N/A,
Stronger Together Hawaii Scholarship Fund,/Toolkit/Training/find-scholarships-detail.aspx?lang=en&pagesize=2191&curPage=1&studyLevelfilter=High School&scholarshipId=9994782,High School,N/A,
Student Video Scholarship,/Toolkit/Training/find-scholarships-detail.aspx?lang=en&pagesize=2191&curPage=1&studyLevelfilter=High School&scholarshipId=9996238,High School,$500,
Tarkanian Teacher Education Academy at Clark High School Scholarship,/Toolkit/Training/find-scholarships-detail.aspx?lang=en&pagesize=2191&curPage=1&studyLevelfilter=High School&scholarshipId=9991172,High School,N/A,
TeamMates Mentoring Program Scholarship,/Toolkit/Training/find-scholarships-detail.aspx?lang=en&pagesize=2191&curPage=1&studyLevelfilter=High School&scholarshipId=9995221,High School,N/A,
Telecommunications Association of Michigan - Category II - IV,/Toolkit/Training/find-scholarships-detail.aspx?lang=en&pagesize=2191&curPage=1&studyLevelfilter=High School&scholarshipId=9997951,High School,N/A,
Tennessee State Grants and Scholarships,/Toolkit/Training/find-scholarships-detail.aspx?lang=en&pagesize=2191&curPage=1&studyLevelfilter=High School&scholarshipId=2014351,High School,N/A,
Texas State Grants and Scholarships,/Toolkit/Training/find-scholarships-detail.aspx?lang=en&pagesize=2191&curPage=1&studyLevelfilter=High School&scholarshipId=2014352,High School,N/A,
The Alliance/ACT-SO Journey Award,/Toolkit/Training/find-scholarships-detail.aspx?lang=en&pagesize=2191&curPage=1&studyLevelfilter=High School&scholarshipId=9999742,High School,"$6,000",
The Anthony A. Martino Memorial Scholarship,/Toolkit/Training/find-scholarships-detail.aspx?lang=en&pagesize=2191&curPage=1&studyLevelfilter=High School&scholarshipId=9995457,High School,"$10,000",
The College Bound Scholarship,/Toolkit/Training/find-scholarships-detail.aspx?lang=en&pagesize=2191&curPage=1&studyLevelfilter=High School&scholarshipId=9989213,High School,N/A,
The Direct Energy Live Brighter Scholarship,/Toolkit/Training/find-scholarships-detail.aspx?lang=en&pagesize=2191&curPage=1&studyLevelfilter=High School&scholarshipId=9996255,High School,"$2,500",
The Intention Co. Learner Scholarship,/Toolkit/Training/find-scholarships-detail.aspx?lang=en&pagesize=2191&curPage=1&studyLevelfilter=High School&scholarshipId=9994441,High School,$500,
The Lawrence Alan Spiegel Remembrance Scholarship,/Toolkit/Training/find-scholarships-detail.aspx?lang=en&pagesize=2191&curPage=1&studyLevelfilter=High School&scholarshipId=9994634,High School,"$1,000",
"The Margie Klein ""Paper Plate"" Scholarships",/Toolkit/Training/find-scholarships-detail.aspx?lang=en&pagesize=2191&curPage=1&studyLevelfilter=High School&scholarshipId=9998412,High School,N/A,
The New York Times College Scholarship Program,/Toolkit/Training/find-scholarships-detail.aspx?lang=en&pagesize=2191&curPage=1&studyLevelfilter=High School&scholarshipId=9992515,High School,"$15,000",
The P.E.O. Educational Loan Fund (ELF),/Toolkit/Training/find-scholarships-detail.aspx?lang=en&pagesize=2191&curPage=1&studyLevelfilter=High School&scholarshipId=9991517,High School,"$12,000",
The Purpose Challenge,/Toolkit/Training/find-scholarships-detail.aspx?lang=en&pagesize=2191&curPage=1&studyLevelfilter=High School&scholarshipId=9991223,High School,"$5,000",
The Stueven Charitable Foundation Scholarship,/Toolkit/Training/find-scholarships-detail.aspx?lang=en&pagesize=2191&curPage=1&studyLevelfilter=High School&scholarshipId=9995222,High School,N/A,
The Toolsy Scholarship: The Importance of Craftship,/Toolkit/Training/find-scholarships-detail.aspx?lang=en&pagesize=2191&curPage=1&studyLevelfilter=High School&scholarshipId=9989925,High School,$500,
The YFU Americas Scholarship,/Toolkit/Training/find-scholarships-detail.aspx?lang=en&pagesize=2191&curPage=1&studyLevelfilter=High School&scholarshipId=9988974,High School,"$1,000",
Theatre Guild Scholarship,/Toolkit/Training/find-scholarships-detail.aspx?lang=en&pagesize=2191&curPage=1&studyLevelfilter=High School&scholarshipId=9989948,High School,N/A,
Third City Sertoma Club-Chuck Renter Scholarship,/Toolkit/Training/find-scholarships-detail.aspx?lang=en&pagesize=2191&curPage=1&studyLevelfilter=High School&scholarshipId=9995220,High School,N/A,
Tocris Scholarship Program,/Toolkit/Training/find-scholarships-detail.aspx?lang=en&pagesize=2191&curPage=1&studyLevelfilter=High School&scholarshipId=9989927,High School,"$1,500",
Travis Roy Foundation Individual Grants,/Toolkit/Training/find-scholarships-detail.aspx?lang=en&pagesize=2191&curPage=1&studyLevelfilter=High School&scholarshipId=9989900,High School,N/A,
Triadex Scholarship,/Toolkit/Training/find-scholarships-detail.aspx?lang=en&pagesize=2191&curPage=1&studyLevelfilter=High School&scholarshipId=9989897,High School,$250,
Tsutako Curo Memorial Scholarship,/Toolkit/Training/find-scholarships-detail.aspx?lang=en&pagesize=2191&curPage=1&studyLevelfilter=High School&scholarshipId=9991170,High School,"$2,000",
U.S. News Path to College Scholarship,/Toolkit/Training/find-scholarships-detail.aspx?lang=en&pagesize=2191&curPage=1&studyLevelfilter=High School&scholarshipId=9989725,High School,N/A,
United Armed Forces Association Scholarship,/Toolkit/Training/find-scholarships-detail.aspx?lang=en&pagesize=2191&curPage=1&studyLevelfilter=High School&scholarshipId=9992647,High School,"$10,000",
United States Geospatial Intelligence Foundation High School,/Toolkit/Training/find-scholarships-detail.aspx?lang=en&pagesize=2191&curPage=1&studyLevelfilter=High School&scholarshipId=9989743,High School,"$2,000",
USS Mahan Scholarship,/Toolkit/Training/find-scholarships-detail.aspx?lang=en&pagesize=2191&curPage=1&studyLevelfilter=High School&scholarshipId=9992646,High School,"$10,000",
USTA Serves College Education Scholarship,/Toolkit/Training/find-scholarships-detail.aspx?lang=en&pagesize=2191&curPage=1&studyLevelfilter=High School&scholarshipId=9989716,High School,"$8,000",
Utah State Grants and Scholarships,/Toolkit/Training/find-scholarships-detail.aspx?lang=en&pagesize=2191&curPage=1&studyLevelfilter=High School&scholarshipId=2014353,High School,N/A,
Vermont State Grants and Scholarships,/Toolkit/Training/find-scholarships-detail.aspx?lang=en&pagesize=2191&curPage=1&studyLevelfilter=High School&scholarshipId=2014354,High School,N/A,
Virginia State Grants and Scholarships,/Toolkit/Training/find-scholarships-detail.aspx?lang=en&pagesize=2191&curPage=1&studyLevelfilter=High School&scholarshipId=2014355,High School,N/A,
Vivian Watts Scholarship,/Toolkit/Training/find-scholarships-detail.aspx?lang=en&pagesize=2191&curPage=1&studyLevelfilter=High School&scholarshipId=9995217,High School,N/A,
W. Philip Braender and Nancy Coleman Braender Scholarship Fund,/Toolkit/Training/find-scholarships-detail.aspx?lang=en&pagesize=2191&curPage=1&studyLevelfilter=High School&scholarshipId=9995067,High School,"$3,000",APRIL
WAEPA Scholarship Program,/Toolkit/Training/find-scholarships-detail.aspx?lang=en&pagesize=2191&curPage=1&studyLevelfilter=High School&scholarshipId=9989022,High School,"$1,250",
Washington State Grants and Scholarships,/Toolkit/Training/find-scholarships-detail.aspx?lang=en&pagesize=2191&curPage=1&studyLevelfilter=High School&scholarshipId=2014356,High School,N/A,
Wells Fargo Point Scholarship,/Toolkit/Training/find-scholarships-detail.aspx?lang=en&pagesize=2191&curPage=1&studyLevelfilter=High School&scholarshipId=9991324,High School,"$2,400",
Wesley C. Cameron Scholarship,/Toolkit/Training/find-scholarships-detail.aspx?lang=en&pagesize=2191&curPage=1&studyLevelfilter=High School&scholarshipId=9992661,High School,"$10,000",
West Virginia State Grants and Scholarships,/Toolkit/Training/find-scholarships-detail.aspx?lang=en&pagesize=2191&curPage=1&studyLevelfilter=High School&scholarshipId=2014357,High School,N/A,
Willamette Chapter Scholarship Awards,/Toolkit/Training/find-scholarships-detail.aspx?lang=en&pagesize=2191&curPage=1&studyLevelfilter=High School&scholarshipId=9991942,High School,"$1,500",
William L. Graddy Law School Scholarship Fund,/Toolkit/Training/find-scholarships-detail.aspx?lang=en&pagesize=2191&curPage=1&studyLevelfilter=High School&scholarshipId=9997306,High School,"$1,000",
Wisconsin State Grants and Scholarships,/Toolkit/Training/find-scholarships-detail.aspx?lang=en&pagesize=2191&curPage=1&studyLevelfilter=High School&scholarshipId=2014358,High School,N/A,
Wisconsin Teacher of the Visually Impaired Loan,/Toolkit/Training/find-scholarships-detail.aspx?lang=en&pagesize=2191&curPage=1&studyLevelfilter=High School&scholarshipId=9990077,High School,$250,
Wyman and Cleo Woodyard Family Scholarship,/Toolkit/Training/find-scholarships-detail.aspx?lang=en&pagesize=2191&curPage=1&studyLevelfilter=High School&scholarshipId=9995214,High School,N/A,
Wyoming State Grants and Scholarships,/Toolkit/Training/find-scholarships-detail.aspx?lang=en&pagesize=2191&curPage=1&studyLevelfilter=High School&scholarshipId=2014360,High School,N/A,
Xavier University ROTC Scholarships - Air Force ROTC,/Toolkit/Training/find-scholarships-detail.aspx?lang=en&pagesize=2191&curPage=1&studyLevelfilter=High School&scholarshipId=9989010,High School,N/A,
Xavier University ROTC Scholarships - Army ROTC,/Toolkit/Training/find-scholarships-detail.aspx?lang=en&pagesize=2191&curPage=1&studyLevelfilter=High School&scholarshipId=9989009,High School,$300,
Young Christian Leaders Scholarship Program,/Toolkit/Training/find-scholarships-detail.aspx?lang=en&pagesize=2191&curPage=1&studyLevelfilter=High School&scholarshipId=9997918,High School,"$1,000",
Your Skin Is In College Ambassador Scholarships,/Toolkit/Training/find-scholarships-detail.aspx?lang=en&pagesize=2191&curPage=1&studyLevelfilter=High School&scholarshipId=9994528,High School,"$1,000",
Yuri and Tatsuo Nakata,/Toolkit/Training/find-scholarships-detail.aspx?lang=en&pagesize=2191&curPage=1&studyLevelfilter=High School&scholarshipId=2015490,High School,"$5,000",
Zella Long Beckman Memorial Scholarship,/Toolkit/Training/find-scholarships-detail.aspx?lang=en&pagesize=2191&curPage=1&studyLevelfilter=High School&scholarshipId=9995283,High School,N/A,
